# Blender 5.1.2
# www.blender.org
mtllib wear_boot.mtl
o wear_boot
v -0.508085 2.590547 0.056722
v -0.482222 2.579839 0.058455
v -0.456287 2.590512 0.058282
v -0.456113 2.642129 0.053678
v -0.481976 2.652837 0.051944
v -0.507911 2.642164 0.052117
v -0.518726 2.616363 0.054096
v -0.509601 2.601373 0.187766
v -0.483737 2.590663 0.189476
v -0.457829 2.601388 0.190038
v -0.457723 2.653136 0.187268
v -0.483587 2.663846 0.185558
v -0.509495 2.653121 0.184996
v -0.520270 2.627243 0.185911
v -0.519703 2.604645 0.320567
v -0.493901 2.593962 0.323154
v -0.468123 2.604744 0.325569
v -0.468183 2.656565 0.325155
v -0.493986 2.667247 0.322568
v -0.519763 2.656465 0.320153
v -0.530416 2.630534 0.319324
v -0.537874 2.603240 0.474368
v -0.512143 2.592556 0.477583
v -0.486488 2.603335 0.481075
v -0.486671 2.655153 0.481743
v -0.512402 2.665837 0.478528
v -0.538057 2.655057 0.475036
v -0.548608 2.629129 0.473313
v -0.562772 2.600176 0.648518
v -0.537021 2.589496 0.651577
v -0.511420 2.600264 0.655477
v -0.511784 2.652045 0.657504
v -0.537535 2.662725 0.654445
v -0.563136 2.651957 0.650546
v -0.573590 2.626048 0.648091
v -0.587298 2.588131 0.841350
v -0.561292 2.577644 0.840811
v -0.535479 2.588573 0.841709
v -0.535945 2.640277 0.845176
v -0.561951 2.650764 0.845715
v -0.587763 2.639834 0.844817
v -0.598263 2.613891 0.843009
v -0.564448 2.573790 1.040984
v -0.538742 2.563662 1.036170
v -0.513176 2.574888 1.033533
v -0.513517 2.626442 1.038786
v -0.539223 2.636570 1.043600
v -0.564788 2.625344 1.046237
v -0.575237 2.599339 1.045153
v -0.530030 2.548881 1.231567
v -0.505182 2.539298 1.222774
v -0.480159 2.550869 1.217623
v -0.479735 2.601937 1.226417
v -0.504584 2.611520 1.235210
v -0.529607 2.599950 1.240360
v -0.540147 2.574004 1.238851
v -0.463777 2.512361 1.396727
v -0.441425 2.503963 1.382014
v -0.418538 2.516548 1.371799
v -0.417245 2.567204 1.382654
v -0.439597 2.575601 1.397366
v -0.462484 2.563016 1.407582
v -0.472500 2.536821 1.407317
v -0.363969 2.481696 1.525937
v -0.345605 2.474544 1.505982
v -0.326628 2.488351 1.490626
v -0.325149 2.538948 1.501727
v -0.343513 2.546100 1.521682
v -0.362490 2.532293 1.537038
v -0.370963 2.505616 1.538801
v -0.224970 2.452971 1.635321
v -0.213427 2.447139 1.610435
v -0.201121 2.462236 1.590256
v -0.199280 2.512764 1.601618
v -0.210823 2.518595 1.626504
v -0.223129 2.503499 1.646683
v -0.228989 2.476316 1.650336
v -0.065116 2.436769 1.677672
v -0.063155 2.431916 1.650119
v -0.060307 2.447981 1.627307
v -0.058165 2.498477 1.638753
v -0.060126 2.503330 1.666306
v -0.062975 2.487265 1.689119
v -0.065041 2.459695 1.693826
v 0.090783 2.433686 1.662482
v 0.081652 2.428767 1.636425
v 0.072670 2.444759 1.615209
v 0.073032 2.495245 1.626895
v 0.082164 2.500165 1.652952
v 0.091145 2.484172 1.674169
v 0.094715 2.456636 1.678116
v 0.248233 2.465024 1.552578
v 0.228509 2.458053 1.533898
v 0.207847 2.471784 1.520816
v 0.205584 2.521761 1.534331
v 0.225308 2.528732 1.553011
v 0.245969 2.515002 1.566093
v 0.255465 2.488613 1.565914
v 0.323163 2.517573 1.389177
v 0.298818 2.508093 1.378976
v 0.273524 2.519309 1.374397
v 0.271230 2.569269 1.387967
v 0.295574 2.578749 1.398168
v 0.320869 2.567534 1.402747
v 0.332296 2.542194 1.399023
v 0.351401 2.558242 1.227553
v 0.326165 2.547873 1.221059
v 0.300358 2.558576 1.218607
v 0.298981 2.609452 1.228367
v 0.324217 2.619822 1.234862
v 0.350024 2.609118 1.237314
v 0.361284 2.583611 1.234286
v 0.379500 2.580772 1.069742
v 0.353822 2.569752 1.067343
v 0.327731 2.580037 1.067529
v 0.326733 2.631472 1.073768
v 0.352412 2.642493 1.076166
v 0.378503 2.632208 1.075980
v 0.389723 2.606642 1.073319
v 0.361272 2.600555 0.875693
v 0.335991 2.588923 0.879176
v 0.310251 2.598666 0.884573
v 0.309145 2.650270 0.889191
v 0.334426 2.661902 0.885707
v 0.360165 2.652159 0.880311
v 0.371285 2.626748 0.876163
v 0.316546 2.612365 0.704752
v 0.291819 2.600556 0.710726
v 0.266508 2.610162 0.718052
v 0.265100 2.661862 0.721316
v 0.289828 2.673671 0.715342
v 0.315138 2.664064 0.708016
v 0.326205 2.638670 0.703630
v 0.271857 2.619291 0.541968
v 0.247249 2.607464 0.548380
v 0.221910 2.617075 0.555600
v 0.220146 2.668830 0.557551
v 0.244755 2.680657 0.551139
v 0.270094 2.671046 0.543919
v 0.281320 2.645628 0.540120
v 0.233217 2.621281 0.401050
v 0.208369 2.609471 0.406494
v 0.182668 2.619107 0.412255
v 0.180611 2.670882 0.413021
v 0.205459 2.682693 0.407577
v 0.231160 2.673057 0.401816
v 0.242658 2.647619 0.399113
v 0.211274 2.621011 0.272581
v 0.186159 2.609206 0.276635
v 0.160162 2.618847 0.280847
v 0.158030 2.670623 0.281229
v 0.183145 2.682429 0.277176
v 0.209143 2.672788 0.272963
v 0.220794 2.647348 0.271060
v 0.193232 2.621439 0.154512
v 0.167938 2.609626 0.157192
v 0.141717 2.619256 0.159700
v 0.139482 2.671029 0.159284
v 0.164776 2.682842 0.156603
v 0.190997 2.673211 0.154095
v 0.202784 2.647777 0.153229
v 0.187851 2.618336 0.042538
v 0.162476 2.606471 0.043915
v 0.136100 2.616003 0.043902
v 0.133682 2.667660 0.040544
v 0.159058 2.679525 0.039167
v 0.185434 2.669993 0.039180
v 0.197361 2.644648 0.040576
v 0.188073 2.605856 -0.077106
v 0.162764 2.594131 -0.074188
v 0.136411 2.603713 -0.073649
v 0.133892 2.655154 -0.079396
v 0.159201 2.666879 -0.082314
v 0.185554 2.657297 -0.082852
v 0.197513 2.632021 -0.080695
v 0.171475 2.589427 -0.208164
v 0.146547 2.578107 -0.202082
v 0.120520 2.588038 -0.198828
v 0.117871 2.639339 -0.205657
v 0.142800 2.650659 -0.211739
v 0.168826 2.640728 -0.214993
v 0.180704 2.615365 -0.213512
v 0.139195 2.567776 -0.343814
v 0.116577 2.557538 -0.330767
v 0.092799 2.568521 -0.320739
v 0.089999 2.619751 -0.328023
v 0.112616 2.629990 -0.341069
v 0.136394 2.619007 -0.351098
v 0.147403 2.593237 -0.352235
v 0.053631 2.549119 -0.445975
v 0.038321 2.540571 -0.424086
v 0.021774 2.553226 -0.405308
v 0.018788 2.604414 -0.412817
v 0.034098 2.612962 -0.434706
v 0.050645 2.600307 -0.453484
v 0.058736 2.573862 -0.458152
v -0.058128 2.533719 -0.498196
v -0.064728 2.526337 -0.471956
v -0.072641 2.540148 -0.448865
v -0.075811 2.591312 -0.456466
v -0.069211 2.598693 -0.482706
v -0.061298 2.584882 -0.505797
v -0.056707 2.557969 -0.512213
v -0.187146 2.524381 -0.512718
v -0.184740 2.517650 -0.485598
v -0.183469 2.532124 -0.461610
v -0.186210 2.583318 -0.469169
v -0.188617 2.590049 -0.496289
v -0.189888 2.575575 -0.520277
v -0.189279 2.548374 -0.527082
v -0.322692 2.523041 -0.475140
v -0.310022 2.516313 -0.451041
v -0.298100 2.530789 -0.430187
v -0.299907 2.581983 -0.438021
v -0.312577 2.588712 -0.462120
v -0.324499 2.574236 -0.482974
v -0.328689 2.547034 -0.488367
v -0.441777 2.537516 -0.370150
v -0.419719 2.529669 -0.354709
v -0.398108 2.542992 -0.342791
v -0.399188 2.594100 -0.351296
v -0.421246 2.601946 -0.366737
v -0.442857 2.588624 -0.378655
v -0.451361 2.561936 -0.380068
v -0.486259 2.560777 -0.226029
v -0.460501 2.551623 -0.219760
v -0.435413 2.563717 -0.216463
v -0.437029 2.615015 -0.223637
v -0.462787 2.624169 -0.229906
v -0.487876 2.612075 -0.233203
v -0.497598 2.585817 -0.231597
v -0.500842 2.577235 -0.071154
v -0.474626 2.567677 -0.068328
v -0.449182 2.579457 -0.067714
v -0.451042 2.630969 -0.073054
v -0.477257 2.640527 -0.075880
v -0.502702 2.628747 -0.076495
v -0.512471 2.602530 -0.074537
v -0.190423 2.563855 -0.516371
v -0.319157 2.562675 -0.481588
v 0.040030 2.586801 -0.454112
v -0.066312 2.572492 -0.502560
v 0.151207 2.624923 -0.229949
v 0.120053 2.604019 -0.360580
v 0.168022 2.653766 0.025316
v 0.168247 2.641195 -0.098186
v 0.193425 2.656506 0.270195
v 0.173973 2.656963 0.145423
v 0.305894 2.647709 0.722356
v 0.217067 2.656734 0.405426
v 0.352563 2.636017 0.896718
v 0.342040 2.594557 1.250353
v 0.312623 2.554037 1.415327
v 0.239725 2.503996 1.566278
v 0.090258 2.475193 1.668290
v -0.058050 2.478496 1.687899
v -0.214308 2.497787 1.647619
v -0.352260 2.521427 1.541128
v -0.452198 2.550985 1.414743
v -0.519425 2.586665 1.250785
v -0.553517 2.637270 0.659008
v -0.579035 2.625414 0.854518
v -0.507643 2.641814 0.316997
v -0.496727 2.634608 0.176351
v -0.495076 2.619776 0.039251
v -0.488581 2.607462 -0.091986
v -0.473549 2.593036 -0.248662
v -0.431026 2.576362 -0.385408
v -0.527068 2.640373 0.477936
v 0.258532 2.654678 0.553541
v -0.555313 2.611382 1.056340
v 0.371242 2.616803 1.090268
v -0.190392 2.690197 -0.527986
v -0.319289 2.694942 -0.492649
v 0.040264 2.713143 -0.465543
v -0.066177 2.698834 -0.514135
v 0.151221 2.745459 -0.229868
v 0.120236 2.730364 -0.371822
v 0.168021 2.759827 0.025292
v 0.168253 2.752088 -0.098092
v 0.193425 2.759840 0.270193
v 0.173971 2.759834 0.145405
v 0.305893 2.759849 0.722354
v 0.217064 2.759845 0.405416
v 0.352552 2.752360 0.896658
v 0.339396 2.712315 1.265212
v 0.307128 2.675320 1.428584
v 0.240094 2.627234 1.588436
v 0.090391 2.588718 1.690856
v -0.058156 2.584925 1.704195
v -0.214511 2.611316 1.664905
v -0.352401 2.644643 1.558372
v -0.444591 2.673850 1.425815
v -0.513429 2.704867 1.265376
v -0.553516 2.759838 0.659007
v -0.579035 2.753048 0.854445
v -0.507642 2.759834 0.316989
v -0.496726 2.759829 0.176325
v -0.495077 2.759828 0.039274
v -0.488584 2.752089 -0.091951
v -0.473581 2.736796 -0.248497
v -0.431239 2.717927 -0.396059
v -0.527068 2.759837 0.477934
v 0.258532 2.759850 0.553541
v -0.555321 2.739659 1.056293
v 0.371250 2.738589 1.090074
v -0.074720 1.905772 -0.407063
v -0.065290 1.194623 -0.505913
v -0.168965 1.904173 -0.409360
v -0.186002 1.193575 -0.497651
v -0.262496 1.904635 -0.370411
v -0.301127 1.188949 -0.445656
v -0.340604 1.909164 -0.304873
v -0.387137 1.186359 -0.353710
v -0.407573 1.906101 -0.207153
v -0.456901 1.181453 -0.241446
v -0.461314 1.899384 -0.093602
v -0.487444 1.179038 -0.121439
v -0.498361 1.889182 0.035172
v -0.505351 1.174167 0.009794
v -0.498040 1.878901 0.161387
v -0.506478 1.170751 0.145217
v -0.449164 1.867999 0.286993
v -0.455166 1.170038 0.278643
v -0.372242 1.856081 0.397257
v -0.390365 1.167305 0.395727
v -0.277882 1.846590 0.479910
v -0.296372 1.164075 0.483075
v -0.169413 1.837091 0.527604
v -0.185353 1.162044 0.540333
v -0.054837 1.830155 0.556173
v -0.062966 1.159900 0.553459
v 0.058336 1.829725 0.552546
v 0.059493 1.156588 0.525252
v 0.169622 1.839884 0.493543
v 0.170071 1.157477 0.471867
v 0.267590 1.858416 0.414010
v 0.267883 1.162231 0.380666
v 0.312709 1.877853 0.307225
v 0.330917 1.170810 0.272203
v 0.325216 1.893743 0.192909
v 0.363570 1.175422 0.143402
v 0.308464 1.899952 0.071082
v 0.354095 1.181583 0.022447
v 0.279507 1.903691 -0.046062
v 0.334390 1.185337 -0.101183
v 0.235943 1.908319 -0.144599
v 0.300223 1.186939 -0.214493
v 0.182447 1.910816 -0.231457
v 0.249574 1.189428 -0.323474
v 0.113442 1.909746 -0.314449
v 0.168848 1.194037 -0.422569
v 0.023081 1.907886 -0.369227
v 0.058908 1.195269 -0.481072
v -0.427757 2.395145 1.201234
v -0.371364 2.366092 1.261539
v -0.288935 2.327148 1.322666
v -0.178199 2.300680 1.371222
v -0.057687 2.288658 1.401325
v 0.060027 2.300313 1.396603
v 0.163257 2.324108 1.347893
v 0.240942 2.357377 1.276444
v 0.289306 2.388589 1.209791
v -0.447767 2.323076 0.707441
v -0.356685 2.249240 0.751221
v -0.155044 2.174261 0.836833
v -0.048518 2.156387 0.858274
v 0.154968 2.180707 0.829480
v 0.241331 2.233391 0.788118
v -0.258736 2.201916 0.797881
v 0.057002 2.157961 0.856416
v 0.301260 2.328556 0.745600
v 0.294817 2.226275 0.374251
v 0.256070 2.141076 0.495063
v 0.172158 2.079761 0.572479
v 0.063875 2.056570 0.610328
v -0.049434 2.060237 0.606105
v -0.158107 2.075154 0.571131
v -0.263170 2.105163 0.510622
v -0.350388 2.146241 0.430435
v -0.434799 2.198102 0.304430
v -0.515389 2.239243 0.039609
v -0.492914 2.247851 -0.095100
v -0.447862 2.247947 -0.227240
v -0.382117 2.238806 -0.345554
v -0.292182 2.234877 -0.418419
v -0.183527 2.236856 -0.443262
v -0.494727 2.225144 0.175574
v -0.078293 2.242218 -0.423701
v 0.026262 2.247616 -0.376065
v 0.106279 2.256793 -0.299747
v 0.167320 2.265799 -0.206447
v 0.206228 2.265948 -0.110674
v 0.253045 2.268955 -0.002542
v 0.281420 2.265272 0.107313
v 0.294723 2.250575 0.230673
v 0.265875 2.012559 0.442551
v 0.167627 1.973554 0.520618
v 0.058075 1.957836 0.563116
v -0.054001 1.958451 0.568962
v -0.163949 1.964747 0.537556
v -0.268333 1.982765 0.475190
v -0.349157 2.008653 0.391359
v -0.424009 2.039391 0.285838
v -0.489523 2.059613 0.167847
v -0.503031 2.072428 0.035904
v -0.480996 2.079954 -0.090800
v -0.435692 2.087501 -0.216773
v -0.358901 2.083925 -0.320261
v -0.272368 2.079540 -0.386449
v -0.178344 2.079546 -0.413534
v -0.083472 2.083783 -0.405543
v 0.017463 2.090881 -0.350669
v 0.099380 2.096608 -0.282965
v 0.157004 2.097168 -0.205640
v 0.211597 2.099458 -0.116713
v 0.260780 2.099675 -0.018199
v 0.292638 2.096624 0.090508
v 0.308855 2.084875 0.207303
v 0.305824 2.059631 0.330520
v 0.300517 2.356751 0.935027
v 0.231899 2.288615 0.967671
v 0.149519 2.244531 1.002844
v 0.053339 2.222646 1.025458
v -0.049409 2.219138 1.028106
v -0.154933 2.227774 1.010575
v -0.257928 2.250581 0.976659
v -0.354198 2.292099 0.935073
v -0.441126 2.354641 0.898825
v -0.188368 2.527570 -0.482839
v -0.304745 2.526796 -0.451389
v 0.020684 2.550577 -0.426519
v -0.074438 2.536128 -0.470053
v 0.116564 2.589963 -0.227713
v 0.088859 2.568347 -0.346285
v 0.132664 2.619433 0.021981
v 0.132934 2.606639 -0.100483
v 0.158978 2.621905 0.275794
v 0.138879 2.622494 0.146889
v 0.273542 2.612828 0.736903
v 0.183349 2.622015 0.415094
v 0.319552 2.601200 0.908681
v 0.309156 2.560154 1.248294
v 0.280665 2.519574 1.408929
v 0.214564 2.470028 1.551588
v 0.080083 2.441865 1.643104
v -0.054541 2.445544 1.655631
v -0.199376 2.465068 1.618593
v -0.328809 2.488704 1.518865
v -0.423028 2.518185 1.400140
v -0.486918 2.553771 1.244655
v -0.520160 2.603974 0.667052
v -0.545142 2.592314 0.858121
v -0.473600 2.608661 0.319738
v -0.462380 2.601523 0.174904
v -0.460711 2.586584 0.035774
v -0.454241 2.574053 -0.094624
v -0.439657 2.559199 -0.246649
v -0.402283 2.541498 -0.367557
v -0.193740 2.349536 1.531817
v -0.313561 2.385464 1.451974
v -0.398724 2.431966 1.356147
v -0.458154 2.458667 1.227882
v -0.517455 2.446504 0.874678
v -0.519283 2.441410 0.674926
v -0.516956 2.409634 0.311012
v -0.516029 2.410077 0.165663
v -0.505031 2.412032 0.032042
v -0.490463 2.408246 -0.095917
v -0.454770 2.404296 -0.238835
v -0.395663 2.391617 -0.364243
v -0.297617 2.384752 -0.438910
v -0.184947 2.383744 -0.470424
v -0.071152 2.389911 -0.460880
v 0.031066 2.398237 -0.414265
v 0.114772 2.412332 -0.331524
v 0.164383 2.428585 -0.221780
v 0.198225 2.441759 -0.102774
v 0.218595 2.450122 0.008281
v 0.244421 2.451231 0.128580
v 0.254343 2.446322 0.253284
v 0.272048 2.444943 0.396144
v 0.311330 2.462980 0.725117
v 0.336067 2.463553 0.915243
v 0.315882 2.451027 1.229922
v 0.263710 2.419178 1.356020
v 0.197271 2.372586 1.463861
v 0.077945 2.339345 1.538713
v -0.060276 2.333881 1.567404
v -0.493415 2.607121 0.483950
v -0.515176 2.426255 0.476404
v -0.452451 2.276118 0.511999
v -0.362842 2.196471 0.568151
v -0.267198 2.146871 0.632228
v -0.156959 2.111632 0.688571
v -0.048715 2.100511 0.718018
v 0.060029 2.100676 0.716417
v 0.163002 2.126447 0.674979
v 0.252015 2.183121 0.618396
v 0.298407 2.292940 0.567698
v 0.284184 2.453644 0.550263
v 0.225833 2.619847 0.566849
v -0.522021 2.578469 1.054451
v -0.505142 2.449160 1.060569
v -0.434318 2.376667 1.075941
v -0.354071 2.337853 1.113785
v -0.263368 2.305083 1.161164
v -0.161463 2.281017 1.197183
v -0.054018 2.274114 1.214252
v 0.049348 2.283076 1.207510
v 0.143747 2.309461 1.178972
v 0.228845 2.330893 1.135476
v 0.301881 2.371281 1.101234
v 0.345388 2.457179 1.092336
v 0.337460 2.582289 1.093243
v -0.498709 1.361869 0.147103
v -0.451128 1.356086 0.275956
v -0.383875 1.349927 0.390012
v -0.289177 1.345780 0.474732
v -0.179200 1.342405 0.529659
v -0.058661 1.339784 0.554284
v 0.064523 1.338414 0.534292
v 0.177966 1.340574 0.478476
v 0.270972 1.347414 0.387853
v 0.326362 1.356178 0.273637
v 0.362484 1.362939 0.153089
v 0.343243 1.369104 0.031274
v 0.322451 1.374670 -0.087512
v 0.286128 1.378109 -0.199213
v 0.235990 1.380493 -0.304791
v 0.161320 1.380852 -0.396908
v 0.057141 1.381304 -0.461150
v -0.068002 1.377863 -0.488136
v -0.174743 1.381323 -0.471902
v -0.281973 1.379526 -0.420520
v -0.369407 1.375062 -0.331349
v -0.438584 1.370209 -0.228366
v -0.479055 1.368621 -0.112838
v -0.510284 1.366652 0.015561
v -0.493869 1.720669 0.026320
v -0.494468 1.712729 0.154749
v -0.444470 1.706581 0.278859
v -0.370640 1.698045 0.390748
v -0.281960 1.692477 0.478490
v -0.174593 1.688921 0.533184
v -0.053366 1.686261 0.557645
v 0.064414 1.686442 0.547972
v 0.180419 1.693192 0.496540
v 0.271801 1.702748 0.406574
v 0.320354 1.709691 0.289351
v 0.341959 1.718475 0.174547
v 0.322465 1.725416 0.056340
v 0.292607 1.730459 -0.060513
v 0.254963 1.735154 -0.165037
v 0.206315 1.739382 -0.259276
v 0.129443 1.738977 -0.344267
v 0.038253 1.737380 -0.402895
v -0.069631 1.737716 -0.434593
v -0.171925 1.737711 -0.433326
v -0.263451 1.736403 -0.387093
v -0.344279 1.736675 -0.310289
v -0.412816 1.733970 -0.212434
v -0.464580 1.728504 -0.098320
v -0.499796 1.551486 0.019374
v -0.468177 1.556550 -0.105080
v -0.422789 1.560683 -0.218074
v -0.353447 1.565170 -0.319081
v -0.270528 1.565702 -0.396263
v -0.174614 1.566583 -0.448107
v -0.069057 1.567078 -0.454904
v 0.047189 1.568613 -0.422715
v 0.142306 1.569178 -0.369641
v 0.219819 1.566787 -0.281604
v 0.273298 1.563528 -0.183982
v 0.309818 1.558875 -0.077247
v 0.332377 1.552608 0.046497
v 0.345220 1.546544 0.165254
v 0.316898 1.540387 0.276959
v 0.268803 1.534376 0.393550
v 0.180122 1.528379 0.486354
v 0.064570 1.525085 0.540833
v -0.051419 1.524874 0.553588
v -0.172747 1.526974 0.530892
v -0.281861 1.528054 0.473246
v -0.370205 1.532701 0.386929
v -0.442866 1.540745 0.271793
v -0.493054 1.545679 0.147451
v -0.453002 1.008914 -0.254805
v -0.486145 1.009790 -0.124314
v -0.299499 1.009633 -0.457515
v -0.393408 1.010041 -0.371056
v -0.058279 1.015385 -0.513649
v -0.180773 1.015617 -0.497454
v 0.178952 1.018427 -0.431934
v 0.068578 1.015717 -0.493326
v 0.329742 1.013619 -0.233626
v 0.262362 1.013231 -0.339645
v 0.359669 1.014339 0.014073
v 0.356661 1.016260 -0.111057
v 0.318949 1.006995 0.269270
v 0.358524 1.006803 0.138861
v 0.161014 1.000361 0.447768
v 0.255581 1.000122 0.370766
v -0.059909 0.996085 0.536261
v 0.058629 0.997921 0.509175
v -0.284833 0.991872 0.467819
v -0.179432 0.990102 0.528000
v -0.441865 0.996169 0.265808
v -0.379130 0.994535 0.377899
v -0.499003 1.008284 0.008855
v -0.481587 1.004131 0.142365
v -0.428889 0.954716 -0.236778
v -0.461011 0.955661 -0.114065
v -0.283468 0.955395 -0.427568
v -0.373072 0.955781 -0.346915
v -0.055967 0.960830 -0.481302
v -0.171690 0.961049 -0.466001
v 0.162459 0.964058 -0.410402
v 0.062266 0.961143 -0.462260
v 0.308295 0.958934 -0.227276
v 0.242284 0.958768 -0.324257
v 0.337697 0.961154 0.010715
v 0.335893 0.961700 -0.110581
v 0.300409 0.952903 0.258340
v 0.337797 0.952722 0.135140
v 0.151205 0.946636 0.426972
v 0.240544 0.946410 0.354225
v -0.057507 0.942597 0.510573
v 0.054479 0.944331 0.484983
v -0.269998 0.938617 0.445914
v -0.170423 0.936944 0.502768
v -0.418350 0.942676 0.255069
v -0.359083 0.941133 0.360964
v -0.473039 0.954295 0.006138
v -0.457783 0.950582 0.132347
v -0.078042 1.876065 -0.279026
v -0.063632 1.243670 -0.333004
v -0.144931 1.874839 -0.281275
v -0.145422 1.245940 -0.327494
v -0.209165 1.876047 -0.253279
v -0.222840 1.243060 -0.292625
v -0.271703 1.881164 -0.198396
v -0.280217 1.241476 -0.230798
v -0.326378 1.886193 -0.121034
v -0.328069 1.238668 -0.155071
v -0.365230 1.875994 -0.036008
v -0.351414 1.237570 -0.069012
v -0.388176 1.865874 0.042940
v -0.361802 1.234597 0.017462
v -0.389121 1.858606 0.129125
v -0.364652 1.232776 0.104086
v -0.358918 1.850364 0.216044
v -0.332076 1.232678 0.190662
v -0.303574 1.841505 0.298414
v -0.289572 1.231038 0.273173
v -0.233855 1.834534 0.360459
v -0.226283 1.228981 0.334047
v -0.150496 1.826509 0.396187
v -0.147649 1.227712 0.375824
v -0.061729 1.820306 0.408188
v -0.061629 1.226346 0.384876
v 0.025826 1.819881 0.406998
v 0.021927 1.224365 0.365561
v 0.106210 1.827488 0.374438
v 0.098036 1.224911 0.329494
v 0.177999 1.841989 0.321083
v 0.164335 1.227757 0.267958
v 0.213028 1.859694 0.238829
v 0.206687 1.232796 0.195460
v 0.217767 1.872436 0.148288
v 0.228399 1.235446 0.110189
v 0.201649 1.874262 0.058922
v 0.220801 1.239109 0.022236
v 0.180054 1.875998 -0.023575
v 0.206026 1.241043 -0.064380
v 0.145486 1.878472 -0.092819
v 0.181098 1.241853 -0.143207
v 0.103067 1.879762 -0.155263
v 0.146618 1.243448 -0.215935
v 0.056588 1.881066 -0.210660
v 0.091482 1.246333 -0.281357
v -0.010511 1.876558 -0.250199
v 0.021348 1.246991 -0.315675
v -0.399933 2.403509 1.189963
v -0.346006 2.376468 1.250153
v -0.268440 2.340146 1.310562
v -0.165800 2.316116 1.357614
v -0.056594 2.305349 1.387031
v 0.048823 2.316100 1.383504
v 0.142963 2.337453 1.337235
v 0.214975 2.367580 1.266283
v 0.259790 2.395477 1.199813
v -0.417966 2.330223 0.700900
v -0.331275 2.259284 0.739174
v -0.141309 2.187333 0.815772
v -0.044139 2.169935 0.833407
v 0.134220 2.191208 0.808685
v 0.212322 2.240260 0.775559
v -0.238639 2.213857 0.781266
v 0.048408 2.170866 0.831138
v 0.268325 2.331315 0.743204
v 0.260379 2.243969 0.378514
v 0.225911 2.143947 0.480894
v 0.150952 2.086466 0.546656
v 0.056180 2.066151 0.579055
v -0.047122 2.070490 0.575221
v -0.141331 2.096843 0.546611
v -0.239445 2.126519 0.486784
v -0.326204 2.155463 0.395500
v -0.408277 2.212740 0.287248
v -0.482366 2.240098 0.042466
v -0.450715 2.248904 -0.077557
v -0.410899 2.250235 -0.199588
v -0.365107 2.241025 -0.309549
v -0.278705 2.236230 -0.384376
v -0.182136 2.237845 -0.405736
v -0.463850 2.227703 0.164333
v -0.087477 2.243095 -0.387608
v 0.001675 2.248471 -0.344500
v 0.072606 2.257290 -0.274714
v 0.129284 2.265496 -0.186624
v 0.177027 2.271317 -0.093038
v 0.219643 2.279114 0.002664
v 0.247351 2.277914 0.105602
v 0.260235 2.272735 0.224810
v 0.238768 2.023909 0.422890
v 0.150943 1.985361 0.490428
v 0.051904 1.969959 0.527303
v -0.056730 1.970265 0.533231
v -0.161743 1.984396 0.500698
v -0.253113 2.009184 0.439246
v -0.333353 2.028105 0.352617
v -0.403510 2.055430 0.250966
v -0.460586 2.073136 0.150825
v -0.470075 2.084841 0.038856
v -0.453294 2.091949 -0.076274
v -0.405378 2.100479 -0.188832
v -0.344664 2.097019 -0.285851
v -0.264383 2.091782 -0.352594
v -0.176111 2.091061 -0.376615
v -0.088323 2.094953 -0.369026
v -0.009530 2.101800 -0.317200
v 0.066390 2.106903 -0.253484
v 0.120217 2.107142 -0.180107
v 0.179142 2.109595 -0.103519
v 0.223936 2.110790 -0.020766
v 0.255678 2.109897 0.074072
v 0.275087 2.099356 0.191041
v 0.276874 2.075397 0.313858
v 0.268853 2.362030 0.931746
v 0.205390 2.297757 0.954985
v 0.130510 2.256167 0.983248
v 0.044577 2.236423 1.002690
v -0.046914 2.233839 1.005909
v -0.143287 2.241990 0.991035
v -0.239050 2.263367 0.960511
v -0.329871 2.303003 0.922943
v -0.412370 2.363050 0.891720
v -0.184559 2.507229 -0.436462
v -0.286488 2.506647 -0.409286
v -0.000603 2.529002 -0.387669
v -0.083550 2.515311 -0.425037
v 0.081010 2.565262 -0.212057
v 0.057133 2.545324 -0.319720
v 0.096261 2.592158 0.025971
v 0.096334 2.580559 -0.092161
v 0.122112 2.594273 0.273789
v 0.102541 2.594683 0.147624
v 0.233536 2.588028 0.727679
v 0.145838 2.594992 0.411529
v 0.277834 2.577700 0.892844
v 0.268162 2.539411 1.210210
v 0.241267 2.501712 1.364549
v 0.181724 2.456164 1.495299
v 0.063977 2.430557 1.573787
v -0.052886 2.433822 1.583148
v -0.182532 2.451857 1.550376
v -0.301034 2.474109 1.459389
v -0.388014 2.502079 1.350872
v -0.447847 2.535511 1.204770
v -0.478649 2.581943 0.653947
v -0.503034 2.571604 0.837386
v -0.433292 2.584520 0.313989
v -0.422403 2.577147 0.172246
v -0.420815 2.562586 0.037052
v -0.414619 2.550795 -0.088199
v -0.401166 2.537109 -0.232079
v -0.369425 2.520658 -0.339068
v -0.179055 2.359924 1.505316
v -0.290522 2.393631 1.430357
v -0.370914 2.437900 1.339258
v -0.427678 2.463233 1.215924
v -0.485114 2.450534 0.872178
v -0.486407 2.444112 0.674847
v -0.483918 2.410688 0.309668
v -0.482882 2.409894 0.164662
v -0.472115 2.411189 0.035436
v -0.459187 2.407710 -0.089921
v -0.427167 2.405475 -0.217704
v -0.382694 2.393287 -0.331268
v -0.284137 2.385424 -0.404697
v -0.183166 2.384295 -0.432852
v -0.079596 2.390429 -0.424429
v 0.013052 2.398571 -0.382555
v 0.088349 2.411938 -0.308708
v 0.134012 2.427035 -0.206973
v 0.166882 2.439049 -0.091869
v 0.187007 2.446400 0.016676
v 0.212585 2.447086 0.134613
v 0.222174 2.442484 0.257319
v 0.239605 2.441797 0.400598
v 0.278491 2.462027 0.730839
v 0.302969 2.464182 0.918696
v 0.284068 2.453612 1.220171
v 0.233601 2.424077 1.343431
v 0.172987 2.381156 1.444916
v 0.065750 2.350876 1.512647
v -0.057828 2.345664 1.538369
v -0.452577 2.583820 0.475136
v -0.482129 2.427872 0.476717
v -0.421967 2.282588 0.505964
v -0.336720 2.206253 0.556686
v -0.245292 2.158756 0.617409
v -0.148178 2.125639 0.668053
v -0.046998 2.104560 0.695474
v 0.052047 2.103964 0.692118
v 0.141154 2.126470 0.654875
v 0.221709 2.180916 0.607093
v 0.265321 2.293953 0.566154
v 0.251562 2.451350 0.555966
v 0.187228 2.593792 0.561319
v -0.480949 2.558668 1.023604
v -0.473526 2.453699 1.053527
v -0.406712 2.385886 1.067428
v -0.330742 2.349739 1.103490
v -0.244749 2.318907 1.149234
v -0.150619 2.296772 1.183479
v -0.053360 2.290734 1.199524
v 0.038858 2.298759 1.193043
v 0.125501 2.323290 1.166279
v 0.204818 2.342308 1.124859
v 0.271820 2.378458 1.095270
v 0.312401 2.458950 1.089136
v 0.294922 2.560020 1.065702
v -0.366930 1.401784 0.107826
v -0.336030 1.398755 0.194038
v -0.291811 1.395636 0.274026
v -0.224759 1.393568 0.334877
v -0.145860 1.391851 0.374621
v -0.060669 1.390697 0.392661
v 0.024524 1.390234 0.379377
v 0.102946 1.391325 0.341048
v 0.166031 1.394553 0.279976
v 0.203411 1.398583 0.201517
v 0.228741 1.401737 0.121342
v 0.213030 1.404789 0.031701
v 0.197666 1.407540 -0.055065
v 0.170844 1.409067 -0.132889
v 0.135710 1.409979 -0.204474
v 0.084634 1.409707 -0.265189
v 0.017358 1.409846 -0.305131
v -0.061895 1.407880 -0.325000
v -0.141012 1.409943 -0.312141
v -0.211471 1.409222 -0.274536
v -0.274273 1.407185 -0.215936
v -0.323196 1.404010 -0.143172
v -0.354080 1.404751 -0.064259
v -0.374201 1.403924 0.023697
v -0.378633 1.725832 0.035675
v -0.384398 1.719732 0.117888
v -0.350136 1.714951 0.207226
v -0.299063 1.707877 0.288938
v -0.236807 1.703118 0.355048
v -0.153107 1.699188 0.399269
v -0.062514 1.696666 0.419661
v 0.030779 1.696836 0.412729
v 0.115012 1.703088 0.376308
v 0.180637 1.711584 0.313565
v 0.216828 1.717523 0.225763
v 0.231171 1.725265 0.139783
v 0.210202 1.730924 0.047515
v 0.185863 1.734052 -0.035856
v 0.157631 1.737472 -0.110261
v 0.122647 1.740531 -0.176731
v 0.069905 1.739451 -0.232631
v 0.004141 1.738014 -0.276480
v -0.066833 1.738835 -0.299280
v -0.144930 1.739197 -0.299582
v -0.211781 1.738088 -0.265508
v -0.273166 1.739109 -0.210490
v -0.322523 1.737053 -0.137460
v -0.361501 1.732473 -0.051924
v -0.374008 1.573039 0.028263
v -0.354041 1.577000 -0.058506
v -0.317658 1.580454 -0.141066
v -0.268036 1.583566 -0.212494
v -0.206160 1.583494 -0.262880
v -0.137813 1.584012 -0.293641
v -0.064681 1.584683 -0.297178
v 0.010568 1.585517 -0.281627
v 0.076995 1.586043 -0.245569
v 0.128270 1.584135 -0.189905
v 0.167572 1.582083 -0.124008
v 0.195314 1.578680 -0.047949
v 0.212337 1.574292 0.038951
v 0.224269 1.569650 0.128598
v 0.203944 1.564928 0.211385
v 0.170474 1.560818 0.294081
v 0.109524 1.556482 0.358267
v 0.027714 1.553891 0.396149
v -0.060876 1.553535 0.405000
v -0.148387 1.555186 0.386998
v -0.227053 1.555642 0.342327
v -0.289274 1.559526 0.277185
v -0.336845 1.565628 0.197123
v -0.373116 1.569062 0.108487
v -0.359872 1.037450 -0.201053
v -0.386609 1.038652 -0.088761
v -0.244167 1.037852 -0.365094
v -0.315617 1.038212 -0.295440
v -0.060550 1.042683 -0.409678
v -0.154574 1.042956 -0.396337
v 0.124298 1.044657 -0.338354
v 0.041312 1.043082 -0.389939
v 0.233882 1.040993 -0.182044
v 0.186946 1.040592 -0.262804
v 0.253850 1.043241 0.010546
v 0.252738 1.043330 -0.086924
v 0.228216 1.036442 0.208595
v 0.254216 1.036474 0.111458
v 0.107120 1.031197 0.361693
v 0.185769 1.031172 0.290794
v -0.063068 1.027527 0.435120
v 0.030473 1.029188 0.412492
v -0.236894 1.024024 0.377215
v -0.152034 1.022414 0.429018
v -0.351841 1.027543 0.214436
v -0.304846 1.026227 0.303577
v -0.394183 1.037611 0.004514
v -0.383307 1.034907 0.106277
v -0.406386 0.957397 -0.230329
v -0.437177 0.958464 -0.112305
v -0.272920 0.957797 -0.406683
v -0.354775 0.958375 -0.333070
v -0.056345 0.962950 -0.457226
v -0.167505 0.963308 -0.442375
v 0.148527 0.966086 -0.391256
v 0.055436 0.963179 -0.439297
v 0.286297 0.960885 -0.218720
v 0.224041 0.960648 -0.309179
v 0.312869 0.963194 0.008132
v 0.311341 0.963740 -0.111085
v 0.278441 0.955233 0.243352
v 0.313425 0.954782 0.128502
v 0.137731 0.949242 0.401092
v 0.223305 0.948876 0.331899
v -0.059915 0.945510 0.480565
v 0.045985 0.947097 0.456444
v -0.256754 0.941620 0.420478
v -0.164232 0.939925 0.473807
v -0.396427 0.945573 0.240350
v -0.340312 0.944119 0.340898
v -0.448769 0.957174 0.002903
v -0.434106 0.953511 0.123241
v -0.387913 0.907100 -0.218568
v -0.338976 0.908028 -0.315986
v 0.128009 0.899368 0.380133
v 0.041017 0.897334 0.432617
v -0.161410 0.912706 -0.419627
v -0.056010 0.912366 -0.433708
v -0.158307 0.890534 0.449081
v -0.246034 0.892141 0.398515
v -0.261363 0.907480 -0.385784
v -0.059395 0.895830 0.455488
v 0.049979 0.912583 -0.416708
v 0.138246 0.915340 -0.371156
v -0.325263 0.894511 0.323058
v -0.378469 0.895890 0.227720
v 0.209847 0.910183 -0.293332
v 0.268877 0.910408 -0.207561
v -0.414199 0.903416 0.116704
v -0.428165 0.906889 0.003129
v 0.292623 0.913116 -0.105503
v 0.294072 0.912598 0.007536
v -0.417108 0.908112 -0.106660
v 0.294599 0.904621 0.121668
v 0.261428 0.905049 0.230567
v 0.209149 0.899022 0.314525
v -0.428584 0.853188 0.120645
v -0.443091 0.856808 0.001817
v -0.335874 0.843904 0.335778
v -0.391339 0.845342 0.236393
v -0.161832 0.839759 0.467150
v -0.253283 0.841434 0.414438
v 0.045953 0.846848 0.449987
v -0.058722 0.845279 0.473830
v 0.221221 0.848607 0.326883
v 0.136637 0.848968 0.395276
v 0.310298 0.854444 0.125840
v 0.275719 0.854890 0.239361
v 0.308239 0.863299 -0.110975
v 0.309749 0.862759 0.006863
v 0.221949 0.860242 -0.306776
v 0.283484 0.860476 -0.217365
v 0.055295 0.862743 -0.435389
v 0.147309 0.865618 -0.387904
v -0.165067 0.862872 -0.438432
v -0.055193 0.862517 -0.453111
v -0.350170 0.857995 -0.330391
v -0.269262 0.857425 -0.403152
v -0.431618 0.858083 -0.112181
v -0.401184 0.857029 -0.228839
v -0.456570 0.850242 0.131068
v -0.471827 0.853955 0.004859
v -0.357870 0.840792 0.359685
v -0.417137 0.842336 0.253790
v -0.169211 0.836604 0.501489
v -0.268785 0.838277 0.444635
v 0.055692 0.843991 0.483704
v -0.056294 0.842257 0.509294
v 0.241756 0.846070 0.352946
v 0.152417 0.846296 0.425693
v 0.339009 0.852382 0.133861
v 0.301622 0.852563 0.257061
v 0.337106 0.861360 -0.111860
v 0.338910 0.860813 0.009436
v 0.243496 0.858428 -0.325536
v 0.309508 0.858595 -0.228555
v 0.063479 0.860803 -0.463539
v 0.163671 0.863718 -0.411681
v -0.170477 0.860709 -0.467280
v -0.054755 0.860490 -0.482581
v -0.371859 0.855441 -0.348194
v -0.282255 0.855055 -0.428847
v -0.459798 0.855321 -0.115344
v -0.427677 0.854376 -0.238057
v -0.056513 0.871909 0.524533
v -0.057069 0.917886 0.525115
v 0.058260 0.919687 0.498753
v 0.058820 0.873704 0.498183
v -0.381506 0.885482 -0.358577
v -0.382068 0.931445 -0.357999
v -0.439550 0.930358 -0.244566
v -0.438991 0.884385 -0.245150
v 0.157869 0.922080 0.439001
v 0.158438 0.876082 0.438439
v -0.054928 0.890688 -0.496983
v -0.055483 0.936652 -0.496399
v -0.174665 0.936870 -0.480645
v -0.174108 0.890911 -0.481223
v -0.275350 0.867793 0.457934
v -0.275913 0.913767 0.458533
v -0.173360 0.912051 0.517084
v -0.172803 0.866077 0.516489
v -0.289786 0.931044 -0.441064
v -0.289226 0.885085 -0.441640
v 0.170026 0.894016 -0.423966
v 0.169463 0.940005 -0.423366
v 0.066282 0.936987 -0.476781
v 0.066840 0.891014 -0.477373
v -0.428130 0.871968 0.261387
v -0.428694 0.917961 0.261979
v -0.367659 0.916362 0.371043
v -0.367094 0.870380 0.370445
v 0.320225 0.888747 -0.235368
v 0.319636 0.934771 -0.234760
v 0.251665 0.934576 -0.334642
v 0.252238 0.888570 -0.335247
v -0.484421 0.883947 0.004706
v -0.484975 0.929939 0.005293
v -0.469300 0.926113 0.135576
v -0.468742 0.880115 0.134988
v 0.350509 0.891039 0.009738
v 0.349901 0.937086 0.010326
v 0.348048 0.937640 -0.114584
v 0.348650 0.891601 -0.115185
v -0.472072 0.885357 -0.118770
v -0.472627 0.931341 -0.118184
v 0.312105 0.882540 0.264767
v 0.311512 0.928569 0.265329
v 0.350006 0.928397 0.138455
v 0.350610 0.882354 0.137883
v 0.249868 0.921865 0.364078
v 0.250449 0.875851 0.363519
v -0.446137 0.852804 -0.113907
v -0.457899 0.851483 0.003317
v -0.443002 0.847811 0.125990
v -0.404619 0.839925 0.245363
v -0.347187 0.838433 0.348121
v -0.261254 0.835936 0.430016
v -0.165638 0.834260 0.484859
v -0.057510 0.839854 0.492108
v 0.050942 0.841507 0.467364
v 0.144754 0.843722 0.410937
v 0.231817 0.843428 0.340287
v 0.289059 0.849824 0.248486
v 0.325082 0.849509 0.129996
v 0.324756 0.857893 0.008150
v 0.323098 0.858437 -0.111566
v 0.296895 0.855639 -0.223226
v 0.233050 0.855438 -0.316524
v 0.155730 0.860778 -0.400257
v 0.059523 0.857880 -0.449982
v -0.054967 0.857610 -0.468384
v -0.167898 0.857898 -0.453376
v -0.276006 0.852341 -0.416480
v -0.361349 0.852820 -0.339694
v -0.414822 0.851803 -0.233734
v -0.000000 1.000000 0.000000
v 0.000000 0.831470 -0.555570
v 0.000000 0.555570 -0.831470
v 0.000000 0.195090 -0.980785
v 0.000000 0.000000 -1.000000
v -0.000000 -0.195091 -0.980785
v 0.000000 -0.555570 -0.831470
v 0.000000 -1.000000 -0.000000
v 0.038060 0.980785 -0.191342
v 0.074658 0.923879 -0.375330
v 0.108386 0.831470 -0.544895
v 0.137950 0.707107 -0.693520
v 0.162212 0.555570 -0.815493
v 0.180240 0.382683 -0.906127
v 0.191342 0.195090 -0.961940
v 0.195090 0.000000 -0.980785
v 0.191342 -0.195091 -0.961940
v 0.180240 -0.382684 -0.906127
v 0.162212 -0.555570 -0.815493
v 0.137950 -0.707107 -0.693520
v 0.108386 -0.831470 -0.544895
v 0.074658 -0.923879 -0.375330
v 0.038060 -0.980785 -0.191342
v 0.074658 0.980785 -0.180240
v 0.146447 0.923879 -0.353553
v 0.212608 0.831470 -0.513280
v 0.270598 0.707107 -0.653281
v 0.318190 0.555570 -0.768178
v 0.353553 0.382684 -0.853553
v 0.375330 0.195091 -0.906127
v 0.382683 0.000000 -0.923880
v 0.375330 -0.195091 -0.906127
v 0.353553 -0.382684 -0.853553
v 0.318190 -0.555570 -0.768178
v 0.270598 -0.707107 -0.653281
v 0.212608 -0.831470 -0.513280
v 0.146447 -0.923879 -0.353553
v 0.074658 -0.980785 -0.180240
v 0.108386 0.980785 -0.162212
v 0.212608 0.923879 -0.318190
v 0.308658 0.831470 -0.461940
v 0.392847 0.707107 -0.587938
v 0.461940 0.555570 -0.691342
v 0.513280 0.382684 -0.768178
v 0.544895 0.195091 -0.815493
v 0.555570 0.000000 -0.831470
v 0.544895 -0.195091 -0.815493
v 0.513280 -0.382684 -0.768178
v 0.461940 -0.555570 -0.691342
v 0.392847 -0.707107 -0.587938
v 0.308658 -0.831470 -0.461940
v 0.212608 -0.923879 -0.318190
v 0.108386 -0.980785 -0.162212
v 0.137950 0.980785 -0.137950
v 0.270598 0.923879 -0.270598
v 0.392847 0.831470 -0.392847
v 0.500000 0.707107 -0.500000
v 0.587938 0.555570 -0.587938
v 0.653281 0.382684 -0.653282
v 0.693520 0.195091 -0.693520
v 0.707107 0.000000 -0.707107
v 0.693520 -0.195090 -0.693520
v 0.653281 -0.382684 -0.653282
v 0.587938 -0.555570 -0.587938
v 0.500000 -0.707107 -0.500000
v 0.392847 -0.831470 -0.392847
v 0.270598 -0.923879 -0.270598
v 0.137950 -0.980785 -0.137950
v 0.162212 0.980785 -0.108386
v 0.318190 0.923879 -0.212608
v 0.461940 0.831469 -0.308658
v 0.587938 0.707107 -0.392848
v 0.691342 0.555570 -0.461940
v 0.768178 0.382683 -0.513280
v 0.815493 0.195090 -0.544895
v 0.831469 -0.000000 -0.555570
v 0.815493 -0.195090 -0.544895
v 0.768178 -0.382684 -0.513280
v 0.691342 -0.555570 -0.461940
v 0.587938 -0.707107 -0.392847
v 0.461940 -0.831470 -0.308658
v 0.318190 -0.923879 -0.212608
v 0.162212 -0.980785 -0.108386
v 0.180240 0.980785 -0.074658
v 0.353553 0.923879 -0.146447
v 0.513280 0.831469 -0.212607
v 0.653282 0.707107 -0.270598
v 0.768178 0.555570 -0.318190
v 0.853553 0.382683 -0.353553
v 0.906127 0.195090 -0.375330
v 0.923879 -0.000000 -0.382683
v 0.906127 -0.195090 -0.375330
v 0.853553 -0.382684 -0.353553
v 0.768178 -0.555570 -0.318190
v 0.653281 -0.707107 -0.270598
v 0.513280 -0.831470 -0.212608
v 0.353553 -0.923879 -0.146447
v 0.180240 -0.980785 -0.074658
v 0.191342 0.980785 -0.038060
v 0.375330 0.923879 -0.074658
v 0.544895 0.831469 -0.108386
v 0.693520 0.707107 -0.137950
v 0.815493 0.555570 -0.162212
v 0.906127 0.382683 -0.180240
v 0.961940 0.195090 -0.191342
v 0.980785 -0.000000 -0.195090
v 0.961940 -0.195090 -0.191342
v 0.906127 -0.382684 -0.180240
v 0.815493 -0.555570 -0.162212
v 0.693520 -0.707107 -0.137950
v 0.544895 -0.831470 -0.108386
v 0.375330 -0.923879 -0.074658
v 0.191342 -0.980785 -0.038060
v 0.195090 0.980785 -0.000000
v 0.382683 0.923879 0.000000
v 0.555570 0.831469 0.000000
v 0.707107 0.707107 -0.000000
v 0.831469 0.555570 0.000000
v 0.923879 0.382683 -0.000000
v 0.980785 0.195090 0.000000
v 1.000000 0.000000 0.000000
v 0.980785 -0.195090 0.000000
v 0.923879 -0.382684 -0.000000
v 0.831469 -0.555570 0.000000
v 0.707107 -0.707107 -0.000000
v 0.555570 -0.831470 0.000000
v 0.382683 -0.923879 0.000000
v 0.195090 -0.980785 0.000000
v 0.191342 0.980785 0.038060
v 0.375330 0.923879 0.074658
v 0.544895 0.831469 0.108386
v 0.693520 0.707107 0.137950
v 0.815493 0.555570 0.162212
v 0.906127 0.382683 0.180240
v 0.961940 0.195090 0.191342
v 0.980785 0.000000 0.195090
v 0.961940 -0.195090 0.191342
v 0.906127 -0.382684 0.180240
v 0.815493 -0.555570 0.162212
v 0.693520 -0.707107 0.137950
v 0.544895 -0.831470 0.108386
v 0.375330 -0.923879 0.074658
v 0.191342 -0.980785 0.038060
v 0.180240 0.980785 0.074658
v 0.353553 0.923879 0.146447
v 0.513280 0.831469 0.212608
v 0.653281 0.707107 0.270598
v 0.768178 0.555570 0.318190
v 0.853553 0.382683 0.353553
v 0.906127 0.195090 0.375330
v 0.923879 0.000000 0.382683
v 0.906127 -0.195090 0.375330
v 0.853553 -0.382684 0.353553
v 0.768178 -0.555570 0.318190
v 0.653281 -0.707107 0.270598
v 0.513280 -0.831470 0.212608
v 0.353553 -0.923879 0.146447
v 0.180240 -0.980785 0.074658
v 0.162212 0.980785 0.108386
v 0.318190 0.923879 0.212608
v 0.461940 0.831469 0.308658
v 0.587938 0.707107 0.392847
v 0.691341 0.555570 0.461940
v 0.768178 0.382683 0.513280
v 0.815493 0.195090 0.544895
v 0.831469 0.000000 0.555570
v 0.815493 -0.195090 0.544895
v 0.768178 -0.382684 0.513280
v 0.691341 -0.555570 0.461940
v 0.587938 -0.707107 0.392847
v 0.461940 -0.831470 0.308658
v 0.318190 -0.923879 0.212608
v 0.162212 -0.980785 0.108386
v 0.137950 0.980785 0.137950
v 0.270598 0.923880 0.270598
v 0.392847 0.831469 0.392847
v 0.500000 0.707107 0.500000
v 0.587938 0.555570 0.587938
v 0.653281 0.382684 0.653281
v 0.693520 0.195091 0.693520
v 0.707106 0.000000 0.707107
v 0.693520 -0.195090 0.693520
v 0.653281 -0.382683 0.653281
v 0.587938 -0.555570 0.587938
v 0.500000 -0.707107 0.500000
v 0.392847 -0.831470 0.392847
v 0.270598 -0.923879 0.270598
v 0.137950 -0.980785 0.137950
v 0.108386 0.980785 0.162212
v 0.212607 0.923880 0.318190
v 0.308658 0.831470 0.461940
v 0.392847 0.707107 0.587938
v 0.461939 0.555570 0.691342
v 0.513280 0.382684 0.768178
v 0.544895 0.195091 0.815493
v 0.555570 0.000000 0.831469
v 0.544895 -0.195090 0.815493
v 0.513280 -0.382683 0.768178
v 0.461940 -0.555570 0.691342
v 0.392847 -0.707107 0.587938
v 0.308658 -0.831470 0.461940
v 0.212607 -0.923879 0.318190
v 0.108386 -0.980785 0.162212
v 0.074658 0.980785 0.180240
v 0.146447 0.923880 0.353553
v 0.212607 0.831470 0.513280
v 0.270598 0.707107 0.653281
v 0.318189 0.555570 0.768177
v 0.353553 0.382684 0.853553
v 0.375330 0.195091 0.906127
v 0.382683 0.000000 0.923879
v 0.375330 -0.195090 0.906127
v 0.353553 -0.382683 0.853553
v 0.318189 -0.555570 0.768178
v 0.270598 -0.707107 0.653281
v 0.212607 -0.831470 0.513280
v 0.146447 -0.923879 0.353553
v 0.074658 -0.980785 0.180240
v 0.038060 0.980785 0.191342
v 0.074658 0.923880 0.375330
v 0.108386 0.831470 0.544895
v 0.137950 0.707107 0.693520
v 0.162212 0.555570 0.815493
v 0.180240 0.382684 0.906127
v 0.191342 0.195091 0.961939
v 0.195090 0.000000 0.980785
v 0.191342 -0.195090 0.961939
v 0.180240 -0.382683 0.906127
v 0.162212 -0.555570 0.815493
v 0.137950 -0.707107 0.693520
v 0.108386 -0.831470 0.544895
v 0.074658 -0.923879 0.375330
v 0.038060 -0.980785 0.191342
v -0.000000 0.980785 0.195090
v -0.000000 0.923879 0.382683
v -0.000000 0.831470 0.555570
v -0.000000 0.707107 0.707107
v -0.000000 0.555570 0.831469
v 0.000000 0.382684 0.923879
v -0.000000 0.195091 0.980785
v -0.000000 0.000000 0.999999
v -0.000000 -0.195090 0.980785
v 0.000000 -0.382683 0.923879
v -0.000000 -0.555570 0.831469
v -0.000000 -0.707107 0.707107
v -0.000000 -0.831470 0.555570
v -0.000000 -0.923879 0.382683
v -0.000000 -0.980785 0.195090
v -0.038060 0.980785 0.191342
v -0.074658 0.923879 0.375330
v -0.108386 0.831470 0.544895
v -0.137950 0.707107 0.693520
v -0.162212 0.555570 0.815493
v -0.180240 0.382684 0.906127
v -0.191342 0.195091 0.961939
v -0.195091 0.000000 0.980785
v -0.191342 -0.195090 0.961939
v -0.180240 -0.382684 0.906127
v -0.162212 -0.555570 0.815493
v -0.137950 -0.707107 0.693520
v -0.108386 -0.831470 0.544895
v -0.074658 -0.923879 0.375330
v -0.038060 -0.980785 0.191342
v -0.074658 0.980785 0.180240
v -0.146447 0.923879 0.353553
v -0.212608 0.831470 0.513280
v -0.270598 0.707107 0.653281
v -0.318190 0.555570 0.768177
v -0.353553 0.382684 0.853553
v -0.375330 0.195091 0.906127
v -0.382683 0.000000 0.923879
v -0.375330 -0.195091 0.906127
v -0.353553 -0.382684 0.853553
v -0.318190 -0.555570 0.768177
v -0.270598 -0.707107 0.653281
v -0.212608 -0.831470 0.513280
v -0.146447 -0.923879 0.353553
v -0.074658 -0.980785 0.180240
v -0.108386 0.980785 0.162212
v -0.212608 0.923879 0.318190
v -0.308658 0.831470 0.461939
v -0.392847 0.707107 0.587938
v -0.461940 0.555570 0.691341
v -0.513280 0.382683 0.768178
v -0.544895 0.195091 0.815493
v -0.555570 0.000000 0.831469
v -0.544895 -0.195091 0.815493
v -0.513280 -0.382684 0.768178
v -0.461940 -0.555570 0.691341
v -0.392847 -0.707107 0.587938
v -0.308658 -0.831470 0.461939
v -0.212608 -0.923879 0.318190
v -0.108386 -0.980785 0.162212
v -0.137950 0.980785 0.137950
v -0.270598 0.923879 0.270598
v -0.392847 0.831470 0.392847
v -0.500000 0.707107 0.500000
v -0.587938 0.555570 0.587937
v -0.653281 0.382683 0.653281
v -0.693520 0.195090 0.693519
v -0.707106 0.000000 0.707106
v -0.693520 -0.195091 0.693519
v -0.653281 -0.382684 0.653281
v -0.587938 -0.555570 0.587937
v -0.500000 -0.707107 0.500000
v -0.392847 -0.831470 0.392847
v -0.270598 -0.923879 0.270598
v -0.137950 -0.980785 0.137950
v -0.162212 0.980785 0.108386
v -0.318190 0.923879 0.212607
v -0.461940 0.831470 0.308658
v -0.587938 0.707107 0.392847
v -0.691341 0.555570 0.461939
v -0.768177 0.382683 0.513280
v -0.815493 0.195090 0.544895
v -0.831469 0.000000 0.555569
v -0.815493 -0.195091 0.544895
v -0.768177 -0.382684 0.513280
v -0.691341 -0.555570 0.461939
v -0.587938 -0.707107 0.392847
v -0.461940 -0.831470 0.308658
v -0.318190 -0.923879 0.212607
v -0.162212 -0.980785 0.108386
v -0.180240 0.980785 0.074658
v -0.353553 0.923879 0.146446
v -0.513280 0.831470 0.212607
v -0.653281 0.707107 0.270598
v -0.768177 0.555570 0.318189
v -0.853553 0.382683 0.353553
v -0.906127 0.195090 0.375330
v -0.923879 0.000000 0.382683
v -0.906127 -0.195090 0.375330
v -0.853553 -0.382684 0.353553
v -0.768177 -0.555570 0.318189
v -0.653281 -0.707107 0.270598
v -0.513280 -0.831470 0.212607
v -0.353553 -0.923880 0.146446
v -0.180240 -0.980785 0.074658
v -0.191342 0.980785 0.038060
v -0.375330 0.923879 0.074658
v -0.544895 0.831470 0.108386
v -0.693520 0.707107 0.137950
v -0.815493 0.555570 0.162211
v -0.906127 0.382684 0.180240
v -0.961939 0.195090 0.191341
v -0.980784 0.000000 0.195090
v -0.961939 -0.195090 0.191341
v -0.906127 -0.382683 0.180240
v -0.815493 -0.555570 0.162211
v -0.693520 -0.707107 0.137950
v -0.544895 -0.831470 0.108386
v -0.375330 -0.923880 0.074658
v -0.191342 -0.980785 0.038060
v -0.195090 0.980785 -0.000000
v -0.382683 0.923879 -0.000000
v -0.555570 0.831470 -0.000000
v -0.707107 0.707107 -0.000000
v -0.831469 0.555570 -0.000000
v -0.923879 0.382684 -0.000000
v -0.980785 0.195090 -0.000000
v -0.999999 0.000000 -0.000000
v -0.980785 -0.195090 -0.000000
v -0.923879 -0.382683 -0.000000
v -0.831469 -0.555570 -0.000000
v -0.707107 -0.707107 -0.000000
v -0.555570 -0.831470 -0.000000
v -0.382683 -0.923880 -0.000000
v -0.195090 -0.980785 0.000000
v -0.191342 0.980785 -0.038060
v -0.375330 0.923879 -0.074658
v -0.544895 0.831470 -0.108386
v -0.693520 0.707107 -0.137950
v -0.815493 0.555570 -0.162212
v -0.906127 0.382684 -0.180240
v -0.961939 0.195090 -0.191342
v -0.980784 0.000000 -0.195091
v -0.961939 -0.195090 -0.191342
v -0.906127 -0.382683 -0.180240
v -0.815493 -0.555570 -0.162212
v -0.693520 -0.707107 -0.137950
v -0.544895 -0.831470 -0.108386
v -0.375330 -0.923880 -0.074658
v -0.191342 -0.980785 -0.038060
v -0.180240 0.980785 -0.074658
v -0.353553 0.923879 -0.146447
v -0.513279 0.831470 -0.212607
v -0.653281 0.707107 -0.270598
v -0.768177 0.555570 -0.318190
v -0.853553 0.382683 -0.353553
v -0.906127 0.195090 -0.375330
v -0.923878 0.000000 -0.382683
v -0.906127 -0.195090 -0.375330
v -0.853553 -0.382684 -0.353553
v -0.768177 -0.555570 -0.318190
v -0.653281 -0.707107 -0.270598
v -0.513279 -0.831470 -0.212608
v -0.353553 -0.923880 -0.146447
v -0.180240 -0.980785 -0.074658
v -0.162212 0.980785 -0.108386
v -0.318189 0.923879 -0.212607
v -0.461939 0.831470 -0.308658
v -0.587938 0.707107 -0.392847
v -0.691341 0.555570 -0.461940
v -0.768177 0.382683 -0.513280
v -0.815493 0.195090 -0.544895
v -0.831468 -0.000000 -0.555570
v -0.815493 -0.195091 -0.544895
v -0.768177 -0.382684 -0.513280
v -0.691341 -0.555570 -0.461940
v -0.587938 -0.707107 -0.392847
v -0.461939 -0.831470 -0.308658
v -0.318189 -0.923880 -0.212608
v -0.162212 -0.980785 -0.108386
v -0.137950 0.980785 -0.137950
v -0.270598 0.923879 -0.270598
v -0.392847 0.831470 -0.392847
v -0.500000 0.707107 -0.500000
v -0.587937 0.555570 -0.587938
v -0.653281 0.382683 -0.653281
v -0.693519 0.195090 -0.693520
v -0.707106 -0.000000 -0.707106
v -0.693519 -0.195091 -0.693520
v -0.653281 -0.382684 -0.653281
v -0.587937 -0.555570 -0.587938
v -0.500000 -0.707107 -0.500000
v -0.392847 -0.831470 -0.392847
v -0.270598 -0.923880 -0.270598
v -0.137950 -0.980785 -0.137950
v -0.108386 0.980785 -0.162211
v -0.212607 0.923879 -0.318190
v -0.308658 0.831470 -0.461939
v -0.392847 0.707107 -0.587938
v -0.461939 0.555570 -0.691341
v -0.513280 0.382683 -0.768177
v -0.544895 0.195090 -0.815493
v -0.555569 -0.000000 -0.831469
v -0.544895 -0.195091 -0.815493
v -0.513280 -0.382684 -0.768177
v -0.461939 -0.555570 -0.691341
v -0.392847 -0.707107 -0.587938
v -0.308658 -0.831470 -0.461939
v -0.212607 -0.923880 -0.318190
v -0.108386 -0.980785 -0.162212
v -0.074658 0.980785 -0.180240
v -0.146446 0.923879 -0.353553
v -0.212607 0.831470 -0.513279
v -0.270598 0.707107 -0.653281
v -0.318189 0.555570 -0.768177
v -0.353553 0.382683 -0.853553
v -0.375330 0.195090 -0.906127
v -0.382683 0.000000 -0.923879
v -0.375330 -0.195091 -0.906127
v -0.353553 -0.382684 -0.853553
v -0.318189 -0.555570 -0.768177
v -0.270598 -0.707107 -0.653281
v -0.212607 -0.831470 -0.513280
v -0.146446 -0.923880 -0.353553
v -0.074658 -0.980785 -0.180240
v -0.038060 0.980785 -0.191342
v -0.074658 0.923879 -0.375330
v -0.108386 0.831470 -0.544894
v -0.137950 0.707107 -0.693520
v -0.162211 0.555570 -0.815493
v -0.180240 0.382683 -0.906127
v -0.191341 0.195090 -0.961939
v -0.195090 0.000000 -0.980784
v -0.191341 -0.195091 -0.961939
v -0.180240 -0.382684 -0.906127
v -0.162211 -0.555570 -0.815493
v -0.137950 -0.707107 -0.693520
v -0.108386 -0.831470 -0.544894
v -0.074658 -0.923880 -0.375330
v -0.038060 -0.980785 -0.191342
v 0.000000 0.980785 -0.195090
v 0.000000 0.923880 -0.382683
v 0.000000 0.707107 -0.707107
v 0.000000 0.382683 -0.923879
v 0.000000 -0.382684 -0.923879
v 0.000000 -0.707107 -0.707107
v 0.000000 -0.831470 -0.555570
v 0.000000 -0.923879 -0.382683
v 0.000000 -0.980785 -0.195090
v -0.581260 -0.262780 1.073478
v -0.581260 0.262780 1.073478
v -0.581260 -0.262780 0.568734
v -0.581260 0.262780 0.568734
v 0.581260 -0.262780 1.073478
v 0.581260 0.262780 1.073478
v 0.581260 -0.262780 0.568734
v 0.581260 0.262780 0.568734
vn -0.7061 -0.7069 0.0421
vn -0.7075 -0.7066 0.0069
vn -0.9990 0.0070 -0.0442
vn -0.9995 -0.0065 -0.0294
vn 0.0008 -0.9960 0.0892
vn 0.0059 -0.9985 0.0538
vn 0.3886 -0.9166 0.0937
vn 0.3805 -0.9224 0.0662
vn -0.0096 0.9960 -0.0893
vn 0.0096 0.9985 -0.0531
vn 0.3842 0.9227 -0.0326
vn 0.3764 0.9237 -0.0713
vn -0.7119 0.6972 -0.0837
vn -0.6975 0.7133 -0.0689
vn -0.7025 -0.7090 -0.0627
vn -0.9953 0.0022 -0.0966
vn 0.0062 -0.9999 0.0084
vn 0.3820 -0.9231 0.0443
vn 0.0039 1.0000 -0.0075
vn 0.3798 0.9246 0.0295
vn -0.7000 0.7103 -0.0735
vn -0.6977 -0.7093 -0.1005
vn -0.9916 -0.0008 -0.1294
vn 0.0064 -0.9999 -0.0125
vn 0.3826 -0.9231 0.0376
vn -0.0005 0.9999 0.0133
vn 0.3762 0.9245 0.0614
vn -0.7016 0.7078 -0.0821
vn -0.7001 -0.7034 -0.1227
vn -0.9910 0.0040 -0.1335
vn 0.0050 -0.9992 -0.0393
vn 0.3861 -0.9223 0.0154
vn -0.0085 0.9992 0.0390
vn 0.3736 0.9234 0.0877
vn -0.7043 0.7068 -0.0667
vn -0.7141 -0.6981 -0.0514
vn -0.9999 -0.0079 -0.0068
vn -0.0197 -0.9976 -0.0671
vn 0.3904 -0.9187 -0.0592
vn -0.0388 0.9970 0.0667
vn 0.3725 0.9258 0.0645
vn -0.7262 0.6862 0.0415
vn -0.7034 -0.7101 0.0319
vn -0.9894 -0.0134 0.1444
vn -0.0013 -0.9950 -0.1002
vn 0.3853 -0.9107 -0.1486
vn -0.0137 0.9946 0.1025
vn 0.3738 0.9267 0.0384
vn -0.7048 0.6878 0.1734
vn -0.7022 -0.7076 0.0783
vn -0.9620 -0.0291 0.2714
vn -0.0326 -0.9862 -0.1626
vn 0.3599 -0.8962 -0.2595
vn -0.0135 0.9844 0.1757
vn 0.3769 0.9247 0.0533
vn -0.6809 0.6630 0.3112
vn -0.6477 -0.7344 0.2029
vn -0.8729 -0.0805 0.4813
vn -0.0529 -0.9796 -0.1938
vn 0.3113 -0.8720 -0.3778
vn -0.0049 0.9742 0.2256
vn 0.3557 0.9345 0.0103
vn -0.6136 0.6174 0.4923
vn -0.5400 -0.7677 0.3449
vn -0.7198 -0.1277 0.6823
vn -0.0497 -0.9798 -0.1939
vn 0.2504 -0.8522 -0.4594
vn 0.0075 0.9721 0.2343
vn 0.3031 0.9508 -0.0638
vn -0.4999 0.5829 0.6406
vn -0.3596 -0.7971 0.4851
vn -0.4595 -0.1778 0.8702
vn -0.0584 -0.9828 -0.1753
vn 0.1424 -0.8334 -0.5339
vn 0.0128 0.9650 0.2621
vn 0.2083 0.9695 -0.1289
vn -0.3105 0.5376 0.7840
vn -0.0943 -0.8242 0.5584
vn -0.0913 -0.2165 0.9720
vn -0.0447 -0.9833 -0.1764
vn -0.0025 -0.8170 -0.5766
vn 0.0374 0.9644 0.2618
vn 0.0743 0.9823 -0.1717
vn -0.0388 0.5095 0.8596
vn 0.2525 -0.8208 0.5123
vn 0.3513 -0.2210 0.9098
vn 0.0156 -0.9856 -0.1685
vn -0.1403 -0.8181 -0.5577
vn 0.0310 0.9573 0.2873
vn -0.1258 0.9826 -0.1369
vn 0.2646 0.4967 0.8266
vn 0.5980 -0.7539 0.2722
vn 0.7780 -0.1370 0.6131
vn 0.0911 -0.9709 -0.2213
vn -0.2574 -0.8415 -0.4750
vn 0.0084 0.9536 0.3009
vn -0.3354 0.9420 0.0090
vn 0.5453 0.5535 0.6295
vn 0.7250 -0.6881 0.0293
vn 0.9568 -0.0294 0.2893
vn 0.0744 -0.9649 -0.2519
vn -0.3259 -0.8779 -0.3508
vn -0.0179 0.9628 0.2697
vn -0.4105 0.9023 0.1314
vn 0.6578 0.6453 0.3885
vn 0.7234 -0.6904 -0.0082
vn 0.9845 0.0079 0.1752
vn 0.0269 -0.9817 -0.1883
vn -0.3528 -0.9044 -0.2401
vn -0.0281 0.9818 0.1881
vn -0.4040 0.9084 0.1073
vn 0.6714 0.6958 0.2553
vn 0.7357 -0.6752 -0.0525
vn 0.9989 0.0171 0.0426
vn 0.0516 -0.9916 -0.1190
vn -0.3638 -0.9227 -0.1276
vn 0.0137 0.9925 0.1218
vn -0.3982 0.9123 0.0953
vn 0.7061 0.6988 0.1141
vn 0.7224 -0.6664 -0.1847
vn 0.9846 0.0397 -0.1703
vn 0.0409 -0.9949 -0.0924
vn -0.3573 -0.9339 -0.0165
vn -0.0019 0.9963 0.0859
vn -0.3966 0.9060 0.1479
vn 0.6893 0.7220 -0.0597
vn 0.7044 -0.6727 -0.2264
vn 0.9656 0.0457 -0.2562
vn 0.0287 -0.9976 -0.0633
vn -0.3446 -0.9379 0.0402
vn -0.0257 0.9977 0.0626
vn -0.3949 0.9053 0.1565
vn 0.6630 0.7360 -0.1366
vn 0.7072 -0.6741 -0.2131
vn 0.9637 0.0460 -0.2631
vn 0.0341 -0.9987 -0.0377
vn -0.3375 -0.9390 0.0659
vn -0.0340 0.9987 0.0376
vn -0.4004 0.9063 0.1354
vn 0.6560 0.7379 -0.1590
vn 0.7132 -0.6819 -0.1623
vn 0.9753 0.0446 -0.2162
vn 0.0281 -0.9995 -0.0122
vn -0.3364 -0.9392 0.0690
vn -0.0511 0.9985 0.0173
vn -0.4098 0.9071 0.0964
vn 0.6541 0.7432 -0.1407
vn 0.7254 -0.6782 -0.1179
vn 0.9863 0.0411 -0.1595
vn 0.0391 -0.9992 -0.0071
vn -0.3395 -0.9391 0.0542
vn -0.0435 0.9990 0.0077
vn -0.4158 0.9069 0.0679
vn 0.6676 0.7367 -0.1075
vn 0.7294 -0.6810 -0.0648
vn 0.9939 0.0468 -0.1002
vn 0.0308 -0.9995 0.0092
vn -0.3403 -0.9392 0.0457
vn -0.0554 0.9984 -0.0069
vn -0.4201 0.9069 0.0307
vn 0.6633 0.7445 -0.0757
vn 0.7414 -0.6706 0.0270
vn 0.9981 0.0548 -0.0271
vn 0.0409 -0.9971 0.0649
vn -0.3394 -0.9380 0.0699
vn -0.0522 0.9965 -0.0647
vn -0.4256 0.9035 -0.0497
vn 0.6655 0.7436 -0.0648
vn 0.7469 -0.6643 0.0298
vn 0.9968 0.0426 -0.0670
vn 0.0639 -0.9919 0.1099
vn -0.3366 -0.9329 0.1279
vn -0.0329 0.9932 -0.1119
vn -0.4259 0.9015 -0.0768
vn 0.6776 0.7247 -0.1254
vn 0.7404 -0.6710 -0.0391
vn 0.9826 0.0299 -0.1833
vn 0.0640 -0.9896 0.1289
vn -0.3307 -0.9243 0.1905
vn -0.0396 0.9901 -0.1343
vn -0.4263 0.9030 -0.0525
vn 0.6651 0.7129 -0.2224
vn 0.6899 -0.6862 -0.2306
vn 0.8943 -0.0160 -0.4473
vn 0.1027 -0.9880 0.1156
vn -0.2916 -0.9084 0.2997
vn -0.0028 0.9861 -0.1664
vn -0.3893 0.9203 0.0386
vn 0.6179 0.6625 -0.4235
vn 0.4906 -0.7301 -0.4757
vn 0.6159 -0.0767 -0.7841
vn 0.0912 -0.9906 0.1024
vn -0.1806 -0.8832 0.4329
vn -0.0259 0.9825 -0.1846
vn -0.2888 0.9427 0.1671
vn 0.4100 0.6180 -0.6708
vn 0.2456 -0.7692 -0.5900
vn 0.2807 -0.1255 -0.9515
vn 0.0720 -0.9913 0.1098
vn -0.0512 -0.8635 0.5018
vn -0.0496 0.9815 -0.1850
vn -0.1638 0.9595 0.2294
vn 0.1625 0.5868 -0.7933
vn -0.0168 -0.7850 -0.6193
vn -0.0725 -0.1500 -0.9860
vn 0.0490 -0.9939 0.0986
vn 0.0759 -0.8558 0.5116
vn -0.0563 0.9799 -0.1913
vn -0.0218 0.9696 0.2437
vn -0.0889 0.5669 -0.8189
vn -0.3244 -0.7835 -0.5301
vn -0.4762 -0.1532 -0.8659
vn 0.0087 -0.9945 0.1041
vn 0.2146 -0.8545 0.4730
vn -0.0627 0.9776 -0.2008
vn 0.1487 0.9702 0.1914
vn -0.3741 0.5592 -0.7398
vn -0.6032 -0.7475 -0.2781
vn -0.8414 -0.1069 -0.5297
vn -0.0344 -0.9912 0.1279
vn 0.3390 -0.8725 0.3518
vn -0.0776 0.9769 -0.1992
vn 0.2992 0.9530 0.0480
vn -0.6331 0.5905 -0.5005
vn -0.6892 -0.7234 -0.0411
vn -0.9806 -0.0500 -0.1894
vn 0.0061 -0.9911 0.1328
vn 0.4054 -0.8924 0.1981
vn -0.0527 0.9883 -0.1430
vn 0.3508 0.9347 -0.0565
vn -0.7243 0.6496 -0.2311
vn -0.6895 -0.7239 0.0243
vn -0.9972 -0.0327 -0.0679
vn 0.0222 -0.9945 0.1022
vn 0.4062 -0.9058 0.1204
vn -0.0330 0.9941 -0.1032
vn 0.3578 0.9313 -0.0690
vn -0.7266 0.6764 -0.1205
vn 0.2659 -0.0881 -0.9600
vn 0.2801 -0.0877 -0.9559
vn 0.6164 -0.0719 -0.7841
vn 0.5990 -0.0731 -0.7974
vn -0.9803 -0.0061 -0.1973
vn -0.9829 -0.0053 -0.1842
vn -0.8490 -0.0360 -0.5271
vn -0.8367 -0.0381 -0.5463
vn -0.0714 -0.1629 0.9841
vn 0.3563 -0.1681 0.9191
vn 0.3644 -0.1677 0.9160
vn -0.0855 -0.1618 0.9831
vn -0.0802 -0.0891 -0.9928
vn -0.0716 -0.0893 -0.9934
vn -0.4713 -0.0743 -0.8789
vn -0.4790 -0.0738 -0.8747
vn 0.7656 -0.1027 0.6351
vn 0.7882 -0.0950 0.6080
vn 0.8903 -0.0369 -0.4538
vn 0.8983 -0.0351 -0.4379
vn 0.9850 -0.0051 -0.1724
vn 0.9839 -0.0059 -0.1788
vn -0.9912 -0.0000 -0.1323
vn -0.9912 -0.0000 -0.1322
vn -0.9951 -0.0000 -0.0986
vn -0.9952 -0.0000 -0.0983
vn -0.4449 -0.1333 0.8856
vn -0.4651 -0.1314 0.8754
vn 0.9977 -0.0000 -0.0680
vn 0.9981 -0.0000 -0.0610
vn 0.9997 -0.0000 -0.0243
vn 0.9997 -0.0000 -0.0228
vn 0.9629 -0.0000 -0.2699
vn 0.9644 -0.0000 -0.2644
vn 0.9645 -0.0000 -0.2642
vn -0.8672 -0.0179 0.4976
vn -0.7174 -0.0807 0.6919
vn -0.7262 -0.0774 0.6831
vn -0.8728 -0.0152 0.4878
vn -0.9877 0.0067 0.1562
vn -0.9560 0.0116 0.2933
vn -0.9573 0.0117 0.2890
vn -0.9885 0.0058 0.1512
vn 0.9986 -0.0001 0.0523
vn 0.9995 -0.0001 0.0319
vn 0.9831 0.0054 0.1831
vn 0.9830 0.0059 0.1833
vn 0.9948 -0.0000 -0.1015
vn 0.9948 -0.0000 -0.1019
vn 0.9866 -0.0000 -0.1631
vn -1.0000 -0.0000 -0.0013
vn -0.9999 -0.0000 -0.0105
vn -0.9906 -0.0000 -0.1371
vn -0.9906 -0.0000 -0.1368
vn 0.9752 -0.0000 -0.2214
vn 0.9752 -0.0000 -0.2212
vn -0.9995 -0.0000 -0.0319
vn -0.9991 -0.0000 -0.0431
vn -0.9990 -0.0000 -0.0447
vn -0.9995 -0.0000 -0.0304
vn 0.9835 -0.0001 -0.1809
vn 0.9848 -0.0001 -0.1738
vn -0.9973 -0.0000 -0.0738
vn -0.9975 -0.0000 -0.0713
vn 0.9521 -0.0161 0.3054
vn 0.9580 -0.0117 0.2867
vn -0.0005 0.9995 -0.0303
vn -0.0004 0.9996 -0.0294
vn -0.0000 1.0000 -0.0000
vn -0.0008 0.9999 0.0102
vn -0.0008 0.9999 0.0110
vn -0.0016 0.9992 0.0392
vn -0.0016 0.9993 0.0387
vn -0.0025 0.9961 0.0884
vn -0.0025 0.9961 0.0881
vn -0.0057 0.9897 0.1431
vn -0.0055 0.9900 0.1407
vn -0.0062 0.9819 0.1892
vn -0.0064 0.9822 0.1879
vn 0.0023 0.9706 0.2406
vn 0.0027 0.9701 0.2425
vn 0.0168 0.9499 0.3120
vn 0.0166 0.9505 0.3103
vn 0.0321 0.9093 0.4150
vn -0.0034 0.9977 -0.0680
vn -0.0033 0.9977 -0.0678
vn -0.0093 0.9956 -0.0937
vn -0.0094 0.9955 -0.0943
vn -0.0159 0.9891 -0.1461
vn -0.0158 0.9893 -0.1451
vn -0.0228 0.9769 -0.2127
vn -0.0345 0.9726 -0.2300
vn 0.0553 0.1405 -0.9885
vn 0.0423 0.0757 -0.9962
vn -0.2540 0.0797 -0.9639
vn -0.2714 0.1397 -0.9523
vn -0.5654 0.1011 -0.8186
vn -0.5775 0.1413 -0.8041
vn -0.7881 0.1010 -0.6073
vn -0.7729 0.1271 -0.6217
vn -0.9180 0.0647 -0.3912
vn -0.8952 0.1005 -0.4343
vn -0.9776 0.0191 -0.2097
vn -0.9622 0.0612 -0.2654
vn -0.9984 -0.0232 -0.0521
vn -0.9964 0.0324 -0.0784
vn -0.9796 -0.0449 0.1960
vn -0.9774 0.0298 0.2094
vn -0.9073 -0.0393 0.4186
vn -0.8993 0.0418 0.4353
vn -0.7833 -0.0322 0.6208
vn -0.7769 0.0502 0.6276
vn -0.5776 -0.0232 0.8160
vn -0.5710 0.0462 0.8197
vn -0.2989 -0.0226 0.9540
vn -0.3175 0.0301 0.9478
vn 0.0417 -0.0473 0.9980
vn -0.0051 -0.0032 1.0000
vn 0.3328 -0.0783 0.9397
vn 0.3042 -0.0358 0.9519
vn 0.5675 -0.0885 0.8186
vn 0.5773 -0.0417 0.8155
vn 0.7824 -0.0665 0.6192
vn 0.8114 -0.0157 0.5843
vn 0.9245 -0.0346 0.3796
vn 0.9348 0.0192 0.3546
vn 0.9954 -0.0020 0.0962
vn 0.9962 0.0478 0.0735
vn 0.9938 0.0491 -0.1002
vn 0.9873 0.0667 -0.1445
vn 0.9744 0.1027 -0.2000
vn 0.9685 0.0797 -0.2357
vn 0.9235 0.1282 -0.3615
vn 0.9236 0.0984 -0.3706
vn 0.8298 0.1180 -0.5454
vn 0.8346 0.1239 -0.5367
vn 0.6330 0.1041 -0.7671
vn 0.6422 0.1462 -0.7524
vn 0.3388 0.0915 -0.9364
vn 0.3607 0.1503 -0.9205
vn -0.7064 -0.6973 0.1218
vn -0.5376 -0.8204 0.1949
vn -0.4885 -0.8580 0.1586
vn -0.6634 -0.7332 0.1493
vn -0.2263 -0.9331 0.2795
vn -0.0452 -0.9493 0.3111
vn -0.0114 -0.9833 0.1818
vn -0.1936 -0.9655 0.1742
vn 0.4079 -0.8593 0.3084
vn 0.6299 -0.7468 0.2132
vn 0.5205 -0.8364 0.1716
vn 0.3515 -0.9178 0.1845
vn -0.3879 -0.8886 0.2448
vn -0.3608 -0.9179 0.1652
vn 0.1789 -0.9263 0.3317
vn 0.1874 -0.9644 0.1866
vn 0.8743 -0.4823 0.0554
vn 0.7881 -0.6059 0.1087
vn 0.2034 -0.7118 0.6723
vn 0.5897 -0.5737 0.5685
vn 0.5000 -0.7988 0.3345
vn 0.1683 -0.9130 0.3717
vn -0.6287 -0.5586 0.5410
vn -0.4177 -0.6438 0.6411
vn -0.3069 -0.8938 0.3270
vn -0.4878 -0.8271 0.2791
vn 0.8938 -0.3042 0.3294
vn 0.9981 0.0166 0.0601
vn 0.9889 -0.1477 0.0168
vn 0.8138 -0.5428 0.2077
vn -0.1489 -0.7152 0.6829
vn -0.1055 -0.9273 0.3592
vn -0.7732 -0.4752 0.4199
vn -0.6400 -0.7353 0.2233
vn -0.9093 -0.2781 0.3097
vn -0.8299 -0.5432 0.1270
vn 0.8459 -0.1187 0.5200
vn 0.9828 0.0177 0.1841
vn 0.5535 -0.2415 0.7971
vn 0.2205 -0.2616 0.9397
vn -0.1372 -0.2160 0.9667
vn -0.3970 -0.1431 0.9066
vn -0.6129 -0.0683 0.7872
vn -0.7725 -0.0197 0.6347
vn -0.8662 -0.0064 0.4997
vn -0.9563 -0.0869 -0.2792
vn -0.9972 -0.0469 -0.0574
vn -0.9987 -0.0318 -0.0388
vn -0.9722 -0.0353 -0.2315
vn -0.9129 -0.0908 -0.3980
vn -0.8809 -0.1278 -0.4557
vn -0.7525 -0.1575 -0.6395
vn -0.7278 -0.1638 -0.6659
vn -0.4403 -0.1862 -0.8784
vn -0.4597 -0.1597 -0.8736
vn -0.0530 -0.1853 -0.9813
vn -0.0985 -0.1108 -0.9889
vn 0.2915 -0.1885 -0.9378
vn 0.2696 -0.0582 -0.9612
vn 0.5670 -0.1770 -0.8045
vn 0.5355 -0.0162 -0.8444
vn 0.7760 -0.1198 -0.6192
vn 0.7240 0.0274 -0.6893
vn 0.8919 -0.0337 -0.4509
vn 0.8379 0.0710 -0.5412
vn 0.9257 0.0518 -0.3747
vn 0.8865 0.0995 -0.4520
vn 0.9464 0.1201 -0.2997
vn 0.9347 0.1038 -0.3399
vn 0.9748 0.1467 -0.1681
vn 0.9772 0.0940 -0.1903
vn 0.9900 0.1308 -0.0528
vn 0.9963 0.0775 -0.0383
vn -0.9636 -0.0143 0.2669
vn -0.9746 -0.1134 0.1934
vn 0.5523 -0.0543 0.8319
vn 0.8199 -0.0371 0.5713
vn 0.2441 -0.0511 0.9684
vn -0.0974 -0.0378 0.9945
vn -0.3451 -0.0046 0.9385
vn -0.5676 0.0304 0.8227
vn -0.7533 0.0444 0.6562
vn -0.8717 0.0327 0.4889
vn -0.9763 0.0069 0.2162
vn -0.9942 -0.0169 -0.1063
vn -0.9452 -0.0378 -0.3242
vn -0.8694 -0.0513 -0.4915
vn -0.7379 -0.0451 -0.6734
vn -0.5204 -0.0046 -0.8539
vn -0.1749 0.0503 -0.9833
vn 0.2037 0.1035 -0.9736
vn 0.4576 0.1501 -0.8764
vn 0.6560 0.1799 -0.7330
vn 0.8057 0.1825 -0.5635
vn 0.8811 0.1603 -0.4450
vn 0.9389 0.1238 -0.3212
vn 0.9761 0.1013 -0.1925
vn 0.9971 0.0759 -0.0107
vn 0.9697 0.0205 0.2435
vn 0.7392 -0.6390 0.2128
vn 0.9557 -0.2924 0.0334
vn 0.4561 -0.8319 0.3161
vn 0.1674 -0.9188 0.3576
vn -0.0849 -0.9311 0.3547
vn -0.2744 -0.9063 0.3215
vn -0.4405 -0.8551 0.2733
vn -0.5992 -0.7712 0.2149
vn -0.7801 -0.6124 0.1284
vn -0.4470 -0.1186 -0.8866
vn -0.4650 -0.0839 -0.8814
vn -0.0797 -0.0837 -0.9933
vn -0.0662 -0.1377 -0.9883
vn 0.2742 -0.1441 -0.9508
vn 0.2712 -0.0589 -0.9607
vn 0.5904 -0.0090 -0.8071
vn 0.5777 -0.1144 -0.8082
vn 0.8289 -0.0134 -0.5592
vn 0.8445 0.1120 -0.5237
vn 0.9238 0.2575 -0.2834
vn 0.9318 0.1148 -0.3444
vn 0.9432 0.2264 -0.2432
vn 0.9140 0.3695 -0.1678
vn 0.8809 0.4582 -0.1184
vn 0.9287 0.3189 -0.1892
vn 0.9249 0.3582 -0.1274
vn 0.8588 0.5013 -0.1052
vn 0.8655 0.4887 -0.1097
vn 0.9369 0.3389 -0.0858
vn 0.9538 0.2820 -0.1031
vn 0.8869 0.4374 -0.1486
vn 0.9166 0.3536 -0.1867
vn 0.9691 0.2080 -0.1327
vn 0.9874 0.0832 -0.1344
vn 0.9497 0.2457 -0.1942
vn 0.9809 0.1433 -0.1316
vn 0.9942 -0.0697 -0.0818
vn 0.9960 0.0702 0.0558
vn 0.9830 -0.1700 0.0687
vn 0.6390 -0.6803 0.3590
vn 0.8533 -0.4510 0.2618
vn 0.9212 -0.2661 0.2839
vn 0.6971 -0.5280 0.4850
vn 0.9420 -0.2518 0.2219
vn 0.9749 -0.0408 0.2188
vn -0.0653 -0.8245 0.5620
vn 0.2964 -0.8208 0.4883
vn 0.3073 -0.6593 0.6862
vn -0.0770 -0.6402 0.7643
vn -0.3731 -0.7658 0.5238
vn -0.4213 -0.5569 0.7158
vn -0.7675 -0.5409 0.3441
vn -0.6022 -0.6693 0.4352
vn -0.6669 -0.4785 0.5712
vn -0.8230 -0.4043 0.3990
vn -0.8636 -0.4338 0.2567
vn -0.9253 -0.2794 0.2563
vn -0.9258 -0.3748 0.0485
vn -0.9925 -0.1218 0.0049
vn -0.9973 -0.0139 -0.0722
vn -0.9660 -0.2586 -0.0021
vn -0.8982 -0.4144 0.1464
vn -0.9740 -0.1760 0.1426
vn -0.9898 -0.1423 -0.0057
vn -0.9907 0.1156 -0.0722
vn -0.9770 0.2062 -0.0541
vn -0.9976 -0.0610 0.0343
vn -0.9897 0.1272 -0.0658
vn -0.9979 0.0593 0.0275
vn -0.9667 0.2508 -0.0513
vn -0.9663 0.2464 -0.0740
vn -0.9478 0.0115 -0.3187
vn -0.9799 0.0986 -0.1733
vn -0.9721 0.1938 -0.1324
vn -0.9592 0.0852 -0.2697
vn -0.8210 -0.0268 -0.5702
vn -0.7878 -0.0782 -0.6110
vn -0.4354 -0.8812 0.1845
vn -0.2364 -0.9541 0.1837
vn -0.5912 -0.7825 0.1953
vn -0.6825 -0.7028 0.2005
vn 0.6163 -0.7675 0.1763
vn 0.7658 -0.6150 0.1881
vn 0.4336 -0.8876 0.1554
vn 0.2095 -0.9627 0.1714
vn -0.0220 -0.9831 0.1820
vn -0.9809 -0.0193 0.1938
vn -0.9777 0.0177 0.2092
vn -0.8924 0.0128 0.4510
vn -0.8863 -0.0326 0.4620
vn -0.7744 0.0169 0.6324
vn -0.7683 -0.0247 0.6396
vn -0.5808 0.0058 0.8140
vn -0.5751 -0.0080 0.8181
vn -0.3268 -0.0055 0.9451
vn -0.3284 0.0017 0.9445
vn -0.0359 -0.0173 0.9992
vn -0.0647 -0.0099 0.9979
vn 0.2745 -0.0349 0.9609
vn 0.2580 -0.0183 0.9660
vn 0.5790 -0.0423 0.8142
vn 0.5667 -0.0159 0.8238
vn 0.8305 -0.0276 0.5563
vn 0.8246 -0.0191 0.5655
vn 0.9477 0.0044 0.3191
vn 0.9591 -0.0005 0.2832
vn 0.9973 0.0446 0.0583
vn 0.9987 0.0473 0.0206
vn 0.9843 0.0745 -0.1599
vn 0.9799 0.0835 -0.1813
vn 0.9621 0.0966 -0.2551
vn 0.9524 0.1105 -0.2840
vn 0.9142 0.1176 -0.3878
vn 0.9020 0.1414 -0.4079
vn 0.8199 0.1401 -0.5550
vn 0.8094 0.1645 -0.5637
vn 0.6324 0.1616 -0.7576
vn 0.6327 0.1746 -0.7545
vn 0.3819 0.1622 -0.9098
vn 0.4051 0.1646 -0.8993
vn 0.0906 0.1428 -0.9856
vn 0.1400 0.1421 -0.9799
vn -0.2714 0.1165 -0.9554
vn -0.2337 0.1136 -0.9657
vn -0.5803 0.0996 -0.8083
vn -0.5608 0.0806 -0.8240
vn -0.7603 0.0908 -0.6432
vn -0.7525 0.0594 -0.6559
vn -0.8803 0.0765 -0.4683
vn -0.8710 0.0485 -0.4888
vn -0.9507 0.0582 -0.3045
vn -0.9450 0.0320 -0.3255
vn -0.9945 0.0392 -0.0966
vn -0.9929 0.0080 -0.1184
vn -0.9044 -0.2262 -0.3617
vn -0.9573 -0.2294 -0.1761
vn -0.5050 -0.2456 -0.8274
vn -0.7702 -0.2224 -0.5977
vn 0.0268 -0.2388 -0.9707
vn -0.2186 -0.2501 -0.9432
vn 0.6125 -0.1784 -0.7701
vn 0.3209 -0.2124 -0.9230
vn 0.9205 -0.1138 -0.3739
vn 0.7949 -0.1518 -0.5874
vn 0.9859 -0.1621 -0.0424
vn 0.9822 -0.1193 -0.1452
vn 0.8949 -0.2163 0.3903
vn 0.9717 -0.2010 0.1241
vn 0.5551 -0.2570 0.7911
vn 0.7388 -0.2450 0.6278
vn 0.0755 -0.2602 0.9626
vn 0.3508 -0.2604 0.8995
vn -0.5716 -0.2759 0.7728
vn -0.2750 -0.2729 0.9219
vn -0.8823 -0.2773 0.3804
vn -0.7627 -0.2751 0.5854
vn -0.9694 -0.2450 -0.0125
vn -0.9436 -0.2700 0.1918
vn 0.9294 -0.3684 -0.0208
vn 0.9231 -0.3675 -0.1133
vn 0.3540 -0.4074 0.8418
vn 0.5342 -0.3882 0.7509
vn 0.7013 -0.3817 0.6021
vn -0.7140 -0.4406 0.5441
vn -0.5417 -0.4444 0.7135
vn -0.2503 -0.4495 0.8575
vn -0.9022 -0.4312 0.0022
vn -0.8854 -0.4309 0.1742
vn -0.6956 -0.4986 -0.5173
vn -0.8310 -0.4651 -0.3053
vn 0.2913 -0.4878 -0.8229
vn 0.0158 -0.5098 -0.8602
vn -0.1828 -0.5160 -0.8369
vn 0.8490 -0.3845 -0.3623
vn -0.8843 -0.4411 -0.1530
vn 0.7141 -0.4132 -0.5651
vn 0.8515 -0.3674 0.3742
vn 0.9206 -0.3686 0.1290
vn 0.0881 -0.4280 0.8995
vn -0.8312 -0.4351 0.3462
vn -0.4274 -0.5241 -0.7366
vn 0.5467 -0.4515 -0.7051
vn -0.0572 -0.1019 0.9932
vn 0.2777 -0.1024 0.9552
vn 0.2586 -0.2178 0.9411
vn -0.0473 -0.2151 0.9754
vn 0.5670 -0.0910 0.8186
vn 0.5630 -0.2241 0.7955
vn 0.7633 -0.0673 0.6425
vn 0.7807 -0.1925 0.5946
vn 0.8915 -0.0384 0.4515
vn 0.9103 -0.1420 0.3889
vn 0.9616 -0.0034 0.2745
vn 0.9745 -0.0897 0.2059
vn 0.9964 0.0234 0.0810
vn 0.9972 -0.0557 0.0494
vn 0.9799 0.0281 -0.1977
vn 0.9819 -0.0435 -0.1841
vn 0.9080 0.0189 -0.4185
vn 0.9162 -0.0494 -0.3977
vn 0.7928 0.0141 -0.6093
vn 0.8007 -0.0702 -0.5949
vn 0.5841 0.0210 -0.8114
vn 0.5935 -0.0983 -0.7988
vn 0.3274 0.0377 -0.9441
vn 0.3079 -0.1174 -0.9441
vn 0.0118 0.0634 -0.9979
vn -0.0441 -0.1037 -0.9936
vn -0.2974 0.0858 -0.9509
vn -0.3411 -0.0754 -0.9370
vn -0.5735 0.0857 -0.8147
vn -0.5788 -0.0538 -0.8137
vn -0.8123 0.0554 -0.5806
vn -0.7915 -0.0541 -0.6088
vn -0.9353 0.0180 -0.3535
vn -0.9271 -0.0591 -0.3700
vn -0.9976 -0.0110 -0.0685
vn -0.9931 -0.0765 -0.0894
vn -0.9869 -0.0313 0.1581
vn -0.9884 -0.1104 0.1041
vn -0.9672 -0.0441 0.2500
vn -0.9677 -0.1518 0.2013
vn -0.9191 -0.0618 0.3891
vn -0.9157 -0.1817 0.3584
vn -0.8273 -0.0846 0.5553
vn -0.8221 -0.1939 0.5353
vn -0.6284 -0.1027 0.7711
vn -0.6247 -0.2063 0.7531
vn -0.3535 -0.1053 0.9295
vn -0.3402 -0.2103 0.9165
vn 0.7054 0.6982 -0.1223
vn 0.6619 0.7345 -0.1496
vn 0.4866 0.8591 -0.1584
vn 0.5377 0.8202 -0.1953
vn 0.2265 0.9332 -0.2789
vn 0.1931 0.9658 -0.1733
vn 0.0110 0.9835 -0.1806
vn 0.0462 0.9495 -0.3103
vn -0.4086 0.8592 -0.3079
vn -0.3498 0.9186 -0.1837
vn -0.5172 0.8383 -0.1725
vn -0.6301 0.7464 -0.2139
vn 0.3603 0.9182 -0.1645
vn 0.3882 0.8885 -0.2446
vn -0.1881 0.9645 -0.1856
vn -0.1789 0.9266 -0.3309
vn -0.7874 0.6069 -0.1086
vn -0.8735 0.4838 -0.0546
vn -0.1962 0.7514 -0.6300
vn -0.1675 0.9134 -0.3710
vn -0.4981 0.8020 -0.3297
vn -0.5851 0.6021 -0.5433
vn 0.6240 0.6030 -0.4969
vn 0.4747 0.8445 -0.2481
vn 0.3439 0.8913 -0.2954
vn 0.4495 0.6847 -0.5736
vn -0.8985 0.3027 -0.3181
vn -0.8177 0.5397 -0.2001
vn -0.9896 0.1435 -0.0126
vn -0.9984 -0.0219 -0.0515
vn 0.1879 0.7410 -0.6447
vn 0.1413 0.9263 -0.3493
vn 0.7751 0.4689 -0.4234
vn 0.6246 0.7524 -0.2091
vn 0.9071 0.2908 -0.3043
vn 0.8277 0.5474 -0.1233
vn -0.8379 0.3178 -0.4439
vn -0.9834 0.1310 -0.1256
vn -0.5274 0.4894 -0.6945
vn -0.1945 0.5449 -0.8156
vn 0.1434 0.4994 -0.8544
vn 0.4236 0.4032 -0.8111
vn 0.6379 0.2976 -0.7103
vn 0.7775 0.2312 -0.5849
vn 0.8626 0.2001 -0.4646
vn 0.9292 0.2142 0.3011
vn 0.9670 0.0385 0.2520
vn 0.9978 0.0289 0.0593
vn 0.9770 0.1992 0.0760
vn 0.8688 0.2498 0.4276
vn 0.9283 0.1020 0.3575
vn 0.7374 0.3154 0.5973
vn 0.7880 0.1670 0.5926
vn 0.4542 0.3400 0.8234
vn 0.4463 0.1912 0.8742
vn 0.0833 0.3057 0.9485
vn 0.0490 0.1889 0.9808
vn -0.2960 0.2501 0.9219
vn -0.3062 0.1957 0.9316
vn -0.5572 0.2022 0.8054
vn -0.5807 0.1977 0.7897
vn -0.7212 0.1491 0.6765
vn -0.7778 0.1534 0.6095
vn -0.8147 0.0943 0.5721
vn -0.8763 0.0601 0.4779
vn -0.8604 0.0599 0.5061
vn -0.9110 -0.0454 0.4098
vn -0.9267 0.0485 0.3727
vn -0.9419 -0.1262 0.3112
vn -0.9732 0.0520 0.2240
vn -0.9712 -0.1554 0.1808
vn -0.9944 0.0671 0.0819
vn -0.9877 -0.1449 0.0595
vn 0.9745 0.1119 -0.1943
vn 0.9520 0.1951 -0.2357
vn -0.5356 0.2986 -0.7899
vn -0.8281 0.2535 -0.5001
vn -0.2176 0.3122 -0.9248
vn 0.0955 0.2913 -0.9518
vn 0.3589 0.2627 -0.8957
vn 0.6016 0.2169 -0.7688
vn 0.7743 0.1844 -0.6053
vn 0.8789 0.1814 -0.4411
vn 0.9652 0.1943 -0.1750
vn 0.9720 0.1998 0.1236
vn 0.9246 0.2058 0.3207
vn 0.8527 0.2175 0.4750
vn 0.7425 0.2084 0.6366
vn 0.5229 0.1927 0.8303
vn 0.1666 0.1570 0.9735
vn -0.2451 0.0926 0.9651
vn -0.4946 0.0231 0.8688
vn -0.6755 -0.0065 0.7373
vn -0.8032 -0.0209 0.5953
vn -0.8711 0.0067 0.4911
vn -0.9337 0.0425 0.3556
vn -0.9703 0.0595 0.2345
vn -0.9928 0.0889 0.0798
vn -0.9741 0.1550 -0.1645
vn -0.7467 0.6266 -0.2232
vn -0.9571 0.2877 -0.0347
vn -0.4639 0.8190 -0.3378
vn -0.1708 0.9073 -0.3843
vn 0.0973 0.9212 -0.3766
vn 0.2892 0.8986 -0.3300
vn 0.4428 0.8537 -0.2740
vn 0.5989 0.7715 -0.2149
vn 0.7800 0.6124 -0.1287
vn 0.4463 0.0932 0.8900
vn 0.0659 0.1094 0.9918
vn 0.0803 0.0258 0.9964
vn 0.4583 0.0241 0.8885
vn -0.2747 0.1188 0.9542
vn -0.5802 0.0982 0.8085
vn -0.5813 -0.0462 0.8124
vn -0.2656 0.0029 0.9641
vn -0.8304 0.0025 0.5572
vn -0.9254 -0.1325 0.3550
vn -0.9007 -0.3278 0.2851
vn -0.8308 -0.1744 0.5286
vn -0.9308 -0.2608 0.2561
vn -0.9110 -0.3650 0.1920
vn -0.8394 -0.5309 0.1168
vn -0.8802 -0.4428 0.1708
vn -0.9058 -0.4042 0.1270
vn -0.9202 -0.3825 0.0829
vn -0.8226 -0.5593 0.1028
vn -0.8138 -0.5726 0.0996
vn -0.9420 -0.3205 0.1000
vn -0.9607 -0.2442 0.1319
vn -0.8867 -0.4253 0.1814
vn -0.8496 -0.5079 0.1425
vn -0.9842 -0.1171 0.1328
vn -0.9965 0.0313 0.0774
vn -0.9647 -0.2269 0.1340
vn -0.9280 -0.3199 0.1910
vn -0.9907 0.1052 -0.0859
vn -0.9802 -0.1931 -0.0448
vn -0.6603 0.6344 -0.4020
vn -0.7336 0.4081 -0.5434
vn -0.9401 0.1148 -0.3209
vn -0.8730 0.3917 -0.2905
vn -0.9618 -0.1350 -0.2383
vn -0.9539 0.1753 -0.2434
vn 0.0663 0.7692 -0.6356
vn 0.0769 0.4903 -0.8681
vn -0.3289 0.5327 -0.7798
vn -0.3131 0.7756 -0.5481
vn 0.3896 0.7079 -0.5891
vn 0.4454 0.3985 -0.8018
vn 0.7879 0.4803 -0.3854
vn 0.8582 0.2748 -0.4336
vn 0.6983 0.3316 -0.6344
vn 0.6243 0.6109 -0.4870
vn 0.8806 0.3843 -0.2773
vn 0.9514 0.1567 -0.2650
vn 0.9352 0.3501 -0.0536
vn 0.9715 0.2368 0.0020
vn 0.9963 -0.0441 0.0743
vn 0.9978 0.0656 0.0024
vn 0.9862 0.0915 -0.1380
vn 0.9135 0.3759 -0.1559
vn 0.9937 0.1119 0.0067
vn 0.9991 0.0287 -0.0319
vn 0.9603 -0.2733 0.0561
vn 0.9810 -0.1796 0.0737
vn 0.9844 -0.1576 0.0778
vn 0.9440 -0.3213 0.0750
vn 0.9456 -0.3207 0.0541
vn 0.9952 -0.0941 -0.0269
vn 0.9573 -0.0314 0.2873
vn 0.9501 -0.1752 0.2583
vn 0.9524 -0.2756 0.1306
vn 0.9769 -0.1098 0.1835
vn 0.8124 0.0519 0.5808
vn 0.8137 -0.0540 0.5788
vn 0.4365 0.8808 -0.1835
vn 0.2369 0.9544 -0.1816
vn 0.5924 0.7817 -0.1949
vn 0.6807 0.7047 -0.2000
vn -0.6171 0.7668 -0.1767
vn -0.7638 0.6173 -0.1884
vn -0.4368 0.8862 -0.1541
vn -0.2103 0.9629 -0.1689
vn 0.0221 0.9835 -0.1794
vn 0.9851 0.0685 -0.1576
vn 0.8939 0.0883 -0.4396
vn 0.8989 0.0588 -0.4341
vn 0.9816 0.0489 -0.1847
vn 0.7843 0.0830 -0.6148
vn 0.7930 0.0592 -0.6064
vn 0.5936 0.0622 -0.8024
vn 0.6001 0.0722 -0.7967
vn 0.3292 0.0338 -0.9437
vn 0.3453 0.0837 -0.9348
vn 0.0650 0.0196 -0.9977
vn 0.0515 0.0936 -0.9943
vn -0.2369 0.0294 -0.9711
vn -0.2666 0.1074 -0.9578
vn -0.5473 0.0469 -0.8356
vn -0.5745 0.1119 -0.8108
vn -0.8199 0.0582 -0.5695
vn -0.8299 0.0942 -0.5499
vn -0.9629 0.0372 -0.2674
vn -0.9489 0.0591 -0.3099
vn -0.9998 -0.0143 0.0161
vn -0.9993 0.0161 -0.0329
vn -0.9745 -0.0515 0.2185
vn -0.9822 -0.0215 0.1866
vn -0.9475 -0.0773 0.3103
vn -0.9604 -0.0467 0.2745
vn -0.8944 -0.1101 0.4336
vn -0.9094 -0.0658 0.4108
vn -0.8009 -0.1326 0.5840
vn -0.8120 -0.0824 0.5779
vn -0.6300 -0.1369 0.7644
vn -0.6288 -0.0966 0.7716
vn -0.4102 -0.1177 0.9043
vn -0.3752 -0.0921 0.9224
vn -0.1528 -0.0808 0.9850
vn -0.0881 -0.0682 0.9938
vn 0.2218 -0.0452 0.9741
vn 0.2535 -0.0385 0.9666
vn 0.5471 -0.0279 0.8366
vn 0.5500 -0.0192 0.8349
vn 0.7447 -0.0216 0.6670
vn 0.7449 -0.0124 0.6670
vn 0.8697 -0.0086 0.4934
vn 0.8750 -0.0053 0.4841
vn 0.9471 0.0134 0.3207
vn 0.9511 0.0052 0.3090
vn 0.9906 0.0385 0.1315
vn 0.9941 0.0227 0.1061
vn 0.9113 -0.3819 0.1542
vn 0.8536 -0.4084 0.3235
vn 0.7239 -0.4368 0.5340
vn 0.4806 -0.4453 0.7555
vn 0.2197 -0.4292 0.8761
vn -0.0263 -0.4411 0.8971
vn -0.2986 -0.4561 0.8383
vn -0.5748 -0.4533 0.6812
vn -0.7336 -0.4514 0.5080
vn -0.8237 -0.4622 0.3285
vn -0.8922 -0.4333 0.1274
vn -0.9197 -0.3919 0.0231
vn -0.9127 -0.3898 -0.1224
vn -0.8558 -0.3735 -0.3579
vn -0.7144 -0.3775 -0.5891
vn -0.5459 -0.3580 -0.7575
vn -0.3436 -0.3693 -0.8635
vn -0.0603 -0.3738 -0.9255
vn 0.2785 -0.3797 -0.8822
vn 0.5680 -0.3581 -0.7410
vn 0.7525 -0.3480 -0.5591
vn 0.8603 -0.3438 -0.3764
vn 0.9190 -0.3439 -0.1929
vn 0.9310 -0.3651 0.0025
vn -0.7901 -0.6037 0.1060
vn -0.8050 -0.5931 -0.0148
vn -0.5014 -0.5226 -0.6895
vn -0.3222 -0.4989 -0.8045
vn -0.6209 -0.5608 -0.5477
vn 0.5185 -0.4989 -0.6945
vn 0.6765 -0.5173 -0.5242
vn 0.2665 -0.4941 -0.8275
vn 0.8135 -0.5454 -0.2019
vn 0.8322 -0.5541 -0.0202
vn 0.7787 -0.5563 0.2902
vn 0.6649 -0.5563 0.4984
vn -0.0188 -0.5214 0.8531
vn -0.2708 -0.5494 0.7904
vn 0.2129 -0.5154 0.8301
vn -0.7252 -0.6090 0.3214
vn 0.8182 -0.5564 0.1451
vn -0.6529 -0.5857 0.4803
vn -0.7357 -0.5859 -0.3399
vn -0.7926 -0.5942 -0.1370
vn -0.0509 -0.4892 -0.8707
vn 0.7707 -0.5312 -0.3518
vn 0.4479 -0.5399 0.7126
vn -0.5115 -0.5743 0.6391
vn -0.0463 -0.9316 -0.3605
vn -0.0190 -0.9537 -0.3001
vn -0.0199 -0.9531 -0.3020
vn -0.0008 -0.9665 -0.2568
vn -0.0017 -0.9659 -0.2589
vn 0.0060 -0.9785 -0.2061
vn 0.0060 -0.9783 -0.2073
vn 0.0074 -0.9890 -0.1476
vn 0.0075 -0.9895 -0.1443
vn 0.0103 -0.9957 -0.0922
vn 0.0103 -0.9957 -0.0925
vn 0.0130 -0.9982 -0.0584
vn 0.0130 -0.9982 -0.0588
vn 0.0149 -0.9994 -0.0317
vn 0.0150 -0.9994 -0.0300
vn 0.0174 -0.9998 -0.0059
vn 0.0175 -0.9998 -0.0055
vn 0.0220 -0.9997 0.0111
vn 0.0222 -0.9997 0.0117
vn 0.0365 -0.9984 0.0442
vn 0.0367 -0.9983 0.0446
vn 0.0530 -0.9953 0.0812
vn 0.0529 -0.9953 0.0808
vn 0.0575 -0.9931 0.1026
vn 0.0535 -0.9895 0.1344
vn 0.0533 -0.9893 0.1359
vn 0.0583 -0.9748 0.2152
vn 0.0523 -0.9736 0.2220
vn 0.0523 -0.9736 0.2221
vn 0.0504 -0.9813 0.1856
vn 0.0504 -0.9814 0.1850
vn -0.0855 0.4483 -0.8898
vn -0.3392 0.4336 -0.8348
vn -0.3801 0.0544 -0.9234
vn -0.0847 0.0656 -0.9942
vn 0.4449 0.4288 0.7863
vn 0.7184 0.4149 0.5583
vn 0.8000 0.0482 0.5981
vn 0.5070 0.0353 0.8612
vn -0.6901 0.4050 -0.5998
vn -0.8445 0.3819 -0.3754
vn -0.9124 0.0438 -0.4070
vn -0.7527 0.0374 -0.6573
vn 0.8589 0.3924 0.3290
vn 0.9096 0.3811 0.1655
vn 0.9834 0.0505 0.1744
vn 0.9369 0.0456 0.3465
vn -0.5232 0.4148 -0.7444
vn -0.5755 0.0515 -0.8162
vn -0.9228 0.3637 -0.1273
vn -0.9373 0.3480 0.0210
vn -0.9994 0.0321 0.0101
vn -0.9900 0.0229 -0.1390
vn -0.9280 0.3554 0.1117
vn -0.8482 0.3754 0.3738
vn -0.9176 0.0235 0.3967
vn -0.9929 0.0286 0.1155
vn 0.9251 0.3797 -0.0003
vn 0.9985 0.0532 -0.0109
vn 0.9060 0.3830 -0.1803
vn 0.8468 0.3962 -0.3548
vn 0.9183 0.0521 -0.3924
vn 0.9760 0.0574 -0.2101
vn -0.7135 0.3846 0.5857
vn -0.5465 0.4018 0.7348
vn -0.6116 0.0365 0.7903
vn -0.7831 0.0203 0.6215
vn 0.7189 0.4179 -0.5555
vn 0.5419 0.4363 -0.7183
vn 0.6033 0.0639 -0.7949
vn 0.7942 0.0636 -0.6043
vn -0.2883 0.4161 0.8624
vn -0.0107 0.4215 0.9068
vn -0.0131 0.0324 0.9994
vn -0.3151 0.0267 0.9487
vn 0.2437 0.4574 -0.8552
vn 0.2927 0.0589 -0.9544
vn 0.1965 0.4216 0.8852
vn 0.2264 0.0419 0.9731
vn -0.9138 -0.2061 -0.3500
vn -0.7729 -0.2113 -0.5982
vn -0.5163 -0.7614 -0.3920
vn -0.6004 -0.7675 -0.2245
vn 0.9726 -0.1852 0.1406
vn 0.8953 -0.1892 0.4033
vn 0.6076 -0.7541 0.2494
vn 0.6548 -0.7524 0.0715
vn 0.7354 -0.2097 0.6444
vn 0.5618 -0.2143 0.7990
vn 0.3615 -0.7869 0.5001
vn 0.4898 -0.7728 0.4036
vn 0.0140 -0.2104 -0.9775
vn 0.3081 -0.2069 -0.9286
vn 0.2129 -0.7653 -0.6075
vn 0.0099 -0.7690 -0.6392
vn 0.9770 -0.1748 -0.1219
vn 0.9850 -0.1717 -0.0138
vn 0.6557 -0.7543 -0.0335
vn 0.6628 -0.7452 -0.0731
vn 0.8006 0.4715 0.3698
vn 0.6519 0.4825 0.5850
vn 0.7223 0.2397 0.6487
vn 0.8783 0.2461 0.4099
vn 0.7638 -0.1933 -0.6158
vn 0.8989 -0.1847 -0.3974
vn 0.6154 -0.7451 -0.2572
vn 0.4950 -0.7644 -0.4132
vn -0.9584 -0.2024 0.2012
vn -0.9798 -0.2001 0.0053
vn -0.6463 -0.7631 -0.0076
vn -0.6351 -0.7654 0.1035
vn 0.8919 0.4521 0.0091
vn 0.8774 0.4593 0.1387
vn 0.9607 0.2325 0.1520
vn 0.9700 0.2429 0.0013
vn -0.7707 -0.2214 0.5975
vn -0.8977 -0.2146 0.3848
vn -0.5867 -0.7781 0.2244
vn -0.5059 -0.7782 0.3721
vn 0.5908 -0.1922 -0.7836
vn 0.3992 -0.7492 -0.5285
vn -0.8978 0.4401 0.0192
vn -0.8812 0.4469 -0.1540
vn -0.9591 0.2239 -0.1733
vn -0.9759 0.2178 0.0134
vn 0.8021 0.4846 -0.3490
vn 0.8802 0.4624 -0.1069
vn 0.9618 0.2438 -0.1242
vn 0.8834 0.2509 -0.3958
vn -0.2750 -0.2430 0.9302
vn -0.5819 -0.2326 0.7793
vn -0.3777 -0.7915 0.4805
vn -0.1653 -0.7927 0.5868
vn -0.2194 -0.2097 -0.9528
vn -0.1287 -0.7718 -0.6227
vn -0.8170 0.4446 0.3672
vn -0.8745 0.4383 0.2076
vn -0.9512 0.2172 0.2190
vn -0.8917 0.2142 0.3987
vn 0.5288 0.5169 -0.6732
vn 0.6879 0.4947 -0.5310
vn 0.7583 0.2584 -0.5985
vn 0.5808 0.2754 -0.7660
vn 0.3649 -0.2252 0.9034
vn 0.0819 -0.2326 0.9691
vn 0.0741 -0.7914 0.6068
vn 0.2464 -0.7858 0.5673
vn -0.5232 0.4816 0.7031
vn -0.7017 0.4632 0.5413
vn -0.7650 0.2262 0.6030
vn -0.5749 0.2357 0.7835
vn 0.0110 0.5298 -0.8481
vn 0.2619 0.5288 -0.8073
vn 0.2965 0.2740 -0.9149
vn 0.0132 0.2749 -0.9614
vn -0.4893 -0.2190 -0.8441
vn -0.3100 -0.7698 -0.5580
vn -0.6990 0.4939 -0.5171
vn -0.4465 0.5196 -0.7284
vn -0.4936 0.2598 -0.8300
vn -0.7664 0.2496 -0.5919
vn 0.0552 0.5071 0.8601
vn -0.2628 0.5041 0.8227
vn -0.2833 0.2398 0.9286
vn 0.0657 0.2539 0.9650
vn -0.8319 0.4623 -0.3070
vn -0.9088 0.2307 -0.3477
vn -0.2344 -0.7503 -0.6181
vn -0.0260 -0.7471 -0.6642
vn 0.5397 -0.7327 0.4146
vn 0.3496 -0.7492 0.5626
vn -0.6153 -0.7290 -0.3001
vn -0.4828 -0.7473 -0.4565
vn 0.5002 0.4866 0.7162
vn 0.5532 0.2490 0.7950
vn 0.7038 -0.6988 0.1277
vn 0.6579 -0.7099 0.2514
vn -0.3879 -0.7297 -0.5631
vn -0.7135 -0.7004 -0.0187
vn -0.6675 -0.7341 -0.1250
vn -0.6082 -0.7415 0.2833
vn -0.6872 -0.7202 0.0953
vn 0.7107 -0.7032 -0.0201
vn 0.6310 -0.7128 -0.3063
vn 0.6879 -0.7021 -0.1841
vn -0.4093 -0.7459 0.5255
vn -0.5462 -0.7276 0.4151
vn 0.0680 -0.9976 0.0097
vn 0.0632 -0.9977 -0.0227
vn -0.6317 -0.7668 -0.1139
vn 0.0504 -0.9969 -0.0602
vn 0.0440 -0.9970 -0.0634
vn 0.0334 -0.9981 -0.0516
vn 0.0207 -0.9978 -0.0624
vn 0.0297 -0.9985 -0.0458
vn 0.0292 -0.9981 -0.0546
vn 0.0007 -0.9987 -0.0518
vn -0.0242 -0.9983 -0.0522
vn -0.0081 -0.9986 -0.0516
vn -0.0174 -0.9990 -0.0423
vn -0.0280 -0.9988 -0.0413
vn -0.0496 -0.9981 -0.0363
vn -0.0341 -0.9993 0.0124
vn -0.0172 -0.9996 0.0211
vn -0.0476 -0.9988 0.0102
vn -0.0187 -0.9998 0.0099
vn 0.0057 -0.9995 0.0322
vn -0.0002 -0.9995 0.0325
vn 0.0317 -0.9988 0.0363
vn 0.0370 -0.9990 0.0231
vn 0.0346 -0.9991 0.0243
vn 0.0590 -0.9980 0.0212
vn -0.9640 -0.2003 -0.1748
vn -0.2066 0.5253 -0.8254
vn -0.2263 0.2770 -0.9338
vn 0.3966 -0.7314 -0.5547
vn 0.5354 -0.7264 -0.4310
vn -0.0094 -0.7487 0.6628
vn -0.1949 -0.7516 0.6302
vn 0.3213 0.4990 0.8048
vn 0.3547 0.2486 0.9013
vn 0.2017 -0.7616 -0.6159
vn 0.1721 -0.7345 0.6564
vn -0.0000 0.7041 -0.7101
vn -0.0000 0.8286 -0.5598
vn 0.1092 0.8286 -0.5490
vn 0.1385 0.7041 -0.6965
vn -0.0000 -0.7041 -0.7101
vn -0.0000 -0.5528 -0.8333
vn 0.1626 -0.5528 -0.8173
vn 0.1385 -0.7041 -0.6965
vn -0.0000 0.5528 -0.8333
vn 0.1626 0.5528 -0.8173
vn -0.0000 -0.8286 -0.5598
vn 0.1092 -0.8286 -0.5490
vn -0.0000 0.3805 -0.9248
vn 0.1804 0.3805 -0.9070
vn -0.0000 -0.9217 -0.3879
vn 0.0757 -0.9217 -0.3804
vn -0.0000 0.1939 -0.9810
vn 0.1914 0.1939 -0.9622
vn -0.0000 -0.9796 -0.2010
vn 0.0392 -0.9796 -0.1971
vn -0.0000 -0.0000 -1.0000
vn 0.1951 -0.0000 -0.9808
vn -0.0000 0.9796 -0.2010
vn 0.0392 0.9796 -0.1971
vn -0.0000 -1.0000 -0.0000
vn -0.0000 -0.1939 -0.9810
vn 0.1914 -0.1939 -0.9622
vn -0.0000 0.9217 -0.3879
vn 0.0757 0.9217 -0.3804
vn -0.0000 -0.3805 -0.9248
vn 0.1804 -0.3805 -0.9070
vn 0.3754 -0.1939 -0.9063
vn 0.3539 -0.3805 -0.8544
vn 0.1484 0.9217 -0.3584
vn 0.2142 0.8286 -0.5172
vn 0.3189 -0.5528 -0.7699
vn 0.2718 0.7041 -0.6561
vn 0.2718 -0.7041 -0.6561
vn 0.3189 0.5528 -0.7699
vn 0.2142 -0.8286 -0.5172
vn 0.3539 0.3805 -0.8544
vn 0.1484 -0.9217 -0.3584
vn 0.3754 0.1939 -0.9063
vn 0.0769 -0.9796 -0.1857
vn 0.3827 -0.0000 -0.9239
vn 0.0769 0.9796 -0.1857
vn 0.3110 -0.8286 -0.4654
vn 0.2155 -0.9217 -0.3225
vn 0.5138 0.3805 -0.7689
vn 0.5450 0.1939 -0.8157
vn 0.1117 -0.9796 -0.1671
vn 0.5556 -0.0000 -0.8315
vn 0.1117 0.9796 -0.1671
vn 0.5450 -0.1939 -0.8157
vn 0.2155 0.9217 -0.3225
vn 0.5138 -0.3805 -0.7689
vn 0.3110 0.8286 -0.4654
vn 0.4630 -0.5528 -0.6929
vn 0.3945 0.7041 -0.5905
vn 0.3945 -0.7041 -0.5905
vn 0.4630 0.5528 -0.6929
vn 0.6539 -0.3805 -0.6539
vn 0.5893 -0.5528 -0.5893
vn 0.3958 0.8286 -0.3958
vn 0.5021 0.7041 -0.5021
vn 0.5021 -0.7041 -0.5021
vn 0.5893 0.5528 -0.5893
vn 0.3958 -0.8286 -0.3958
vn 0.6539 0.3805 -0.6539
vn 0.2743 -0.9217 -0.2743
vn 0.6937 0.1939 -0.6937
vn 0.1421 -0.9796 -0.1421
vn 0.7071 -0.0000 -0.7071
vn 0.1421 0.9796 -0.1421
vn 0.6937 -0.1939 -0.6937
vn 0.2743 0.9217 -0.2743
vn 0.3225 -0.9217 -0.2155
vn 0.1671 -0.9796 -0.1117
vn 0.8157 0.1939 -0.5450
vn 0.8315 -0.0000 -0.5556
vn 0.1671 0.9796 -0.1117
vn 0.8157 -0.1939 -0.5450
vn 0.3225 0.9217 -0.2155
vn 0.7689 -0.3805 -0.5138
vn 0.4654 0.8286 -0.3110
vn 0.6929 -0.5528 -0.4630
vn 0.5905 0.7041 -0.3945
vn 0.5905 -0.7041 -0.3945
vn 0.6929 0.5528 -0.4630
vn 0.4654 -0.8286 -0.3110
vn 0.7689 0.3805 -0.5138
vn 0.5172 0.8286 -0.2142
vn 0.6561 0.7041 -0.2718
vn 0.7699 -0.5528 -0.3189
vn 0.6561 -0.7041 -0.2718
vn 0.7699 0.5528 -0.3189
vn 0.5172 -0.8286 -0.2142
vn 0.8544 0.3805 -0.3539
vn 0.3584 -0.9217 -0.1484
vn 0.9063 0.1939 -0.3754
vn 0.1857 -0.9796 -0.0769
vn 0.9239 -0.0000 -0.3827
vn 0.1857 0.9796 -0.0769
vn 0.9063 -0.1939 -0.3754
vn 0.3584 0.9217 -0.1484
vn 0.8544 -0.3805 -0.3539
vn 0.9622 0.1939 -0.1914
vn 0.9808 -0.0000 -0.1951
vn 0.1971 0.9796 -0.0392
vn 0.1971 -0.9796 -0.0392
vn 0.9622 -0.1939 -0.1914
vn 0.3804 0.9217 -0.0757
vn 0.9070 -0.3805 -0.1804
vn 0.5490 0.8286 -0.1092
vn 0.8173 -0.5528 -0.1626
vn 0.6965 0.7041 -0.1385
vn 0.6965 -0.7041 -0.1385
vn 0.8173 0.5528 -0.1626
vn 0.5490 -0.8286 -0.1092
vn 0.9070 0.3805 -0.1804
vn 0.3804 -0.9217 -0.0757
vn 0.8333 -0.5528 -0.0000
vn 0.7101 -0.7041 -0.0000
vn 0.7101 0.7041 -0.0000
vn 0.8333 0.5528 -0.0000
vn 0.5598 -0.8286 -0.0000
vn 0.9248 0.3805 -0.0000
vn 0.3879 -0.9217 -0.0000
vn 0.9810 0.1939 -0.0000
vn 0.2010 -0.9796 -0.0000
vn 1.0000 -0.0000 -0.0000
vn 0.2010 0.9796 -0.0000
vn 0.9810 -0.1939 -0.0000
vn 0.3879 0.9217 -0.0000
vn 0.9248 -0.3805 -0.0000
vn 0.5598 0.8286 -0.0000
vn 0.1971 0.9796 0.0392
vn 0.1971 -0.9796 0.0392
vn 0.9808 -0.0000 0.1951
vn 0.9622 -0.1939 0.1914
vn 0.3804 0.9217 0.0757
vn 0.9070 -0.3805 0.1804
vn 0.5490 0.8286 0.1092
vn 0.8173 -0.5528 0.1626
vn 0.6965 0.7041 0.1385
vn 0.6965 -0.7041 0.1385
vn 0.8173 0.5528 0.1626
vn 0.5490 -0.8286 0.1092
vn 0.9070 0.3805 0.1804
vn 0.3804 -0.9217 0.0757
vn 0.9622 0.1939 0.1914
vn 0.6561 0.7041 0.2718
vn 0.7699 0.5528 0.3189
vn 0.6561 -0.7041 0.2718
vn 0.5172 -0.8286 0.2142
vn 0.8544 0.3805 0.3539
vn 0.3584 -0.9217 0.1484
vn 0.9063 0.1939 0.3754
vn 0.1857 -0.9796 0.0769
vn 0.9239 -0.0000 0.3827
vn 0.1857 0.9796 0.0769
vn 0.9063 -0.1939 0.3754
vn 0.3584 0.9217 0.1484
vn 0.8544 -0.3805 0.3539
vn 0.5172 0.8286 0.2142
vn 0.7699 -0.5528 0.3189
vn 0.8315 -0.0000 0.5556
vn 0.8157 -0.1939 0.5450
vn 0.1671 0.9796 0.1117
vn 0.3225 0.9217 0.2155
vn 0.7689 -0.3805 0.5138
vn 0.4654 0.8286 0.3110
vn 0.6929 -0.5528 0.4630
vn 0.5905 0.7041 0.3945
vn 0.5905 -0.7041 0.3945
vn 0.6929 0.5528 0.4630
vn 0.4654 -0.8286 0.3110
vn 0.7689 0.3805 0.5138
vn 0.3225 -0.9217 0.2155
vn 0.8157 0.1939 0.5450
vn 0.1671 -0.9796 0.1117
vn 0.5021 -0.7041 0.5021
vn 0.3958 -0.8286 0.3958
vn 0.5893 0.5528 0.5893
vn 0.6539 0.3805 0.6539
vn 0.2743 -0.9217 0.2743
vn 0.6937 0.1939 0.6937
vn 0.1421 -0.9796 0.1421
vn 0.7071 -0.0000 0.7071
vn 0.1421 0.9796 0.1421
vn 0.6937 -0.1939 0.6937
vn 0.2743 0.9217 0.2743
vn 0.6539 -0.3805 0.6539
vn 0.3958 0.8286 0.3958
vn 0.5893 -0.5528 0.5893
vn 0.5021 0.7041 0.5021
vn 0.5450 -0.1939 0.8157
vn 0.5138 -0.3805 0.7689
vn 0.2155 0.9217 0.3225
vn 0.3110 0.8286 0.4654
vn 0.4630 -0.5528 0.6929
vn 0.3945 0.7041 0.5905
vn 0.3945 -0.7041 0.5905
vn 0.4630 0.5528 0.6929
vn 0.3110 -0.8286 0.4654
vn 0.5138 0.3805 0.7689
vn 0.2155 -0.9217 0.3225
vn 0.5450 0.1939 0.8157
vn 0.1117 -0.9796 0.1671
vn 0.5556 -0.0000 0.8315
vn 0.1117 0.9796 0.1671
vn 0.2142 -0.8286 0.5172
vn 0.1484 -0.9217 0.3584
vn 0.3539 0.3805 0.8544
vn 0.3754 0.1939 0.9063
vn 0.0769 -0.9796 0.1857
vn 0.3827 -0.0000 0.9239
vn 0.0769 0.9796 0.1857
vn 0.3754 -0.1939 0.9063
vn 0.1484 0.9217 0.3584
vn 0.3539 -0.3805 0.8544
vn 0.2142 0.8286 0.5172
vn 0.3189 -0.5528 0.7699
vn 0.2718 0.7041 0.6561
vn 0.2718 -0.7041 0.6561
vn 0.3189 0.5528 0.7699
vn 0.0757 0.9217 0.3804
vn 0.1092 0.8286 0.5490
vn 0.1804 -0.3805 0.9070
vn 0.1626 -0.5528 0.8173
vn 0.1385 0.7041 0.6965
vn 0.1385 -0.7041 0.6965
vn 0.1626 0.5528 0.8173
vn 0.1092 -0.8286 0.5490
vn 0.1804 0.3805 0.9070
vn 0.0757 -0.9217 0.3804
vn 0.1914 0.1939 0.9622
vn 0.0392 -0.9796 0.1971
vn 0.1951 -0.0000 0.9808
vn 0.0392 0.9796 0.1971
vn 0.1914 -0.1939 0.9622
vn -0.0000 0.3805 0.9248
vn -0.0000 0.1939 0.9810
vn -0.0000 -0.9217 0.3879
vn -0.0000 -0.9796 0.2010
vn -0.0000 -0.0000 1.0000
vn -0.0000 0.9796 0.2010
vn -0.0000 -0.1939 0.9810
vn -0.0000 0.9217 0.3879
vn -0.0000 -0.3805 0.9248
vn -0.0000 0.8286 0.5598
vn -0.0000 -0.5528 0.8333
vn -0.0000 0.7041 0.7101
vn -0.0000 -0.7041 0.7101
vn -0.0000 0.5528 0.8333
vn -0.0000 -0.8286 0.5598
vn -0.1804 -0.3805 0.9070
vn -0.1626 -0.5528 0.8173
vn -0.1092 0.8286 0.5490
vn -0.1385 0.7041 0.6965
vn -0.1385 -0.7041 0.6965
vn -0.1626 0.5528 0.8173
vn -0.1092 -0.8286 0.5490
vn -0.1804 0.3805 0.9070
vn -0.0757 -0.9217 0.3804
vn -0.1914 0.1939 0.9622
vn -0.0392 -0.9796 0.1971
vn -0.1951 -0.0000 0.9808
vn -0.0392 0.9796 0.1971
vn -0.1914 -0.1939 0.9622
vn -0.0757 0.9217 0.3804
vn -0.1484 -0.9217 0.3584
vn -0.0769 -0.9796 0.1857
vn -0.3754 0.1939 0.9063
vn -0.3827 -0.0000 0.9239
vn -0.0769 0.9796 0.1857
vn -0.3754 -0.1939 0.9063
vn -0.1484 0.9217 0.3584
vn -0.3539 -0.3805 0.8544
vn -0.2142 0.8286 0.5172
vn -0.3189 -0.5528 0.7699
vn -0.2718 0.7041 0.6561
vn -0.2718 -0.7041 0.6561
vn -0.3189 0.5528 0.7699
vn -0.2142 -0.8286 0.5172
vn -0.3539 0.3805 0.8544
vn -0.3110 0.8286 0.4654
vn -0.3945 0.7041 0.5905
vn -0.4630 -0.5528 0.6929
vn -0.3945 -0.7041 0.5905
vn -0.4630 0.5528 0.6929
vn -0.3110 -0.8286 0.4654
vn -0.5138 0.3805 0.7689
vn -0.2155 -0.9217 0.3225
vn -0.5450 0.1939 0.8157
vn -0.1117 -0.9796 0.1671
vn -0.5556 -0.0000 0.8315
vn -0.1117 0.9796 0.1671
vn -0.5450 -0.1939 0.8157
vn -0.2155 0.9217 0.3225
vn -0.5138 -0.3805 0.7689
vn -0.6937 0.1939 0.6937
vn -0.7071 -0.0000 0.7071
vn -0.1421 0.9796 0.1421
vn -0.1421 -0.9796 0.1421
vn -0.6937 -0.1939 0.6937
vn -0.2743 0.9217 0.2743
vn -0.6539 -0.3805 0.6539
vn -0.3958 0.8286 0.3958
vn -0.5893 -0.5528 0.5893
vn -0.5021 0.7041 0.5021
vn -0.5021 -0.7041 0.5021
vn -0.5893 0.5528 0.5893
vn -0.3958 -0.8286 0.3958
vn -0.6539 0.3805 0.6539
vn -0.2743 -0.9217 0.2743
vn -0.6929 -0.5528 0.4630
vn -0.5905 -0.7041 0.3945
vn -0.5905 0.7041 0.3945
vn -0.6929 0.5528 0.4630
vn -0.4654 -0.8286 0.3110
vn -0.7689 0.3805 0.5138
vn -0.3225 -0.9217 0.2155
vn -0.8157 0.1939 0.5450
vn -0.1671 -0.9796 0.1117
vn -0.8315 -0.0000 0.5556
vn -0.1671 0.9796 0.1117
vn -0.8157 -0.1939 0.5450
vn -0.3225 0.9217 0.2155
vn -0.7689 -0.3805 0.5138
vn -0.4654 0.8286 0.3110
vn -0.1857 -0.9796 0.0769
vn -0.9239 -0.0000 0.3827
vn -0.9063 -0.1939 0.3754
vn -0.1857 0.9796 0.0769
vn -0.3584 0.9217 0.1484
vn -0.8544 -0.3805 0.3539
vn -0.5172 0.8286 0.2142
vn -0.7699 -0.5528 0.3189
vn -0.6561 0.7041 0.2718
vn -0.6561 -0.7041 0.2718
vn -0.7699 0.5528 0.3189
vn -0.5172 -0.8286 0.2142
vn -0.8544 0.3805 0.3539
vn -0.3584 -0.9217 0.1484
vn -0.9063 0.1939 0.3754
vn -0.6965 -0.7041 0.1385
vn -0.5490 -0.8286 0.1092
vn -0.8173 0.5528 0.1626
vn -0.9070 0.3805 0.1804
vn -0.3804 -0.9217 0.0757
vn -0.9622 0.1939 0.1914
vn -0.1971 -0.9796 0.0392
vn -0.9808 -0.0000 0.1951
vn -0.1971 0.9796 0.0392
vn -0.9622 -0.1939 0.1914
vn -0.3804 0.9217 0.0757
vn -0.9070 -0.3805 0.1804
vn -0.5490 0.8286 0.1092
vn -0.8173 -0.5528 0.1626
vn -0.6965 0.7041 0.1385
vn -0.2010 0.9796 -0.0000
vn -0.3879 0.9217 -0.0000
vn -0.9810 -0.1939 -0.0000
vn -0.9248 -0.3805 -0.0000
vn -0.5598 0.8286 -0.0000
vn -0.8333 -0.5528 -0.0000
vn -0.7101 0.7041 -0.0000
vn -0.7101 -0.7041 -0.0000
vn -0.8333 0.5528 -0.0000
vn -0.5598 -0.8286 -0.0000
vn -0.9248 0.3805 -0.0000
vn -0.3879 -0.9217 -0.0000
vn -0.9810 0.1939 -0.0000
vn -0.2010 -0.9796 -0.0000
vn -1.0000 -0.0000 -0.0000
vn -0.8173 0.5528 -0.1626
vn -0.9070 0.3805 -0.1804
vn -0.5490 -0.8286 -0.1092
vn -0.3804 -0.9217 -0.0757
vn -0.9622 0.1939 -0.1914
vn -0.1971 -0.9796 -0.0392
vn -0.9808 -0.0000 -0.1951
vn -0.1971 0.9796 -0.0392
vn -0.9622 -0.1939 -0.1914
vn -0.3804 0.9217 -0.0757
vn -0.9070 -0.3805 -0.1804
vn -0.5490 0.8286 -0.1092
vn -0.8173 -0.5528 -0.1626
vn -0.6965 0.7041 -0.1385
vn -0.6965 -0.7041 -0.1385
vn -0.9063 -0.1939 -0.3754
vn -0.8544 -0.3805 -0.3539
vn -0.3584 0.9217 -0.1484
vn -0.5172 0.8286 -0.2142
vn -0.7699 -0.5528 -0.3189
vn -0.6561 0.7041 -0.2718
vn -0.6561 -0.7041 -0.2718
vn -0.7699 0.5528 -0.3189
vn -0.5172 -0.8286 -0.2142
vn -0.8544 0.3805 -0.3539
vn -0.3584 -0.9217 -0.1484
vn -0.9063 0.1939 -0.3754
vn -0.1857 -0.9796 -0.0769
vn -0.9239 -0.0000 -0.3827
vn -0.1857 0.9796 -0.0769
vn -0.4654 -0.8286 -0.3110
vn -0.3225 -0.9217 -0.2155
vn -0.7689 0.3805 -0.5138
vn -0.8157 0.1939 -0.5450
vn -0.1671 -0.9796 -0.1117
vn -0.8315 -0.0000 -0.5556
vn -0.1671 0.9796 -0.1117
vn -0.8157 -0.1939 -0.5450
vn -0.3225 0.9217 -0.2155
vn -0.7689 -0.3805 -0.5138
vn -0.4654 0.8286 -0.3110
vn -0.6929 -0.5528 -0.4630
vn -0.5905 0.7041 -0.3945
vn -0.5905 -0.7041 -0.3945
vn -0.6929 0.5528 -0.4630
vn -0.2743 0.9217 -0.2743
vn -0.3958 0.8286 -0.3958
vn -0.6539 -0.3805 -0.6539
vn -0.5893 -0.5528 -0.5893
vn -0.5021 0.7041 -0.5021
vn -0.5021 -0.7041 -0.5021
vn -0.5893 0.5528 -0.5893
vn -0.3958 -0.8286 -0.3958
vn -0.6539 0.3805 -0.6539
vn -0.2743 -0.9217 -0.2743
vn -0.6937 0.1939 -0.6937
vn -0.1421 -0.9796 -0.1421
vn -0.7071 -0.0000 -0.7071
vn -0.1421 0.9796 -0.1421
vn -0.6937 -0.1939 -0.6937
vn -0.5138 0.3805 -0.7689
vn -0.5450 0.1939 -0.8157
vn -0.2155 -0.9217 -0.3225
vn -0.1117 -0.9796 -0.1671
vn -0.5556 -0.0000 -0.8315
vn -0.1117 0.9796 -0.1671
vn -0.5450 -0.1939 -0.8157
vn -0.2155 0.9217 -0.3225
vn -0.5138 -0.3805 -0.7689
vn -0.3110 0.8286 -0.4654
vn -0.4630 -0.5528 -0.6929
vn -0.3945 0.7041 -0.5905
vn -0.3945 -0.7041 -0.5905
vn -0.4630 0.5528 -0.6929
vn -0.3110 -0.8286 -0.4654
vn -0.3539 -0.3805 -0.8544
vn -0.3189 -0.5528 -0.7699
vn -0.2142 0.8286 -0.5172
vn -0.2718 0.7041 -0.6561
vn -0.2718 -0.7041 -0.6561
vn -0.3189 0.5528 -0.7699
vn -0.2142 -0.8286 -0.5172
vn -0.3539 0.3805 -0.8544
vn -0.1484 -0.9217 -0.3584
vn -0.3754 0.1939 -0.9063
vn -0.0769 -0.9796 -0.1857
vn -0.3827 -0.0000 -0.9239
vn -0.0769 0.9796 -0.1857
vn -0.3754 -0.1939 -0.9063
vn -0.1484 0.9217 -0.3584
vn -0.0757 -0.9217 -0.3804
vn -0.0392 -0.9796 -0.1971
vn -0.1914 0.1939 -0.9622
vn -0.1951 -0.0000 -0.9808
vn -0.0392 0.9796 -0.1971
vn -0.1914 -0.1939 -0.9622
vn -0.0757 0.9217 -0.3804
vn -0.1804 -0.3805 -0.9070
vn -0.1092 0.8286 -0.5490
vn -0.1626 -0.5528 -0.8173
vn -0.1385 0.7041 -0.6965
vn -0.1385 -0.7041 -0.6965
vn -0.1626 0.5528 -0.8173
vn -0.1092 -0.8286 -0.5490
vn -0.1804 0.3805 -0.9070
vt 0.156491 0.968218
vt 0.156376 0.968218
vt 0.156376 0.968194
vt 0.156491 0.968194
vt 0.156491 0.968243
vt 0.156376 0.968243
vt 0.156491 0.968267
vt 0.156376 0.968267
vt 0.156491 0.968145
vt 0.156376 0.968145
vt 0.156376 0.968121
vt 0.156491 0.968121
vt 0.156491 0.968170
vt 0.156376 0.968170
vt 0.156258 0.968218
vt 0.156258 0.968194
vt 0.156258 0.968243
vt 0.156258 0.968267
vt 0.156258 0.968145
vt 0.156258 0.968121
vt 0.156258 0.968170
vt 0.156122 0.968218
vt 0.156122 0.968194
vt 0.156122 0.968243
vt 0.156122 0.968267
vt 0.156122 0.968145
vt 0.156122 0.968121
vt 0.156122 0.968170
vt 0.155968 0.968218
vt 0.155968 0.968194
vt 0.155968 0.968243
vt 0.155968 0.968267
vt 0.155968 0.968145
vt 0.155968 0.968121
vt 0.155968 0.968170
vt 0.155800 0.968218
vt 0.155800 0.968194
vt 0.155800 0.968243
vt 0.155800 0.968267
vt 0.155800 0.968145
vt 0.155800 0.968121
vt 0.155800 0.968170
vt 0.155626 0.968218
vt 0.155626 0.968194
vt 0.155626 0.968243
vt 0.155626 0.968267
vt 0.155626 0.968145
vt 0.155626 0.968121
vt 0.155626 0.968170
vt 0.155457 0.968218
vt 0.155457 0.968194
vt 0.155457 0.968243
vt 0.155457 0.968267
vt 0.155457 0.968145
vt 0.155457 0.968121
vt 0.155457 0.968170
vt 0.155302 0.968218
vt 0.155302 0.968194
vt 0.155302 0.968243
vt 0.155302 0.968267
vt 0.155302 0.968145
vt 0.155302 0.968121
vt 0.155302 0.968170
vt 0.155161 0.968218
vt 0.155161 0.968194
vt 0.155161 0.968243
vt 0.155161 0.968267
vt 0.155161 0.968145
vt 0.155161 0.968121
vt 0.155161 0.968170
vt 0.155011 0.968218
vt 0.155011 0.968194
vt 0.155011 0.968243
vt 0.155011 0.968267
vt 0.155011 0.968145
vt 0.155011 0.968121
vt 0.155011 0.968170
vt 0.154873 0.968218
vt 0.154873 0.968194
vt 0.154873 0.968243
vt 0.154873 0.968267
vt 0.154873 0.968145
vt 0.154873 0.968121
vt 0.154873 0.968170
vt 0.157175 0.967726
vt 0.157047 0.967726
vt 0.157047 0.967702
vt 0.157175 0.967702
vt 0.157175 0.967750
vt 0.157047 0.967750
vt 0.157175 0.967775
vt 0.157047 0.967775
vt 0.157175 0.967653
vt 0.157047 0.967653
vt 0.157047 0.967628
vt 0.157175 0.967628
vt 0.157175 0.967677
vt 0.157047 0.967677
vt 0.156889 0.967726
vt 0.156889 0.967702
vt 0.156889 0.967750
vt 0.156889 0.967775
vt 0.156889 0.967653
vt 0.156889 0.967628
vt 0.156889 0.967677
vt 0.156733 0.967726
vt 0.156733 0.967702
vt 0.156733 0.967750
vt 0.156733 0.967775
vt 0.156733 0.967653
vt 0.156733 0.967628
vt 0.156733 0.967677
vt 0.156586 0.967726
vt 0.156586 0.967702
vt 0.156586 0.967750
vt 0.156586 0.967775
vt 0.156586 0.967653
vt 0.156586 0.967628
vt 0.156586 0.967677
vt 0.156446 0.967726
vt 0.156446 0.967702
vt 0.156446 0.967750
vt 0.156446 0.967775
vt 0.156446 0.967653
vt 0.156446 0.967628
vt 0.156446 0.967677
vt 0.156278 0.967726
vt 0.156278 0.967702
vt 0.156278 0.967750
vt 0.156278 0.967775
vt 0.156278 0.967653
vt 0.156278 0.967628
vt 0.156278 0.967677
vt 0.156125 0.967726
vt 0.156125 0.967702
vt 0.156125 0.967750
vt 0.156125 0.967775
vt 0.156125 0.967653
vt 0.156125 0.967628
vt 0.156125 0.967677
vt 0.155977 0.967726
vt 0.155977 0.967702
vt 0.155977 0.967750
vt 0.155977 0.967775
vt 0.155977 0.967653
vt 0.155977 0.967628
vt 0.155977 0.967677
vt 0.155849 0.967726
vt 0.155849 0.967702
vt 0.155849 0.967750
vt 0.155849 0.967775
vt 0.155849 0.967653
vt 0.155849 0.967628
vt 0.155849 0.967677
vt 0.155734 0.967726
vt 0.155734 0.967702
vt 0.155734 0.967750
vt 0.155734 0.967775
vt 0.155734 0.967653
vt 0.155734 0.967628
vt 0.155734 0.967677
vt 0.155628 0.967726
vt 0.155628 0.967702
vt 0.155628 0.967750
vt 0.155628 0.967775
vt 0.155628 0.967653
vt 0.155628 0.967628
vt 0.155628 0.967677
vt 0.155528 0.967726
vt 0.155528 0.967702
vt 0.155528 0.967750
vt 0.155528 0.967775
vt 0.155528 0.967653
vt 0.155528 0.967628
vt 0.155528 0.967677
vt 0.155423 0.967726
vt 0.155423 0.967702
vt 0.155423 0.967750
vt 0.155423 0.967775
vt 0.155423 0.967653
vt 0.155423 0.967628
vt 0.155423 0.967677
vt 0.155309 0.967726
vt 0.155309 0.967702
vt 0.155309 0.967750
vt 0.155309 0.967775
vt 0.155309 0.967653
vt 0.155309 0.967628
vt 0.155309 0.967677
vt 0.155191 0.967726
vt 0.155191 0.967702
vt 0.155191 0.967750
vt 0.155191 0.967775
vt 0.155191 0.967653
vt 0.155191 0.967628
vt 0.155191 0.967677
vt 0.155081 0.967726
vt 0.155081 0.967702
vt 0.155081 0.967750
vt 0.155081 0.967775
vt 0.155081 0.967653
vt 0.155081 0.967628
vt 0.155081 0.967677
vt 0.154980 0.967726
vt 0.154980 0.967702
vt 0.154980 0.967750
vt 0.154980 0.967775
vt 0.154980 0.967653
vt 0.154980 0.967628
vt 0.154980 0.967677
vt 0.154873 0.967726
vt 0.154873 0.967702
vt 0.154873 0.967750
vt 0.154873 0.967775
vt 0.154873 0.967653
vt 0.154873 0.967628
vt 0.154873 0.967677
vt 0.157109 0.968218
vt 0.156994 0.968218
vt 0.156994 0.968194
vt 0.157109 0.968194
vt 0.157109 0.968243
vt 0.156994 0.968243
vt 0.157109 0.968267
vt 0.156994 0.968267
vt 0.157109 0.968145
vt 0.156994 0.968145
vt 0.156994 0.968121
vt 0.157109 0.968121
vt 0.157109 0.968170
vt 0.156994 0.968170
vt 0.156865 0.968218
vt 0.156865 0.968194
vt 0.156865 0.968243
vt 0.156865 0.968267
vt 0.156865 0.968145
vt 0.156865 0.968121
vt 0.156865 0.968170
vt 0.156738 0.968218
vt 0.156738 0.968194
vt 0.156738 0.968243
vt 0.156738 0.968267
vt 0.156738 0.968145
vt 0.156738 0.968121
vt 0.156738 0.968170
vt 0.156603 0.968218
vt 0.156603 0.968194
vt 0.156603 0.968243
vt 0.156603 0.968267
vt 0.156603 0.968145
vt 0.156603 0.968121
vt 0.156603 0.968170
vt 0.157121 0.967974
vt 0.157121 0.968075
vt 0.157019 0.968075
vt 0.157019 0.967974
vt 0.156791 0.967929
vt 0.156791 0.967818
vt 0.156921 0.967818
vt 0.156921 0.967929
vt 0.154873 0.967974
vt 0.155003 0.967974
vt 0.155003 0.968075
vt 0.154873 0.968075
vt 0.157230 0.967974
vt 0.157230 0.968075
vt 0.157051 0.967929
vt 0.157051 0.967818
vt 0.155163 0.967974
vt 0.155163 0.968075
vt 0.156910 0.967974
vt 0.156910 0.968075
vt 0.156788 0.968075
vt 0.156788 0.967974
vt 0.156155 0.967929
vt 0.156155 0.967818
vt 0.156296 0.967818
vt 0.156296 0.967929
vt 0.155015 0.967929
vt 0.154873 0.967929
vt 0.154873 0.967818
vt 0.155015 0.967818
vt 0.156672 0.967974
vt 0.156672 0.968075
vt 0.156564 0.968075
vt 0.156564 0.967974
vt 0.156096 0.967974
vt 0.156096 0.968075
vt 0.155943 0.968075
vt 0.155943 0.967974
vt 0.155311 0.967929
vt 0.155168 0.967929
vt 0.155168 0.967818
vt 0.155311 0.967818
vt 0.155647 0.967929
vt 0.155467 0.967929
vt 0.155467 0.967818
vt 0.155647 0.967818
vt 0.155617 0.967974
vt 0.155617 0.968075
vt 0.155467 0.968075
vt 0.155467 0.967974
vt 0.156459 0.967974
vt 0.156459 0.968075
vt 0.156349 0.968075
vt 0.156349 0.967974
vt 0.155825 0.967929
vt 0.155825 0.967818
vt 0.155996 0.967818
vt 0.155996 0.967929
vt 0.156230 0.967974
vt 0.156230 0.968075
vt 0.156539 0.967929
vt 0.156419 0.967929
vt 0.156419 0.967818
vt 0.156539 0.967818
vt 0.155786 0.968075
vt 0.155786 0.967974
vt 0.156654 0.967929
vt 0.156654 0.967818
vt 0.155318 0.967974
vt 0.155318 0.968075
vt 0.157167 0.967818
vt 0.157167 0.967929
vt 0.157544 0.971476
vt 0.157532 0.970898
vt 0.157651 0.970892
vt 0.157648 0.971476
vt 0.157758 0.971489
vt 0.157773 0.970877
vt 0.157876 0.971504
vt 0.157912 0.970854
vt 0.158007 0.971535
vt 0.158069 0.970825
vt 0.158238 0.970795
vt 0.158155 0.971570
vt 0.158415 0.970809
vt 0.158309 0.971604
vt 0.158601 0.970837
vt 0.158478 0.971613
vt 0.158746 0.970891
vt 0.158631 0.971579
vt 0.158867 0.970966
vt 0.158776 0.971545
vt 0.158918 0.971480
vt 0.158969 0.971082
vt 0.159015 0.971217
vt 0.159008 0.971346
vt 0.157436 0.971480
vt 0.157417 0.970909
vt 0.157321 0.971470
vt 0.157281 0.970927
vt 0.157195 0.971449
vt 0.157153 0.970970
vt 0.157110 0.971382
vt 0.157071 0.971070
vt 0.157044 0.971184
vt 0.157062 0.971291
vt 0.155260 0.968394
vt 0.155095 0.968394
vt 0.155095 0.968298
vt 0.155260 0.968298
vt 0.155260 0.970889
vt 0.155095 0.970889
vt 0.155095 0.970789
vt 0.155260 0.970789
vt 0.155095 0.970685
vt 0.155260 0.970685
vt 0.155095 0.970573
vt 0.155260 0.970573
vt 0.155095 0.970457
vt 0.155260 0.970457
vt 0.155095 0.970342
vt 0.155260 0.970342
vt 0.155095 0.970226
vt 0.155260 0.970226
vt 0.155095 0.970105
vt 0.155260 0.970105
vt 0.155095 0.969986
vt 0.155260 0.969986
vt 0.155095 0.969876
vt 0.155260 0.969876
vt 0.155095 0.969770
vt 0.155260 0.969770
vt 0.155095 0.969665
vt 0.155260 0.969665
vt 0.155095 0.969561
vt 0.155260 0.969561
vt 0.155095 0.969454
vt 0.155260 0.969454
vt 0.155095 0.969342
vt 0.155260 0.969342
vt 0.155095 0.969231
vt 0.155260 0.969231
vt 0.155095 0.969117
vt 0.155260 0.969117
vt 0.155095 0.969009
vt 0.155260 0.969009
vt 0.155095 0.968902
vt 0.155260 0.968902
vt 0.155095 0.968800
vt 0.155260 0.968800
vt 0.155095 0.968699
vt 0.155260 0.968699
vt 0.155095 0.968597
vt 0.155260 0.968597
vt 0.155095 0.968497
vt 0.155260 0.968497
vt 0.158599 0.968089
vt 0.158501 0.968077
vt 0.158493 0.967917
vt 0.158574 0.967936
vt 0.158309 0.968033
vt 0.158215 0.968022
vt 0.158219 0.967852
vt 0.158313 0.967864
vt 0.158034 0.968033
vt 0.157946 0.968047
vt 0.157962 0.967896
vt 0.158042 0.967868
vt 0.158404 0.968055
vt 0.158405 0.967887
vt 0.158123 0.968022
vt 0.158129 0.967853
vt 0.157855 0.968051
vt 0.157886 0.967910
vt 0.158115 0.968421
vt 0.158015 0.968446
vt 0.158018 0.968345
vt 0.158117 0.968319
vt 0.158416 0.968488
vt 0.158314 0.968446
vt 0.158311 0.968338
vt 0.158419 0.968374
vt 0.157909 0.968490
vt 0.157797 0.968564
vt 0.157799 0.968382
vt 0.157915 0.968374
vt 0.158215 0.968422
vt 0.158214 0.968317
vt 0.158512 0.968543
vt 0.158523 0.968413
vt 0.158620 0.968634
vt 0.158637 0.968438
vt 0.155869 0.969342
vt 0.155869 0.969231
vt 0.156001 0.969231
vt 0.156001 0.969342
vt 0.155869 0.969454
vt 0.156001 0.969454
vt 0.155869 0.969561
vt 0.156001 0.969561
vt 0.155869 0.969665
vt 0.156001 0.969665
vt 0.155869 0.969770
vt 0.156001 0.969770
vt 0.155869 0.969876
vt 0.156001 0.969876
vt 0.155869 0.969986
vt 0.156001 0.969986
vt 0.155869 0.970105
vt 0.156001 0.970105
vt 0.155869 0.970457
vt 0.155869 0.970342
vt 0.156001 0.970342
vt 0.156001 0.970457
vt 0.156001 0.970573
vt 0.155869 0.970573
vt 0.156001 0.970685
vt 0.155869 0.970685
vt 0.156001 0.970789
vt 0.155869 0.970789
vt 0.156001 0.970889
vt 0.155869 0.970889
vt 0.156001 0.968298
vt 0.156001 0.968394
vt 0.155869 0.968394
vt 0.155869 0.968298
vt 0.156001 0.968497
vt 0.155869 0.968497
vt 0.156001 0.968597
vt 0.155869 0.968597
vt 0.156001 0.968699
vt 0.155869 0.968699
vt 0.156001 0.968800
vt 0.155869 0.968800
vt 0.156001 0.968902
vt 0.155869 0.968902
vt 0.156001 0.969009
vt 0.155869 0.969009
vt 0.156001 0.969117
vt 0.155869 0.969117
vt 0.155869 0.970226
vt 0.156001 0.970226
vt 0.155718 0.969454
vt 0.155718 0.969342
vt 0.155718 0.969561
vt 0.155718 0.969665
vt 0.155718 0.969770
vt 0.155718 0.969876
vt 0.155718 0.969986
vt 0.155718 0.970105
vt 0.155718 0.970226
vt 0.155718 0.970342
vt 0.155718 0.970457
vt 0.155718 0.970573
vt 0.155718 0.970685
vt 0.155718 0.970789
vt 0.155718 0.970889
vt 0.155718 0.968394
vt 0.155718 0.968298
vt 0.155718 0.968497
vt 0.155718 0.968597
vt 0.155718 0.968699
vt 0.155718 0.968800
vt 0.155718 0.968902
vt 0.155718 0.969009
vt 0.155718 0.969117
vt 0.155718 0.969231
vt 0.157930 0.968215
vt 0.157822 0.968220
vt 0.158027 0.968198
vt 0.158119 0.968184
vt 0.158214 0.968183
vt 0.158311 0.968195
vt 0.158410 0.968219
vt 0.158513 0.968244
vt 0.158623 0.968259
vt 0.156154 0.970789
vt 0.156306 0.970789
vt 0.156306 0.970889
vt 0.156154 0.970889
vt 0.156154 0.968394
vt 0.156306 0.968394
vt 0.156306 0.968497
vt 0.156154 0.968497
vt 0.156154 0.968298
vt 0.156306 0.968298
vt 0.156154 0.968597
vt 0.156306 0.968597
vt 0.156306 0.968699
vt 0.156154 0.968699
vt 0.156154 0.968800
vt 0.156306 0.968800
vt 0.156306 0.968902
vt 0.156154 0.968902
vt 0.156154 0.969009
vt 0.156306 0.969009
vt 0.156306 0.969117
vt 0.156154 0.969117
vt 0.157619 0.968482
vt 0.157456 0.968418
vt 0.157511 0.968291
vt 0.157657 0.968350
vt 0.156306 0.969231
vt 0.156154 0.969231
vt 0.157702 0.968198
vt 0.157573 0.968147
vt 0.157637 0.968004
vt 0.157755 0.968036
vt 0.157705 0.967856
vt 0.157806 0.967893
vt 0.158016 0.967622
vt 0.157929 0.967692
vt 0.157865 0.967614
vt 0.157976 0.967517
vt 0.157855 0.967786
vt 0.157774 0.967733
vt 0.158228 0.967561
vt 0.158121 0.967578
vt 0.158111 0.967457
vt 0.158229 0.967446
vt 0.158332 0.967585
vt 0.158359 0.967467
vt 0.158534 0.967695
vt 0.158439 0.967634
vt 0.158487 0.967539
vt 0.158592 0.967629
vt 0.158611 0.967791
vt 0.158688 0.967748
vt 0.158706 0.968084
vt 0.158835 0.968061
vt 0.158891 0.968222
vt 0.158750 0.968255
vt 0.158661 0.967930
vt 0.158770 0.967900
vt 0.158785 0.968429
vt 0.158939 0.968379
vt 0.158982 0.968518
vt 0.158812 0.968574
vt 0.156154 0.970342
vt 0.156154 0.970226
vt 0.156306 0.970226
vt 0.156306 0.970342
vt 0.156154 0.970105
vt 0.156306 0.970105
vt 0.156154 0.970573
vt 0.156154 0.970457
vt 0.156306 0.970457
vt 0.156306 0.970573
vt 0.156306 0.970685
vt 0.156154 0.970685
vt 0.158417 0.967749
vt 0.158322 0.967717
vt 0.158499 0.967788
vt 0.158559 0.967830
vt 0.157962 0.967773
vt 0.157905 0.967819
vt 0.158040 0.967724
vt 0.158130 0.967695
vt 0.158224 0.967695
vt 0.155573 0.970226
vt 0.155424 0.970226
vt 0.155424 0.970105
vt 0.155573 0.970105
vt 0.155424 0.969986
vt 0.155573 0.969986
vt 0.155424 0.969876
vt 0.155573 0.969876
vt 0.155424 0.969770
vt 0.155573 0.969770
vt 0.155424 0.969665
vt 0.155573 0.969665
vt 0.155424 0.969561
vt 0.155573 0.969561
vt 0.155424 0.969454
vt 0.155573 0.969454
vt 0.155424 0.969342
vt 0.155573 0.969342
vt 0.155424 0.969231
vt 0.155573 0.969231
vt 0.155424 0.969117
vt 0.155573 0.969117
vt 0.155424 0.969009
vt 0.155573 0.969009
vt 0.155424 0.968902
vt 0.155573 0.968902
vt 0.155424 0.968800
vt 0.155573 0.968800
vt 0.155424 0.968699
vt 0.155573 0.968699
vt 0.155424 0.968597
vt 0.155573 0.968597
vt 0.155424 0.968497
vt 0.155573 0.968497
vt 0.155424 0.968394
vt 0.155573 0.968394
vt 0.155424 0.968298
vt 0.155573 0.968298
vt 0.155573 0.970889
vt 0.155424 0.970889
vt 0.155424 0.970789
vt 0.155573 0.970789
vt 0.155424 0.970685
vt 0.155573 0.970685
vt 0.155424 0.970573
vt 0.155573 0.970573
vt 0.155424 0.970457
vt 0.155573 0.970457
vt 0.155424 0.970342
vt 0.155573 0.970342
vt 0.154945 0.970573
vt 0.154945 0.970457
vt 0.154945 0.970789
vt 0.154945 0.970685
vt 0.154945 0.968394
vt 0.154945 0.968298
vt 0.154945 0.970889
vt 0.154945 0.968597
vt 0.154945 0.968497
vt 0.154945 0.968800
vt 0.154945 0.968699
vt 0.154945 0.969009
vt 0.154945 0.968902
vt 0.154945 0.969231
vt 0.154945 0.969117
vt 0.154945 0.969454
vt 0.154945 0.969342
vt 0.154945 0.969665
vt 0.154945 0.969561
vt 0.154945 0.969876
vt 0.154945 0.969770
vt 0.154945 0.970105
vt 0.154945 0.969986
vt 0.154945 0.970342
vt 0.154945 0.970226
vt 0.154892 0.969009
vt 0.154892 0.968902
vt 0.154892 0.969561
vt 0.154892 0.969454
vt 0.154892 0.969342
vt 0.154892 0.969986
vt 0.154892 0.969876
vt 0.154892 0.969770
vt 0.154892 0.970342
vt 0.154892 0.970226
vt 0.154892 0.970685
vt 0.154892 0.970573
vt 0.154892 0.968497
vt 0.154892 0.968394
vt 0.154892 0.968298
vt 0.154892 0.968800
vt 0.154892 0.970457
vt 0.154892 0.968699
vt 0.154892 0.969231
vt 0.154892 0.969117
vt 0.154892 0.969665
vt 0.154892 0.970105
vt 0.154892 0.970889
vt 0.154892 0.970789
vt 0.154892 0.968597
vt 0.157894 0.968713
vt 0.157893 0.968653
vt 0.158016 0.968646
vt 0.158023 0.968710
vt 0.157904 0.970534
vt 0.157897 0.970472
vt 0.158030 0.970462
vt 0.158027 0.970528
vt 0.157888 0.970404
vt 0.158026 0.970393
vt 0.157878 0.970331
vt 0.158020 0.970317
vt 0.157864 0.970259
vt 0.158010 0.970241
vt 0.157850 0.970179
vt 0.158003 0.970164
vt 0.157840 0.970102
vt 0.157996 0.970086
vt 0.157830 0.970015
vt 0.157988 0.970000
vt 0.157823 0.969925
vt 0.157984 0.969912
vt 0.157817 0.969834
vt 0.157982 0.969826
vt 0.157812 0.969743
vt 0.157980 0.969738
vt 0.157810 0.969652
vt 0.157980 0.969650
vt 0.157810 0.969563
vt 0.157981 0.969563
vt 0.157812 0.969473
vt 0.157982 0.969479
vt 0.157817 0.969383
vt 0.157983 0.969389
vt 0.157824 0.969297
vt 0.157985 0.969308
vt 0.157833 0.969216
vt 0.157990 0.969226
vt 0.157843 0.969131
vt 0.157996 0.969144
vt 0.157854 0.969050
vt 0.158004 0.969065
vt 0.157865 0.968977
vt 0.158013 0.968992
vt 0.157875 0.968908
vt 0.158020 0.968922
vt 0.157884 0.968841
vt 0.158024 0.968848
vt 0.157889 0.968777
vt 0.158024 0.968781
vt 0.156534 0.969990
vt 0.156408 0.969951
vt 0.156399 0.969885
vt 0.156540 0.969907
vt 0.156521 0.969739
vt 0.156365 0.969737
vt 0.156357 0.969664
vt 0.156514 0.969659
vt 0.156518 0.969510
vt 0.156367 0.969527
vt 0.156385 0.969461
vt 0.156519 0.969437
vt 0.156380 0.969812
vt 0.156533 0.969822
vt 0.156358 0.969596
vt 0.156514 0.969584
vt 0.156390 0.969402
vt 0.156506 0.969363
vt 0.156959 0.969544
vt 0.156825 0.969560
vt 0.156839 0.969459
vt 0.156962 0.969421
vt 0.156984 0.969924
vt 0.156849 0.969884
vt 0.156833 0.969770
vt 0.156967 0.969791
vt 0.156958 0.969291
vt 0.156837 0.969350
vt 0.156793 0.969237
vt 0.156945 0.969146
vt 0.156966 0.969670
vt 0.156823 0.969662
vt 0.157014 0.970058
vt 0.156857 0.969999
vt 0.157028 0.970203
vt 0.156837 0.970111
vt 0.157095 0.969303
vt 0.157109 0.969182
vt 0.157093 0.969425
vt 0.157090 0.969545
vt 0.157094 0.969668
vt 0.157108 0.969792
vt 0.157123 0.969915
vt 0.157152 0.970038
vt 0.157175 0.970161
vt 0.157266 0.970442
vt 0.157158 0.970500
vt 0.157117 0.970410
vt 0.157231 0.970355
vt 0.157301 0.970530
vt 0.157202 0.970586
vt 0.157340 0.970606
vt 0.157248 0.970662
vt 0.157382 0.970670
vt 0.157294 0.970730
vt 0.157423 0.970723
vt 0.157335 0.970789
vt 0.157306 0.968438
vt 0.157404 0.968492
vt 0.157372 0.968550
vt 0.157272 0.968501
vt 0.157342 0.968615
vt 0.157238 0.968568
vt 0.157312 0.968688
vt 0.157204 0.968636
vt 0.157287 0.968756
vt 0.157169 0.968709
vt 0.157255 0.968829
vt 0.157132 0.968784
vt 0.157223 0.968901
vt 0.157091 0.968857
vt 0.157188 0.968978
vt 0.157052 0.968933
vt 0.157148 0.969074
vt 0.157003 0.969020
vt 0.157075 0.970315
vt 0.157200 0.970265
vt 0.157331 0.969442
vt 0.157336 0.969330
vt 0.157327 0.969553
vt 0.157329 0.969666
vt 0.157332 0.969778
vt 0.157341 0.969888
vt 0.157359 0.969995
vt 0.157380 0.970101
vt 0.157403 0.970194
vt 0.157427 0.970276
vt 0.157448 0.970351
vt 0.157473 0.970433
vt 0.157509 0.970507
vt 0.157541 0.970569
vt 0.157567 0.970617
vt 0.157552 0.968597
vt 0.157533 0.968647
vt 0.157513 0.968705
vt 0.157489 0.968768
vt 0.157470 0.968830
vt 0.157450 0.968896
vt 0.157429 0.968965
vt 0.157403 0.969043
vt 0.157374 0.969130
vt 0.157352 0.969226
vt 0.156676 0.969400
vt 0.156651 0.969306
vt 0.156679 0.969489
vt 0.156675 0.969572
vt 0.156675 0.969658
vt 0.156680 0.969750
vt 0.156690 0.969846
vt 0.156693 0.969944
vt 0.156679 0.970044
vt 0.157205 0.970792
vt 0.157248 0.970855
vt 0.157172 0.970904
vt 0.157130 0.970839
vt 0.157172 0.968452
vt 0.157138 0.968515
vt 0.157055 0.968470
vt 0.157091 0.968412
vt 0.157128 0.968346
vt 0.157210 0.968387
vt 0.157101 0.968581
vt 0.157061 0.968651
vt 0.156970 0.968592
vt 0.157019 0.968526
vt 0.157015 0.968728
vt 0.156971 0.968799
vt 0.156863 0.968729
vt 0.156918 0.968663
vt 0.156925 0.968878
vt 0.156873 0.968958
vt 0.156760 0.968879
vt 0.156811 0.968801
vt 0.156803 0.969049
vt 0.156710 0.969132
vt 0.156631 0.969044
vt 0.156700 0.968959
vt 0.156597 0.969212
vt 0.156475 0.969286
vt 0.156452 0.969204
vt 0.156545 0.969129
vt 0.156369 0.969343
vt 0.156350 0.969272
vt 0.156169 0.969518
vt 0.156111 0.969494
vt 0.156179 0.969409
vt 0.156218 0.969451
vt 0.156264 0.969331
vt 0.156288 0.969388
vt 0.156128 0.969670
vt 0.156065 0.969671
vt 0.156072 0.969588
vt 0.156139 0.969594
vt 0.156145 0.969745
vt 0.156079 0.969765
vt 0.156220 0.969900
vt 0.156191 0.969936
vt 0.156130 0.969858
vt 0.156178 0.969825
vt 0.156289 0.969965
vt 0.156273 0.970015
vt 0.156510 0.970074
vt 0.156639 0.970145
vt 0.156594 0.970238
vt 0.156488 0.970162
vt 0.156378 0.970092
vt 0.156394 0.970017
vt 0.156770 0.970229
vt 0.156878 0.970312
vt 0.156773 0.970405
vt 0.156691 0.970321
vt 0.157006 0.970486
vt 0.156908 0.970554
vt 0.156842 0.970481
vt 0.156950 0.970402
vt 0.157105 0.970649
vt 0.157029 0.970711
vt 0.156965 0.970626
vt 0.157057 0.970566
vt 0.157154 0.970721
vt 0.157081 0.970775
vt 0.156265 0.969813
vt 0.156242 0.969740
vt 0.156293 0.969878
vt 0.156323 0.969929
vt 0.156283 0.969471
vt 0.156318 0.969423
vt 0.156246 0.969532
vt 0.156224 0.969599
vt 0.156226 0.969668
vt 0.157538 0.970161
vt 0.157518 0.970067
vt 0.157667 0.970038
vt 0.157683 0.970131
vt 0.157502 0.969967
vt 0.157657 0.969943
vt 0.157490 0.969869
vt 0.157648 0.969848
vt 0.157482 0.969765
vt 0.157639 0.969752
vt 0.157478 0.969661
vt 0.157636 0.969656
vt 0.157479 0.969556
vt 0.157636 0.969560
vt 0.157479 0.969453
vt 0.157639 0.969464
vt 0.157485 0.969354
vt 0.157646 0.969370
vt 0.157502 0.969255
vt 0.157658 0.969279
vt 0.157518 0.969168
vt 0.157670 0.969195
vt 0.157538 0.969077
vt 0.157685 0.969108
vt 0.157558 0.968998
vt 0.157700 0.969026
vt 0.157576 0.968927
vt 0.157713 0.968954
vt 0.157592 0.968863
vt 0.157725 0.968888
vt 0.157610 0.968800
vt 0.157736 0.968825
vt 0.157627 0.968738
vt 0.157747 0.968763
vt 0.157638 0.968680
vt 0.157755 0.968703
vt 0.157650 0.968623
vt 0.157762 0.968647
vt 0.157663 0.970584
vt 0.157645 0.970530
vt 0.157762 0.970498
vt 0.157775 0.970554
vt 0.157622 0.970468
vt 0.157746 0.970435
vt 0.157599 0.970398
vt 0.157730 0.970363
vt 0.157576 0.970318
vt 0.157713 0.970286
vt 0.157556 0.970238
vt 0.157697 0.970206
vt 0.158182 0.970231
vt 0.158195 0.970323
vt 0.158203 0.970406
vt 0.158203 0.970485
vt 0.158176 0.968615
vt 0.158193 0.968686
vt 0.158188 0.970558
vt 0.158203 0.968767
vt 0.158203 0.968845
vt 0.158200 0.968925
vt 0.158193 0.969000
vt 0.158179 0.969077
vt 0.158168 0.969155
vt 0.158168 0.969237
vt 0.158163 0.969320
vt 0.158167 0.969399
vt 0.158165 0.969488
vt 0.158170 0.969567
vt 0.158174 0.969649
vt 0.158180 0.969726
vt 0.158176 0.969811
vt 0.158173 0.969896
vt 0.158172 0.969980
vt 0.158170 0.970073
vt 0.158176 0.970156
vt 0.158257 0.969077
vt 0.158242 0.969161
vt 0.158241 0.969486
vt 0.158246 0.969565
vt 0.158244 0.969406
vt 0.158252 0.969805
vt 0.158249 0.969891
vt 0.158258 0.969725
vt 0.158245 0.970064
vt 0.158250 0.970151
vt 0.158269 0.970323
vt 0.158278 0.970408
vt 0.158263 0.968674
vt 0.158276 0.968758
vt 0.158241 0.968594
vt 0.158272 0.968999
vt 0.158257 0.970235
vt 0.158276 0.968918
vt 0.158242 0.969331
vt 0.158245 0.969245
vt 0.158250 0.969646
vt 0.158247 0.969975
vt 0.158276 0.970491
vt 0.158257 0.970572
vt 0.158278 0.968836
vt 0.156797 0.971307
vt 0.156752 0.971415
vt 0.156743 0.971094
vt 0.156802 0.971204
vt 0.156659 0.971508
vt 0.156629 0.971029
vt 0.156495 0.970989
vt 0.156553 0.971571
vt 0.156417 0.971608
vt 0.156371 0.970951
vt 0.156219 0.970948
vt 0.156255 0.971617
vt 0.156072 0.970969
vt 0.156092 0.971617
vt 0.155935 0.971578
vt 0.155923 0.970992
vt 0.155783 0.971537
vt 0.155789 0.971013
vt 0.155646 0.971504
vt 0.155668 0.971019
vt 0.155524 0.971480
vt 0.155556 0.971023
vt 0.155451 0.971016
vt 0.155407 0.971465
vt 0.155299 0.971448
vt 0.155348 0.971005
vt 0.155242 0.971006
vt 0.155175 0.971422
vt 0.155016 0.971215
vt 0.155037 0.971128
vt 0.155079 0.971060
vt 0.155030 0.971306
vt 0.155145 0.971017
vt 0.155084 0.971384
vt 0.156171 0.967583
vt 0.156073 0.967583
vt 0.156073 0.967535
vt 0.156171 0.967535
vt 0.157200 0.967583
vt 0.157100 0.967583
vt 0.157100 0.967535
vt 0.157200 0.967535
vt 0.155880 0.967583
vt 0.155785 0.967583
vt 0.155785 0.967535
vt 0.155880 0.967535
vt 0.156996 0.967583
vt 0.156888 0.967583
vt 0.156888 0.967535
vt 0.156996 0.967535
vt 0.155978 0.967583
vt 0.155978 0.967535
vt 0.155677 0.967583
vt 0.155571 0.967583
vt 0.155571 0.967535
vt 0.155677 0.967535
vt 0.155467 0.967583
vt 0.155366 0.967583
vt 0.155366 0.967535
vt 0.155467 0.967535
vt 0.156785 0.967583
vt 0.156785 0.967535
vt 0.156678 0.967583
vt 0.156568 0.967583
vt 0.156568 0.967535
vt 0.156678 0.967535
vt 0.155268 0.967583
vt 0.155168 0.967583
vt 0.155168 0.967535
vt 0.155268 0.967535
vt 0.156465 0.967583
vt 0.156362 0.967583
vt 0.156362 0.967535
vt 0.156465 0.967535
vt 0.155073 0.967583
vt 0.154972 0.967583
vt 0.154972 0.967535
vt 0.155073 0.967535
vt 0.156265 0.967583
vt 0.156265 0.967535
vt 0.157300 0.967583
vt 0.157300 0.967535
vt 0.154873 0.967583
vt 0.154873 0.967535
vt 0.156996 0.967433
vt 0.157100 0.967433
vt 0.157100 0.967462
vt 0.156996 0.967462
vt 0.155677 0.967433
vt 0.155785 0.967433
vt 0.155785 0.967462
vt 0.155677 0.967462
vt 0.155880 0.967433
vt 0.155978 0.967433
vt 0.155978 0.967462
vt 0.155880 0.967462
vt 0.154972 0.967433
vt 0.155073 0.967433
vt 0.155073 0.967462
vt 0.154972 0.967462
vt 0.155467 0.967433
vt 0.155571 0.967433
vt 0.155571 0.967462
vt 0.155467 0.967462
vt 0.155785 0.967369
vt 0.155880 0.967369
vt 0.155880 0.967393
vt 0.155785 0.967393
vt 0.155268 0.967433
vt 0.155366 0.967433
vt 0.155366 0.967462
vt 0.155268 0.967462
vt 0.156678 0.967433
vt 0.156785 0.967433
vt 0.156785 0.967462
vt 0.156678 0.967462
vt 0.155571 0.967369
vt 0.155677 0.967369
vt 0.155677 0.967393
vt 0.155571 0.967393
vt 0.156465 0.967433
vt 0.156568 0.967433
vt 0.156568 0.967462
vt 0.156465 0.967462
vt 0.155168 0.967433
vt 0.155168 0.967462
vt 0.156785 0.967369
vt 0.156888 0.967369
vt 0.156888 0.967393
vt 0.156785 0.967393
vt 0.155366 0.967369
vt 0.155467 0.967369
vt 0.155467 0.967393
vt 0.155366 0.967393
vt 0.156265 0.967433
vt 0.156362 0.967433
vt 0.156362 0.967462
vt 0.156265 0.967462
vt 0.154873 0.967433
vt 0.154873 0.967462
vt 0.156568 0.967369
vt 0.156678 0.967369
vt 0.156678 0.967393
vt 0.156568 0.967393
vt 0.155168 0.967369
vt 0.155268 0.967369
vt 0.155268 0.967393
vt 0.155168 0.967393
vt 0.156073 0.967433
vt 0.156171 0.967433
vt 0.156171 0.967462
vt 0.156073 0.967462
vt 0.156362 0.967369
vt 0.156465 0.967369
vt 0.156465 0.967393
vt 0.156362 0.967393
vt 0.154972 0.967369
vt 0.155073 0.967369
vt 0.155073 0.967393
vt 0.154972 0.967393
vt 0.157200 0.967433
vt 0.157200 0.967462
vt 0.157100 0.967369
vt 0.157200 0.967369
vt 0.157200 0.967393
vt 0.157100 0.967393
vt 0.156171 0.967369
vt 0.156265 0.967369
vt 0.156265 0.967393
vt 0.156171 0.967393
vt 0.156996 0.967369
vt 0.156996 0.967393
vt 0.156073 0.967489
vt 0.156171 0.967489
vt 0.157100 0.967489
vt 0.157200 0.967489
vt 0.155785 0.967489
vt 0.155880 0.967489
vt 0.155978 0.967369
vt 0.155978 0.967393
vt 0.156888 0.967489
vt 0.156996 0.967489
vt 0.155978 0.967489
vt 0.155571 0.967489
vt 0.155677 0.967489
vt 0.155366 0.967489
vt 0.155467 0.967489
vt 0.156785 0.967489
vt 0.156568 0.967489
vt 0.156678 0.967489
vt 0.155168 0.967489
vt 0.155268 0.967489
vt 0.156888 0.967475
vt 0.156785 0.967475
vt 0.156888 0.967462
vt 0.156678 0.967475
vt 0.156568 0.967475
vt 0.156465 0.967475
vt 0.156362 0.967475
vt 0.156265 0.967475
vt 0.156171 0.967475
vt 0.156073 0.967475
vt 0.155978 0.967475
vt 0.155880 0.967475
vt 0.155785 0.967475
vt 0.155677 0.967475
vt 0.155571 0.967475
vt 0.155467 0.967475
vt 0.155366 0.967475
vt 0.155268 0.967475
vt 0.155168 0.967475
vt 0.155073 0.967475
vt 0.154972 0.967475
vt 0.154873 0.967475
vt 0.157300 0.967475
vt 0.157200 0.967475
vt 0.157300 0.967462
vt 0.157100 0.967475
vt 0.156996 0.967475
vt 0.156888 0.967433
vt 0.154873 0.967369
vt 0.154873 0.967393
vt 0.156362 0.967489
vt 0.156465 0.967489
vt 0.154972 0.967489
vt 0.155073 0.967489
vt 0.156073 0.967369
vt 0.156073 0.967393
vt 0.157300 0.967369
vt 0.157300 0.967393
vt 0.156265 0.967489
vt 0.157300 0.967489
vt 0.157300 0.967433
vt 0.154873 0.967489
vt 0.031975 0.970659
vt 0.031975 0.970790
vt 0.031909 0.970790
vt 0.031909 0.970659
vt 0.031975 0.969608
vt 0.031975 0.969739
vt 0.031909 0.969739
vt 0.031909 0.969608
vt 0.031975 0.970528
vt 0.031909 0.970528
vt 0.031975 0.969477
vt 0.031909 0.969477
vt 0.031975 0.970396
vt 0.031909 0.970396
vt 0.031975 0.969345
vt 0.031909 0.969345
vt 0.031975 0.970265
vt 0.031909 0.970265
vt 0.031975 0.969214
vt 0.031909 0.969214
vt 0.031975 0.970134
vt 0.031909 0.970134
vt 0.031975 0.971053
vt 0.031942 0.971184
vt 0.031909 0.971053
vt 0.031942 0.969083
vt 0.031975 0.970002
vt 0.031909 0.970002
vt 0.031975 0.970922
vt 0.031909 0.970922
vt 0.031975 0.969871
vt 0.031909 0.969871
vt 0.031844 0.970002
vt 0.031844 0.969871
vt 0.031844 0.970922
vt 0.031844 0.970790
vt 0.031844 0.969739
vt 0.031844 0.970659
vt 0.031844 0.969608
vt 0.031844 0.970528
vt 0.031844 0.969477
vt 0.031844 0.970396
vt 0.031844 0.969345
vt 0.031844 0.970265
vt 0.031844 0.969214
vt 0.031844 0.970134
vt 0.031876 0.971184
vt 0.031844 0.971053
vt 0.031876 0.969083
vt 0.031778 0.969477
vt 0.031778 0.969345
vt 0.031778 0.970396
vt 0.031778 0.970265
vt 0.031778 0.969214
vt 0.031778 0.970134
vt 0.031811 0.971184
vt 0.031778 0.971053
vt 0.031811 0.969083
vt 0.031778 0.970002
vt 0.031778 0.970922
vt 0.031778 0.969871
vt 0.031778 0.970790
vt 0.031778 0.969739
vt 0.031778 0.970659
vt 0.031778 0.969608
vt 0.031778 0.970528
vt 0.031712 0.969871
vt 0.031712 0.969739
vt 0.031712 0.970790
vt 0.031712 0.970659
vt 0.031712 0.969608
vt 0.031712 0.970528
vt 0.031712 0.969477
vt 0.031712 0.970396
vt 0.031712 0.969345
vt 0.031712 0.970265
vt 0.031712 0.969214
vt 0.031712 0.970134
vt 0.031745 0.971184
vt 0.031712 0.971053
vt 0.031745 0.969083
vt 0.031712 0.970002
vt 0.031712 0.970922
vt 0.031647 0.969345
vt 0.031647 0.969214
vt 0.031647 0.970265
vt 0.031647 0.970134
vt 0.031679 0.971184
vt 0.031647 0.971053
vt 0.031679 0.969083
vt 0.031647 0.970002
vt 0.031647 0.970922
vt 0.031647 0.969871
vt 0.031647 0.970790
vt 0.031647 0.969739
vt 0.031647 0.970659
vt 0.031647 0.969608
vt 0.031647 0.970528
vt 0.031647 0.969477
vt 0.031647 0.970396
vt 0.031581 0.970790
vt 0.031581 0.970659
vt 0.031581 0.969739
vt 0.031581 0.969608
vt 0.031581 0.970528
vt 0.031581 0.969477
vt 0.031581 0.970396
vt 0.031581 0.969345
vt 0.031581 0.970265
vt 0.031581 0.969214
vt 0.031581 0.970134
vt 0.031614 0.971184
vt 0.031581 0.971053
vt 0.031614 0.969083
vt 0.031581 0.970002
vt 0.031581 0.970922
vt 0.031581 0.969871
vt 0.031515 0.970265
vt 0.031515 0.970134
vt 0.031548 0.971184
vt 0.031515 0.971053
vt 0.031548 0.969083
vt 0.031515 0.969214
vt 0.031515 0.970002
vt 0.031515 0.970922
vt 0.031515 0.969871
vt 0.031515 0.970790
vt 0.031515 0.969739
vt 0.031515 0.970659
vt 0.031515 0.969608
vt 0.031515 0.970528
vt 0.031515 0.969477
vt 0.031515 0.970396
vt 0.031515 0.969345
vt 0.031450 0.969739
vt 0.031450 0.969608
vt 0.031450 0.970659
vt 0.031450 0.970528
vt 0.031450 0.969477
vt 0.031450 0.970396
vt 0.031450 0.969345
vt 0.031450 0.970265
vt 0.031450 0.969214
vt 0.031450 0.970134
vt 0.031482 0.971184
vt 0.031450 0.971053
vt 0.031482 0.969083
vt 0.031450 0.970002
vt 0.031450 0.970922
vt 0.031450 0.969871
vt 0.031450 0.970790
vt 0.031417 0.971184
vt 0.031384 0.971053
vt 0.031417 0.969083
vt 0.031384 0.969214
vt 0.031384 0.970134
vt 0.031384 0.970002
vt 0.031384 0.970922
vt 0.031384 0.969871
vt 0.031384 0.970790
vt 0.031384 0.969739
vt 0.031384 0.970659
vt 0.031384 0.969608
vt 0.031384 0.970528
vt 0.031384 0.969477
vt 0.031384 0.970396
vt 0.031384 0.969345
vt 0.031384 0.970265
vt 0.031318 0.970659
vt 0.031318 0.970528
vt 0.031318 0.969608
vt 0.031318 0.969477
vt 0.031318 0.970396
vt 0.031318 0.969345
vt 0.031318 0.970265
vt 0.031318 0.969214
vt 0.031318 0.970134
vt 0.031351 0.971184
vt 0.031318 0.971053
vt 0.031351 0.969083
vt 0.031318 0.970002
vt 0.031318 0.970922
vt 0.031318 0.969871
vt 0.031318 0.970790
vt 0.031318 0.969739
vt 0.031253 0.970134
vt 0.031253 0.970002
vt 0.031253 0.971053
vt 0.031253 0.970922
vt 0.031253 0.969871
vt 0.031253 0.970790
vt 0.031253 0.969739
vt 0.031253 0.970659
vt 0.031253 0.969608
vt 0.031253 0.970528
vt 0.031253 0.969477
vt 0.031253 0.970396
vt 0.031253 0.969345
vt 0.031253 0.970265
vt 0.031253 0.969214
vt 0.031285 0.971184
vt 0.031285 0.969083
vt 0.031187 0.969608
vt 0.031187 0.969477
vt 0.031187 0.970528
vt 0.031187 0.970396
vt 0.031187 0.969345
vt 0.031187 0.970265
vt 0.031187 0.969214
vt 0.031187 0.970134
vt 0.031220 0.971184
vt 0.031187 0.971053
vt 0.031220 0.969083
vt 0.031187 0.970002
vt 0.031187 0.970922
vt 0.031187 0.969871
vt 0.031187 0.970790
vt 0.031187 0.969739
vt 0.031187 0.970659
vt 0.031121 0.970002
vt 0.031121 0.969871
vt 0.031121 0.970922
vt 0.031121 0.970790
vt 0.031121 0.969739
vt 0.031121 0.970659
vt 0.031121 0.969608
vt 0.031121 0.970528
vt 0.031121 0.969477
vt 0.031121 0.970396
vt 0.031121 0.969345
vt 0.031121 0.970265
vt 0.031121 0.969214
vt 0.031121 0.970134
vt 0.031154 0.971184
vt 0.031121 0.971053
vt 0.031154 0.969083
vt 0.031055 0.969477
vt 0.031055 0.969345
vt 0.031055 0.970396
vt 0.031055 0.970265
vt 0.031055 0.969214
vt 0.031055 0.970134
vt 0.031088 0.971184
vt 0.031055 0.971053
vt 0.031088 0.969083
vt 0.031055 0.970002
vt 0.031055 0.970922
vt 0.031055 0.969871
vt 0.031055 0.970790
vt 0.031055 0.969739
vt 0.031055 0.970659
vt 0.031055 0.969608
vt 0.031055 0.970528
vt 0.030990 0.970922
vt 0.030990 0.970790
vt 0.030990 0.969871
vt 0.030990 0.969739
vt 0.030990 0.970659
vt 0.030990 0.969608
vt 0.030990 0.970528
vt 0.030990 0.969477
vt 0.030990 0.970396
vt 0.030990 0.969345
vt 0.030990 0.970265
vt 0.030990 0.969214
vt 0.030990 0.970134
vt 0.031023 0.971184
vt 0.030990 0.971053
vt 0.031023 0.969083
vt 0.030990 0.970002
vt 0.030924 0.970396
vt 0.030924 0.970265
vt 0.030924 0.969345
vt 0.030924 0.969214
vt 0.030924 0.970134
vt 0.030957 0.971184
vt 0.030924 0.971053
vt 0.030957 0.969083
vt 0.030924 0.970002
vt 0.030924 0.970922
vt 0.030924 0.969871
vt 0.030924 0.970790
vt 0.030924 0.969739
vt 0.030924 0.970659
vt 0.030924 0.969608
vt 0.030924 0.970528
vt 0.030924 0.969477
vt 0.030858 0.969871
vt 0.030858 0.969739
vt 0.030858 0.970790
vt 0.030858 0.970659
vt 0.030858 0.969608
vt 0.030858 0.970528
vt 0.030858 0.969477
vt 0.030858 0.970396
vt 0.030858 0.969345
vt 0.030858 0.970265
vt 0.030858 0.969214
vt 0.030858 0.970134
vt 0.030891 0.971184
vt 0.030858 0.971053
vt 0.030891 0.969083
vt 0.030858 0.970002
vt 0.030858 0.970922
vt 0.030793 0.969345
vt 0.030793 0.969214
vt 0.030793 0.970265
vt 0.030793 0.970134
vt 0.030826 0.971184
vt 0.030793 0.971053
vt 0.030826 0.969083
vt 0.030793 0.970002
vt 0.030793 0.970922
vt 0.030793 0.969871
vt 0.030793 0.970790
vt 0.030793 0.969739
vt 0.030793 0.970659
vt 0.030793 0.969608
vt 0.030793 0.970528
vt 0.030793 0.969477
vt 0.030793 0.970396
vt 0.030727 0.970790
vt 0.030727 0.970659
vt 0.030727 0.969739
vt 0.030727 0.969608
vt 0.030727 0.970528
vt 0.030727 0.969477
vt 0.030727 0.970396
vt 0.030727 0.969345
vt 0.030727 0.970265
vt 0.030727 0.969214
vt 0.030727 0.970134
vt 0.030760 0.971184
vt 0.030727 0.971053
vt 0.030760 0.969083
vt 0.030727 0.970002
vt 0.030727 0.970922
vt 0.030727 0.969871
vt 0.030661 0.970265
vt 0.030661 0.970134
vt 0.030694 0.971184
vt 0.030661 0.971053
vt 0.030694 0.969083
vt 0.030661 0.969214
vt 0.030661 0.970002
vt 0.030661 0.970922
vt 0.030661 0.969871
vt 0.030661 0.970790
vt 0.030661 0.969739
vt 0.030661 0.970659
vt 0.030661 0.969608
vt 0.030661 0.970528
vt 0.030661 0.969477
vt 0.030661 0.970396
vt 0.030661 0.969345
vt 0.030596 0.969739
vt 0.030596 0.969608
vt 0.030596 0.970659
vt 0.030596 0.970528
vt 0.030596 0.969477
vt 0.030596 0.970396
vt 0.030596 0.969345
vt 0.030596 0.970265
vt 0.030596 0.969214
vt 0.030596 0.970134
vt 0.030629 0.971184
vt 0.030596 0.971053
vt 0.030629 0.969083
vt 0.030596 0.970002
vt 0.030596 0.970922
vt 0.030596 0.969871
vt 0.030596 0.970790
vt 0.030563 0.969083
vt 0.030530 0.969214
vt 0.030530 0.970134
vt 0.030530 0.970002
vt 0.030530 0.971053
vt 0.030530 0.970922
vt 0.030530 0.969871
vt 0.030530 0.970790
vt 0.030530 0.969739
vt 0.030530 0.970659
vt 0.030530 0.969608
vt 0.030530 0.970528
vt 0.030530 0.969477
vt 0.030530 0.970396
vt 0.030530 0.969345
vt 0.030530 0.970265
vt 0.030563 0.971184
vt 0.030464 0.969608
vt 0.030464 0.969477
vt 0.030464 0.970528
vt 0.030464 0.970396
vt 0.030464 0.969345
vt 0.030464 0.970265
vt 0.030464 0.969214
vt 0.030464 0.970134
vt 0.030497 0.971184
vt 0.030464 0.971053
vt 0.030497 0.969083
vt 0.030464 0.970002
vt 0.030464 0.970922
vt 0.030464 0.969871
vt 0.030464 0.970790
vt 0.030464 0.969739
vt 0.030464 0.970659
vt 0.030399 0.971053
vt 0.030399 0.970922
vt 0.030399 0.970002
vt 0.030399 0.969871
vt 0.030399 0.970790
vt 0.030399 0.969739
vt 0.030399 0.970659
vt 0.030399 0.969608
vt 0.030399 0.970528
vt 0.030399 0.969477
vt 0.030399 0.970396
vt 0.030399 0.969345
vt 0.030399 0.970265
vt 0.030399 0.969214
vt 0.030399 0.970134
vt 0.030432 0.971184
vt 0.030432 0.969083
vt 0.032500 0.970396
vt 0.032500 0.970528
vt 0.032435 0.970528
vt 0.032435 0.970396
vt 0.032500 0.969345
vt 0.032500 0.969477
vt 0.032435 0.969477
vt 0.032435 0.969345
vt 0.032500 0.970265
vt 0.032435 0.970265
vt 0.032500 0.969214
vt 0.032435 0.969214
vt 0.032500 0.970134
vt 0.032435 0.970134
vt 0.032500 0.971053
vt 0.032468 0.971184
vt 0.032435 0.971053
vt 0.032468 0.969083
vt 0.032500 0.970002
vt 0.032435 0.970002
vt 0.032500 0.970922
vt 0.032435 0.970922
vt 0.032500 0.969871
vt 0.032435 0.969871
vt 0.032500 0.970790
vt 0.032435 0.970790
vt 0.032500 0.969739
vt 0.032435 0.969739
vt 0.032500 0.970659
vt 0.032435 0.970659
vt 0.032500 0.969608
vt 0.032435 0.969608
vt 0.032369 0.970002
vt 0.032369 0.969871
vt 0.032369 0.970922
vt 0.032369 0.970790
vt 0.032369 0.969739
vt 0.032369 0.970659
vt 0.032369 0.969608
vt 0.032369 0.970528
vt 0.032369 0.969477
vt 0.032369 0.970396
vt 0.032369 0.969345
vt 0.032369 0.970265
vt 0.032369 0.969214
vt 0.032369 0.970134
vt 0.032402 0.971184
vt 0.032369 0.971053
vt 0.032402 0.969083
vt 0.032303 0.969477
vt 0.032303 0.969345
vt 0.032303 0.970396
vt 0.032303 0.970265
vt 0.032303 0.969214
vt 0.032303 0.970134
vt 0.032336 0.971184
vt 0.032303 0.971053
vt 0.032336 0.969083
vt 0.032303 0.970002
vt 0.032303 0.970922
vt 0.032303 0.969871
vt 0.032303 0.970790
vt 0.032303 0.969739
vt 0.032303 0.970659
vt 0.032303 0.969608
vt 0.032303 0.970528
vt 0.032238 0.970922
vt 0.032238 0.970790
vt 0.032238 0.969871
vt 0.032238 0.969739
vt 0.032238 0.970659
vt 0.032238 0.969608
vt 0.032238 0.970528
vt 0.032238 0.969477
vt 0.032238 0.970396
vt 0.032238 0.969345
vt 0.032238 0.970265
vt 0.032238 0.969214
vt 0.032238 0.970134
vt 0.032271 0.971184
vt 0.032238 0.971053
vt 0.032271 0.969083
vt 0.032238 0.970002
vt 0.032172 0.970396
vt 0.032172 0.970265
vt 0.032172 0.969345
vt 0.032172 0.969214
vt 0.032172 0.970134
vt 0.032205 0.971184
vt 0.032172 0.971053
vt 0.032205 0.969083
vt 0.032172 0.970002
vt 0.032172 0.970922
vt 0.032172 0.969871
vt 0.032172 0.970790
vt 0.032172 0.969739
vt 0.032172 0.970659
vt 0.032172 0.969608
vt 0.032172 0.970528
vt 0.032172 0.969477
vt 0.032106 0.969871
vt 0.032106 0.969739
vt 0.032106 0.970790
vt 0.032106 0.970659
vt 0.032106 0.969608
vt 0.032106 0.970528
vt 0.032106 0.969477
vt 0.032106 0.970396
vt 0.032106 0.969345
vt 0.032106 0.970265
vt 0.032106 0.969214
vt 0.032106 0.970134
vt 0.032139 0.971184
vt 0.032106 0.971053
vt 0.032139 0.969083
vt 0.032106 0.970002
vt 0.032106 0.970922
vt 0.032041 0.969345
vt 0.032041 0.969214
vt 0.032041 0.970265
vt 0.032041 0.970134
vt 0.032073 0.971184
vt 0.032041 0.971053
vt 0.032073 0.969083
vt 0.032041 0.970002
vt 0.032041 0.970922
vt 0.032041 0.969871
vt 0.032041 0.970790
vt 0.032041 0.969739
vt 0.032041 0.970659
vt 0.032041 0.969608
vt 0.032041 0.970528
vt 0.032041 0.969477
vt 0.032041 0.970396
vt 0.032008 0.971184
vt 0.032008 0.969083
vt 0.031187 0.969083
vt 0.031712 0.969083
vt 0.031712 0.971184
vt 0.031187 0.971184
s 1
usemtl GMHead
f 1/1/1 8/2/2 14/3/3 7/4/4
f 2/5/5 9/6/6 8/2/2 1/1/1
f 3/7/7 10/8/8 9/6/6 2/5/5
f 5/9/9 12/10/10 11/11/11 4/12/12
f 6/13/13 13/14/14 12/10/10 5/9/9
f 7/4/4 14/3/3 13/14/14 6/13/13
f 8/2/2 15/15/15 21/16/16 14/3/3
f 9/6/6 16/17/17 15/15/15 8/2/2
f 10/8/8 17/18/18 16/17/17 9/6/6
f 12/10/10 19/19/19 18/20/20 11/11/11
f 13/14/14 20/21/21 19/19/19 12/10/10
f 14/3/3 21/16/16 20/21/21 13/14/14
f 15/15/15 22/22/22 28/23/23 21/16/16
f 16/17/17 23/24/24 22/22/22 15/15/15
f 17/18/18 24/25/25 23/24/24 16/17/17
f 19/19/19 26/26/26 25/27/27 18/20/20
f 20/21/21 27/28/28 26/26/26 19/19/19
f 21/16/16 28/23/23 27/28/28 20/21/21
f 22/22/22 29/29/29 35/30/30 28/23/23
f 23/24/24 30/31/31 29/29/29 22/22/22
f 24/25/25 31/32/32 30/31/31 23/24/24
f 26/26/26 33/33/33 32/34/34 25/27/27
f 27/28/28 34/35/35 33/33/33 26/26/26
f 28/23/23 35/30/30 34/35/35 27/28/28
f 29/29/29 36/36/36 42/37/37 35/30/30
f 30/31/31 37/38/38 36/36/36 29/29/29
f 31/32/32 38/39/39 37/38/38 30/31/31
f 33/33/33 40/40/40 39/41/41 32/34/34
f 34/35/35 41/42/42 40/40/40 33/33/33
f 35/30/30 42/37/37 41/42/42 34/35/35
f 36/36/36 43/43/43 49/44/44 42/37/37
f 37/38/38 44/45/45 43/43/43 36/36/36
f 38/39/39 45/46/46 44/45/45 37/38/38
f 40/40/40 47/47/47 46/48/48 39/41/41
f 41/42/42 48/49/49 47/47/47 40/40/40
f 42/37/37 49/44/44 48/49/49 41/42/42
f 43/43/43 50/50/50 56/51/51 49/44/44
f 44/45/45 51/52/52 50/50/50 43/43/43
f 45/46/46 52/53/53 51/52/52 44/45/45
f 47/47/47 54/54/54 53/55/55 46/48/48
f 48/49/49 55/56/56 54/54/54 47/47/47
f 49/44/44 56/51/51 55/56/56 48/49/49
f 50/50/50 57/57/57 63/58/58 56/51/51
f 51/52/52 58/59/59 57/57/57 50/50/50
f 52/53/53 59/60/60 58/59/59 51/52/52
f 54/54/54 61/61/61 60/62/62 53/55/55
f 55/56/56 62/63/63 61/61/61 54/54/54
f 56/51/51 63/58/58 62/63/63 55/56/56
f 57/57/57 64/64/64 70/65/65 63/58/58
f 58/59/59 65/66/66 64/64/64 57/57/57
f 59/60/60 66/67/67 65/66/66 58/59/59
f 61/61/61 68/68/68 67/69/69 60/62/62
f 62/63/63 69/70/70 68/68/68 61/61/61
f 63/58/58 70/65/65 69/70/70 62/63/63
f 64/64/64 71/71/71 77/72/72 70/65/65
f 65/66/66 72/73/73 71/71/71 64/64/64
f 66/67/67 73/74/74 72/73/73 65/66/66
f 68/68/68 75/75/75 74/76/76 67/69/69
f 69/70/70 76/77/77 75/75/75 68/68/68
f 70/65/65 77/72/72 76/77/77 69/70/70
f 71/71/71 78/78/78 84/79/79 77/72/72
f 72/73/73 79/80/80 78/78/78 71/71/71
f 73/74/74 80/81/81 79/80/80 72/73/73
f 75/75/75 82/82/82 81/83/83 74/76/76
f 76/77/77 83/84/84 82/82/82 75/75/75
f 77/72/72 84/79/79 83/84/84 76/77/77
f 78/85/78 85/86/85 91/87/86 84/88/79
f 79/89/80 86/90/87 85/86/85 78/85/78
f 80/91/81 87/92/88 86/90/87 79/89/80
f 82/93/82 89/94/89 88/95/90 81/96/83
f 83/97/84 90/98/91 89/94/89 82/93/82
f 84/88/79 91/87/86 90/98/91 83/97/84
f 85/86/85 92/99/92 98/100/93 91/87/86
f 86/90/87 93/101/94 92/99/92 85/86/85
f 87/92/88 94/102/95 93/101/94 86/90/87
f 89/94/89 96/103/96 95/104/97 88/95/90
f 90/98/91 97/105/98 96/103/96 89/94/89
f 91/87/86 98/100/93 97/105/98 90/98/91
f 92/99/92 99/106/99 105/107/100 98/100/93
f 93/101/94 100/108/101 99/106/99 92/99/92
f 94/102/95 101/109/102 100/108/101 93/101/94
f 96/103/96 103/110/103 102/111/104 95/104/97
f 97/105/98 104/112/105 103/110/103 96/103/96
f 98/100/93 105/107/100 104/112/105 97/105/98
f 99/106/99 106/113/106 112/114/107 105/107/100
f 100/108/101 107/115/108 106/113/106 99/106/99
f 101/109/102 108/116/109 107/115/108 100/108/101
f 103/110/103 110/117/110 109/118/111 102/111/104
f 104/112/105 111/119/112 110/117/110 103/110/103
f 105/107/100 112/114/107 111/119/112 104/112/105
f 106/113/106 113/120/113 119/121/114 112/114/107
f 107/115/108 114/122/115 113/120/113 106/113/106
f 108/116/109 115/123/116 114/122/115 107/115/108
f 110/117/110 117/124/117 116/125/118 109/118/111
f 111/119/112 118/126/119 117/124/117 110/117/110
f 112/114/107 119/121/114 118/126/119 111/119/112
f 113/120/113 120/127/120 126/128/121 119/121/114
f 114/122/115 121/129/122 120/127/120 113/120/113
f 115/123/116 122/130/123 121/129/122 114/122/115
f 117/124/117 124/131/124 123/132/125 116/125/118
f 118/126/119 125/133/126 124/131/124 117/124/117
f 119/121/114 126/128/121 125/133/126 118/126/119
f 120/127/120 127/134/127 133/135/128 126/128/121
f 121/129/122 128/136/129 127/134/127 120/127/120
f 122/130/123 129/137/130 128/136/129 121/129/122
f 124/131/124 131/138/131 130/139/132 123/132/125
f 125/133/126 132/140/133 131/138/131 124/131/124
f 126/128/121 133/135/128 132/140/133 125/133/126
f 127/134/127 134/141/134 140/142/135 133/135/128
f 128/136/129 135/143/136 134/141/134 127/134/127
f 129/137/130 136/144/137 135/143/136 128/136/129
f 131/138/131 138/145/138 137/146/139 130/139/132
f 132/140/133 139/147/140 138/145/138 131/138/131
f 133/135/128 140/142/135 139/147/140 132/140/133
f 134/141/134 141/148/141 147/149/142 140/142/135
f 135/143/136 142/150/143 141/148/141 134/141/134
f 136/144/137 143/151/144 142/150/143 135/143/136
f 138/145/138 145/152/145 144/153/146 137/146/139
f 139/147/140 146/154/147 145/152/145 138/145/138
f 140/142/135 147/149/142 146/154/147 139/147/140
f 141/148/141 148/155/148 154/156/149 147/149/142
f 142/150/143 149/157/150 148/155/148 141/148/141
f 143/151/144 150/158/151 149/157/150 142/150/143
f 145/152/145 152/159/152 151/160/153 144/153/146
f 146/154/147 153/161/154 152/159/152 145/152/145
f 147/149/142 154/156/149 153/161/154 146/154/147
f 148/155/148 155/162/155 161/163/156 154/156/149
f 149/157/150 156/164/157 155/162/155 148/155/148
f 150/158/151 157/165/158 156/164/157 149/157/150
f 152/159/152 159/166/159 158/167/160 151/160/153
f 153/161/154 160/168/161 159/166/159 152/159/152
f 154/156/149 161/163/156 160/168/161 153/161/154
f 155/162/155 162/169/162 168/170/163 161/163/156
f 156/164/157 163/171/164 162/169/162 155/162/155
f 157/165/158 164/172/165 163/171/164 156/164/157
f 159/166/159 166/173/166 165/174/167 158/167/160
f 160/168/161 167/175/168 166/173/166 159/166/159
f 161/163/156 168/170/163 167/175/168 160/168/161
f 162/169/162 169/176/169 175/177/170 168/170/163
f 163/171/164 170/178/171 169/176/169 162/169/162
f 164/172/165 171/179/172 170/178/171 163/171/164
f 166/173/166 173/180/173 172/181/174 165/174/167
f 167/175/168 174/182/175 173/180/173 166/173/166
f 168/170/163 175/177/170 174/182/175 167/175/168
f 169/176/169 176/183/176 182/184/177 175/177/170
f 170/178/171 177/185/178 176/183/176 169/176/169
f 171/179/172 178/186/179 177/185/178 170/178/171
f 173/180/173 180/187/180 179/188/181 172/181/174
f 174/182/175 181/189/182 180/187/180 173/180/173
f 175/177/170 182/184/177 181/189/182 174/182/175
f 176/183/176 183/190/183 189/191/184 182/184/177
f 177/185/178 184/192/185 183/190/183 176/183/176
f 178/186/179 185/193/186 184/192/185 177/185/178
f 180/187/180 187/194/187 186/195/188 179/188/181
f 181/189/182 188/196/189 187/194/187 180/187/180
f 182/184/177 189/191/184 188/196/189 181/189/182
f 183/190/183 190/197/190 196/198/191 189/191/184
f 184/192/185 191/199/192 190/197/190 183/190/183
f 185/193/186 192/200/193 191/199/192 184/192/185
f 187/194/187 194/201/194 193/202/195 186/195/188
f 188/196/189 195/203/196 194/201/194 187/194/187
f 189/191/184 196/198/191 195/203/196 188/196/189
f 190/197/190 197/204/197 203/205/198 196/198/191
f 191/199/192 198/206/199 197/204/197 190/197/190
f 192/200/193 199/207/200 198/206/199 191/199/192
f 194/201/194 201/208/201 200/209/202 193/202/195
f 195/203/196 202/210/203 201/208/201 194/201/194
f 196/198/191 203/205/198 202/210/203 195/203/196
f 197/204/197 204/211/204 210/212/205 203/205/198
f 198/206/199 205/213/206 204/211/204 197/204/197
f 199/207/200 206/214/207 205/213/206 198/206/199
f 201/208/201 208/215/208 207/216/209 200/209/202
f 202/210/203 209/217/210 208/215/208 201/208/201
f 203/205/198 210/212/205 209/217/210 202/210/203
f 204/218/204 211/219/211 217/220/212 210/221/205
f 205/222/206 212/223/213 211/219/211 204/218/204
f 206/224/207 213/225/214 212/223/213 205/222/206
f 208/226/208 215/227/215 214/228/216 207/229/209
f 209/230/210 216/231/217 215/227/215 208/226/208
f 210/221/205 217/220/212 216/231/217 209/230/210
f 211/219/211 218/232/218 224/233/219 217/220/212
f 212/223/213 219/234/220 218/232/218 211/219/211
f 213/225/214 220/235/221 219/234/220 212/223/213
f 215/227/215 222/236/222 221/237/223 214/228/216
f 216/231/217 223/238/224 222/236/222 215/227/215
f 217/220/212 224/233/219 223/238/224 216/231/217
f 218/232/218 225/239/225 231/240/226 224/233/219
f 219/234/220 226/241/227 225/239/225 218/232/218
f 220/235/221 227/242/228 226/241/227 219/234/220
f 222/236/222 229/243/229 228/244/230 221/237/223
f 223/238/224 230/245/231 229/243/229 222/236/222
f 224/233/219 231/240/226 230/245/231 223/238/224
f 225/239/225 232/246/232 238/247/233 231/240/226
f 226/241/227 233/248/234 232/246/232 225/239/225
f 227/242/228 234/249/235 233/248/234 226/241/227
f 229/243/229 236/250/236 235/251/237 228/244/230
f 230/245/231 237/252/238 236/250/236 229/243/229
f 231/240/226 238/247/233 237/252/238 230/245/231
f 232/246/232 1/1/1 7/4/4 238/247/233
f 233/248/234 2/5/5 1/1/1 232/246/232
f 234/249/235 3/7/7 2/5/5 233/248/234
f 236/250/236 5/9/9 4/12/12 235/251/237
f 237/252/238 6/13/13 5/9/9 236/250/236
f 238/247/233 7/4/4 6/13/13 237/252/238
f 242/253/239 276/254/240 275/255/241 241/256/242
f 267/257/243 301/258/244 302/259/245 268/260/246
f 256/261/247 255/262/248 289/263/249 290/264/250
f 242/253/239 239/265/251 273/266/252 276/254/240
f 240/267/253 268/260/246 302/259/245 274/268/254
f 254/269/255 288/270/256 289/263/249 255/262/248
f 244/271/257 278/272/258 277/273/259 243/274/260
f 269/275/261 303/276/262 297/277/263 263/278/264
f 257/279/265 256/280/247 290/281/250 291/282/266
f 246/283/267 280/284/268 279/285/269 245/286/270
f 270/287/271 304/288/271 283/289/272 249/290/273
f 259/291/274 258/292/275 292/293/276 293/294/277
f 246/283/267 243/274/260 277/273/259 280/284/268
f 271/295/278 260/296/279 294/297/280 305/298/281
f 257/279/265 291/282/266 292/293/276 258/292/275
f 244/271/257 241/256/242 275/255/241 278/272/258
f 272/299/282 306/300/283 286/301/284 252/302/285
f 260/296/279 259/291/274 293/294/277 294/297/280
f 248/303/286 282/304/287 281/305/288 247/306/288
f 262/307/289 296/308/290 295/309/291 261/310/292
f 248/303/286 245/286/270 279/285/269 282/304/287
f 262/307/289 271/295/278 305/298/281 296/308/290
f 250/311/293 284/312/294 304/288/271 270/287/271
f 261/310/292 295/309/291 303/276/262 269/275/261
f 250/311/293 247/306/288 281/305/288 284/312/294
f 265/313/295 264/314/296 298/315/297 299/316/298
f 249/290/273 283/289/272 285/317/299 251/318/300
f 263/278/264 297/277/263 298/315/297 264/314/296
f 251/318/300 285/317/299 306/300/283 272/299/282
f 267/257/243 266/319/301 300/320/302 301/258/244
f 254/269/255 253/321/303 287/322/304 288/270/256
f 240/267/253 274/268/254 273/323/252 239/324/251
f 265/313/295 299/316/298 300/320/302 266/319/301
f 252/302/285 286/301/284 287/322/304 253/321/303
f 279/325/305 299/326/306 298/327/307 282/328/307
f 281/329/307 282/328/307 298/327/307 297/330/307
f 284/331/307 281/329/307 297/330/307 303/332/307
f 304/333/308 284/331/307 303/332/307 295/334/309
f 295/334/309 296/335/310 283/336/311 304/333/308
f 283/336/311 296/335/310 305/337/312 285/338/313
f 285/338/313 305/337/312 294/339/314 306/340/315
f 294/339/314 293/341/316 286/342/317 306/340/315
f 286/342/317 293/341/316 292/343/318 287/344/319
f 288/345/320 287/344/319 292/343/318 291/346/321
f 290/347/322 289/348/322 288/345/320 291/346/321
f 279/325/305 280/349/323 300/350/324 299/326/306
f 277/351/325 301/352/326 300/350/324 280/349/323
f 277/351/325 278/353/327 302/354/328 301/352/326
f 275/355/329 274/356/329 302/354/328 278/353/327
f 273/357/330 274/356/329 275/355/329 276/358/330
f 533/359/331 308/360/332 310/361/333 534/362/334
f 534/363/334 310/364/333 312/365/335 535/366/336
f 535/366/336 312/365/335 314/367/337 536/368/338
f 536/368/338 314/367/337 316/369/339 537/370/340
f 537/370/340 316/369/339 318/371/341 538/372/342
f 538/372/342 318/371/341 320/373/343 539/374/344
f 539/374/344 320/373/343 322/375/345 516/376/346
f 516/376/346 322/375/345 324/377/347 517/378/348
f 517/378/348 324/377/347 326/379/349 518/380/350
f 518/380/350 326/379/349 328/381/351 519/382/352
f 519/382/352 328/381/351 330/383/353 520/384/354
f 520/384/354 330/383/353 332/385/355 521/386/356
f 521/386/356 332/385/355 334/387/357 522/388/358
f 522/388/358 334/387/357 336/389/359 523/390/360
f 523/390/360 336/389/359 338/391/361 524/392/362
f 524/392/362 338/391/361 340/393/363 525/394/364
f 525/394/364 340/393/363 342/395/365 526/396/366
f 526/396/366 342/395/365 344/397/367 527/398/368
f 527/398/368 344/397/367 346/399/369 528/400/370
f 528/400/370 346/399/369 348/401/371 529/402/372
f 529/402/372 348/401/371 350/403/373 530/404/374
f 530/404/374 350/403/373 352/405/375 531/406/376
f 531/406/376 352/405/375 354/407/377 532/408/378
f 532/408/378 354/407/377 308/360/332 533/359/331
f 429/409/379 428/410/380 506/411/381 505/412/382
f 426/413/383 425/414/384 509/415/385 508/416/386
f 423/417/387 422/418/388 512/419/389 511/420/390
f 428/410/380 427/421/391 507/422/392 506/411/381
f 425/414/384 424/423/393 510/424/394 509/415/385
f 422/418/388 421/425/395 513/426/396 512/419/389
f 427/421/391 426/413/383 508/416/386 507/422/392
f 424/423/393 423/417/387 511/420/390 510/424/394
f 376/427/397 375/428/398 498/429/399 497/430/400
f 379/431/401 378/432/402 495/433/403 494/434/404
f 374/435/405 373/436/406 500/437/407 499/438/408
f 377/439/409 376/427/397 497/430/400 496/440/410
f 380/441/411 379/431/401 494/434/404 493/442/412
f 375/428/398 374/435/405 499/438/408 498/429/399
f 378/432/402 377/439/409 496/440/410 495/433/403
f 381/443/413 380/441/411 493/442/412 492/444/414
f 397/445/415 420/446/416 373/447/406 374/448/405
f 398/449/417 397/445/415 374/448/405 375/450/398
f 399/451/418 398/449/417 375/450/398 376/452/397
f 400/453/419 399/451/418 376/452/397 377/454/409
f 401/455/420 400/453/419 377/454/409 378/456/402
f 402/457/421 401/455/420 378/456/402 379/458/401
f 403/459/422 402/457/421 379/458/401 380/460/411
f 404/461/423 403/459/422 380/460/411 381/462/413
f 407/463/424 406/464/425 382/465/426 383/466/427
f 383/466/427 384/467/428 408/468/429 407/463/424
f 408/468/429 384/467/428 385/469/430 409/470/431
f 385/469/430 386/471/432 410/472/433 409/470/431
f 410/472/433 386/471/432 387/473/434 411/474/435
f 387/475/434 389/476/436 412/477/437 411/478/435
f 412/477/437 389/476/436 390/479/438 413/480/439
f 390/479/438 391/481/440 414/482/441 413/480/439
f 414/482/441 391/481/440 392/483/442 415/484/443
f 392/483/442 393/485/444 416/486/445 415/484/443
f 416/486/445 393/485/444 394/487/446 417/488/447
f 394/487/446 395/489/448 418/490/449 417/488/447
f 418/490/449 395/489/448 396/491/450 419/492/451
f 396/491/450 373/447/406 420/446/416 419/492/451
f 406/464/425 405/493/452 388/494/453 382/465/426
f 388/494/453 405/493/452 404/461/423 381/462/413
f 335/495/454 337/496/455 397/445/415 398/449/417
f 333/497/456 335/495/454 398/449/417 399/451/418
f 331/498/457 333/497/456 399/451/418 400/453/419
f 329/499/458 331/498/457 400/453/419 401/455/420
f 327/500/459 329/499/458 401/455/420 402/457/421
f 325/501/460 327/500/459 402/457/421 403/459/422
f 323/502/461 325/501/460 403/459/422 404/461/423
f 405/493/452 321/503/462 323/502/461 404/461/423
f 319/504/463 321/503/462 405/493/452 406/464/425
f 317/505/464 319/504/463 406/464/425 407/463/424
f 407/463/424 408/468/429 315/506/465 317/505/464
f 315/506/465 408/468/429 409/470/431 313/507/466
f 409/470/431 410/472/433 311/508/467 313/507/466
f 311/508/467 410/472/433 411/474/435 309/509/468
f 411/478/435 412/477/437 307/510/469 309/511/468
f 307/510/469 412/477/437 413/480/439 353/512/470
f 413/480/439 414/482/441 351/513/471 353/512/470
f 351/513/471 414/482/441 415/484/443 349/514/472
f 415/484/443 416/486/445 347/515/473 349/514/472
f 347/515/473 416/486/445 417/488/447 345/516/474
f 417/488/447 418/490/449 343/517/475 345/516/474
f 343/517/475 418/490/449 419/492/451 341/518/476
f 419/492/451 420/446/416 339/519/477 341/518/476
f 337/496/455 339/519/477 420/446/416 397/445/415
f 369/520/478 372/521/479 421/425/395 422/418/388
f 368/522/480 369/520/478 422/418/388 423/417/387
f 371/523/481 368/522/480 423/417/387 424/423/393
f 367/524/482 371/523/481 424/423/393 425/414/384
f 366/525/483 367/524/482 425/414/384 426/413/383
f 370/526/484 366/525/483 426/413/383 427/421/391
f 365/527/485 370/526/484 427/421/391 428/410/380
f 364/528/486 365/527/485 428/410/380 429/409/379
f 472/529/487 431/530/488 430/531/489 473/532/490
f 474/533/491 433/534/492 432/535/493 475/536/494
f 433/534/492 474/533/491 473/537/490 430/538/489
f 476/539/495 435/540/496 434/541/497 477/542/498
f 478/543/499 437/544/500 436/545/501 479/546/502
f 437/544/500 478/543/499 477/542/498 434/541/497
f 475/536/494 432/535/493 435/540/496 476/539/495
f 480/547/503 439/548/504 438/549/505 481/550/506
f 479/546/502 436/545/501 439/548/504 480/547/503
f 482/551/507 441/552/508 502/553/509 501/554/510
f 481/550/506 438/549/505 441/555/508 482/556/507
f 483/557/511 440/558/512 442/559/513 484/560/514
f 484/560/514 442/559/513 515/561/515 514/562/516
f 487/563/517 486/564/518 444/565/519 445/566/520
f 486/564/518 485/567/521 443/568/522 444/565/519
f 489/569/523 488/570/524 446/571/525 447/572/526
f 488/570/524 487/563/517 445/566/520 446/571/525
f 460/573/527 489/569/523 447/572/526 448/574/528
f 462/575/529 461/576/530 449/577/531 450/578/532
f 461/576/530 460/573/527 448/574/528 449/577/531
f 463/579/533 462/575/529 450/578/532 451/580/534
f 464/581/535 453/582/536 452/583/537 465/584/538
f 453/582/536 464/581/535 504/585/539 503/586/540
f 491/587/541 490/588/542 454/589/543 466/590/544
f 468/591/545 467/592/546 455/593/547 456/594/548
f 467/592/546 466/595/544 454/596/543 455/593/547
f 470/597/549 469/598/550 457/599/551 458/600/552
f 469/598/550 468/591/545 456/594/548 457/599/551
f 470/597/549 458/600/552 459/601/553 471/602/554
f 471/602/554 459/601/553 431/530/488 472/529/487
f 357/603/555 358/604/556 460/573/527 461/576/530
f 356/605/557 357/603/555 461/576/530 462/575/529
f 355/606/558 356/605/557 462/575/529 463/579/533
f 464/581/535 429/409/379 505/412/382 504/585/539
f 429/409/379 464/581/535 465/584/538 364/528/486
f 492/444/414 491/587/541 466/590/544 381/443/413
f 388/494/453 381/462/413 466/595/544 467/592/546
f 382/465/426 388/494/453 467/592/546 468/591/545
f 383/466/427 382/465/426 468/591/545 469/598/550
f 384/467/428 383/466/427 469/598/550 470/597/549
f 384/467/428 470/597/549 471/602/554 385/469/430
f 385/469/430 471/602/554 472/529/487 386/471/432
f 386/471/432 472/529/487 473/532/490 387/473/434
f 474/533/491 389/476/436 387/475/434 473/537/490
f 389/476/436 474/533/491 475/536/494 390/479/438
f 390/479/438 475/536/494 476/539/495 391/481/440
f 391/481/440 476/539/495 477/542/498 392/483/442
f 478/543/499 393/485/444 392/483/442 477/542/498
f 393/485/444 478/543/499 479/546/502 394/487/446
f 394/487/446 479/546/502 480/547/503 395/489/448
f 395/489/448 480/547/503 481/550/506 396/491/450
f 396/491/450 481/550/506 482/556/507 373/447/406
f 373/436/406 482/551/507 501/554/510 500/437/407
f 372/521/479 483/557/511 484/560/514 421/425/395
f 421/425/395 484/560/514 514/562/516 513/426/396
f 362/607/559 363/608/560 485/567/521 486/564/518
f 361/609/561 362/607/559 486/564/518 487/563/517
f 360/610/562 361/609/561 487/563/517 488/570/524
f 359/611/563 360/610/562 488/570/524 489/569/523
f 358/604/556 359/611/563 489/569/523 460/573/527
f 465/584/538 452/583/537 490/588/542 491/587/541
f 364/528/486 465/584/538 491/587/541 492/444/414
f 492/444/414 493/442/412 365/527/485 364/528/486
f 493/442/412 494/434/404 370/526/484 365/527/485
f 494/434/404 495/433/403 366/525/483 370/526/484
f 495/433/403 496/440/410 367/524/482 366/525/483
f 496/440/410 497/430/400 371/523/481 367/524/482
f 497/430/400 498/429/399 368/522/480 371/523/481
f 498/429/399 499/438/408 369/520/478 368/522/480
f 499/438/408 500/437/407 372/521/479 369/520/478
f 500/437/407 501/554/510 483/557/511 372/521/479
f 501/554/510 502/553/509 440/558/512 483/557/511
f 503/586/540 504/585/539 463/579/533 451/580/534
f 504/585/539 505/412/382 355/606/558 463/579/533
f 505/412/382 506/411/381 356/605/557 355/606/558
f 506/411/381 507/422/392 357/603/555 356/605/557
f 507/422/392 508/416/386 358/604/556 357/603/555
f 508/416/386 509/415/385 359/611/563 358/604/556
f 509/415/385 510/424/394 360/610/562 359/611/563
f 510/424/394 511/420/390 361/609/561 360/610/562
f 511/420/390 512/419/389 362/607/559 361/609/561
f 512/419/389 513/426/396 363/608/560 362/607/559
f 513/426/396 514/562/516 485/567/521 363/608/560
f 514/562/516 515/561/515 443/568/522 485/567/521
f 541/612/564 587/613/565 586/614/566 542/615/567
f 542/615/567 586/614/566 585/616/568 543/617/569
f 543/617/569 585/616/568 584/618/570 544/619/571
f 544/619/571 584/618/570 583/620/572 545/621/573
f 545/621/573 583/620/572 582/622/574 546/623/575
f 546/623/575 582/622/574 581/624/576 547/625/577
f 547/625/577 581/624/576 580/626/578 548/627/579
f 548/627/579 580/626/578 579/628/580 549/629/581
f 549/629/581 579/628/580 578/630/582 550/631/583
f 550/631/583 578/630/582 577/632/584 551/633/585
f 551/633/585 577/632/584 576/634/586 552/635/587
f 552/635/587 576/634/586 575/636/588 553/637/589
f 553/637/589 575/636/588 574/638/590 554/639/591
f 554/639/591 574/638/590 573/640/592 555/641/593
f 555/641/593 573/640/592 572/642/594 556/643/595
f 556/643/595 572/642/594 571/644/596 557/645/597
f 557/645/597 571/644/596 570/646/598 558/647/599
f 558/647/599 570/646/598 569/648/600 559/649/601
f 559/650/601 569/651/600 568/652/602 560/653/603
f 560/653/603 568/652/602 567/654/604 561/655/605
f 561/655/605 567/654/604 566/656/606 562/657/607
f 562/657/607 566/656/606 565/658/608 563/659/609
f 563/659/609 565/658/608 564/660/610 540/661/611
f 540/661/611 564/660/610 587/613/565 541/612/564
f 319/504/463 540/661/611 541/612/564 321/503/462
f 321/503/462 541/612/564 542/615/567 323/502/461
f 323/502/461 542/615/567 543/617/569 325/501/460
f 325/501/460 543/617/569 544/619/571 327/500/459
f 327/500/459 544/619/571 545/621/573 329/499/458
f 329/499/458 545/621/573 546/623/575 331/498/457
f 331/498/457 546/623/575 547/625/577 333/497/456
f 333/497/456 547/625/577 548/627/579 335/495/454
f 335/495/454 548/627/579 549/629/581 337/496/455
f 337/496/455 549/629/581 550/631/583 339/519/477
f 339/519/477 550/631/583 551/633/585 341/518/476
f 341/518/476 551/633/585 552/635/587 343/517/475
f 343/517/475 552/635/587 553/637/589 345/516/474
f 345/516/474 553/637/589 554/639/591 347/515/473
f 347/515/473 554/639/591 555/641/593 349/514/472
f 349/514/472 555/641/593 556/643/595 351/513/471
f 351/513/471 556/643/595 557/645/597 353/512/470
f 353/512/470 557/645/597 558/647/599 307/510/469
f 307/510/469 558/647/599 559/649/601 309/511/468
f 309/509/468 559/650/601 560/653/603 311/508/467
f 311/508/467 560/653/603 561/655/605 313/507/466
f 313/507/466 561/655/605 562/657/607 315/506/465
f 315/506/465 562/657/607 563/659/609 317/505/464
f 317/505/464 563/659/609 540/661/611 319/504/463
f 565/658/608 538/372/342 539/374/344 564/660/610
f 566/656/606 537/370/340 538/372/342 565/658/608
f 567/654/604 536/368/338 537/370/340 566/656/606
f 568/652/602 535/366/336 536/368/338 567/654/604
f 569/651/600 534/363/334 535/366/336 568/652/602
f 570/646/598 533/359/331 534/362/334 569/648/600
f 571/644/596 532/408/378 533/359/331 570/646/598
f 572/642/594 531/406/376 532/408/378 571/644/596
f 573/640/592 530/404/374 531/406/376 572/642/594
f 574/638/590 529/402/372 530/404/374 573/640/592
f 575/636/588 528/400/370 529/402/372 574/638/590
f 576/634/586 527/398/368 528/400/370 575/636/588
f 577/632/584 526/396/366 527/398/368 576/634/586
f 578/630/582 525/394/364 526/396/366 577/632/584
f 579/628/580 524/392/362 525/394/364 578/630/582
f 580/626/578 523/390/360 524/392/362 579/628/580
f 581/624/576 522/388/358 523/390/360 580/626/578
f 582/622/574 521/386/356 522/388/358 581/624/576
f 583/620/572 520/384/354 521/386/356 582/622/574
f 584/618/570 519/382/352 520/384/354 583/620/572
f 585/616/568 518/380/350 519/382/352 584/618/570
f 586/614/566 517/378/348 518/380/350 585/616/568
f 587/613/565 516/376/346 517/378/348 586/614/566
f 564/660/610 539/374/344 516/376/346 587/613/565
f 318/371/341 316/369/339 588/662/612 589/663/613
f 314/367/337 312/365/335 590/664/614 591/665/615
f 591/665/615 588/662/612 316/369/339 314/367/337
f 310/361/333 308/360/332 592/666/616 593/667/617
f 593/668/617 590/664/614 312/365/335 310/364/333
f 354/407/377 352/405/375 594/669/618 595/670/619
f 595/670/619 592/666/616 308/360/332 354/407/377
f 350/403/373 348/401/371 596/671/620 597/672/621
f 597/672/621 594/669/618 352/405/375 350/403/373
f 346/399/369 344/397/367 598/673/622 599/674/623
f 599/674/623 596/671/620 348/401/371 346/399/369
f 342/395/365 340/393/363 600/675/624 601/676/625
f 601/676/625 598/673/622 344/397/367 342/395/365
f 338/391/361 336/389/359 602/677/626 603/678/627
f 603/678/627 600/675/624 340/393/363 338/391/361
f 334/387/357 332/385/355 604/679/628 605/680/629
f 605/680/629 602/677/626 336/389/359 334/387/357
f 330/383/353 328/381/351 606/681/630 607/682/631
f 607/682/631 604/679/628 332/385/355 330/383/353
f 326/379/349 324/377/347 608/683/632 609/684/633
f 609/684/633 606/681/630 328/381/351 326/379/349
f 322/375/345 320/373/343 610/685/634 611/686/635
f 611/686/635 608/683/632 324/377/347 322/375/345
f 320/373/343 318/371/341 589/663/613 610/685/634
f 599/674/623 598/673/622 622/687/636 623/688/637
f 602/677/626 605/680/629 629/689/638 626/690/639
f 603/678/627 602/677/626 626/690/639 627/691/640
f 606/681/630 609/684/633 633/692/641 630/693/642
f 607/682/631 606/681/630 630/693/642 631/694/643
f 611/686/635 610/685/634 634/695/644 635/696/645
f 588/662/612 591/665/615 615/697/646 612/698/647
f 592/666/616 595/670/619 619/699/648 616/700/649
f 593/667/617 592/666/616 616/700/649 617/701/650
f 596/671/620 599/674/623 623/688/637 620/702/651
f 589/663/613 588/662/612 612/698/647 613/703/652
f 597/672/621 596/671/620 620/702/651 621/704/653
f 600/675/624 603/678/627 627/691/640 624/705/654
f 601/676/625 600/675/624 624/705/654 625/706/655
f 604/679/628 607/682/631 631/694/643 628/707/656
f 605/680/629 604/679/628 628/707/656 629/689/638
f 608/683/632 611/686/635 635/696/645 632/708/657
f 609/684/633 608/683/632 632/708/657 633/692/641
f 610/685/634 589/663/613 613/703/652 634/695/644
f 590/664/614 593/668/617 617/709/650 614/710/658
f 591/665/615 590/664/614 614/710/658 615/697/646
f 594/669/618 597/672/621 621/704/653 618/711/659
f 595/670/619 594/669/618 618/711/659 619/699/648
f 598/673/622 601/676/625 625/706/655 622/687/636
f 862/712/660 863/713/661 639/714/662 637/715/663
f 863/716/661 864/717/664 641/718/665 639/719/662
f 864/717/664 865/720/666 643/721/667 641/718/665
f 865/720/666 866/722/668 645/723/669 643/721/667
f 866/722/668 867/724/670 647/725/671 645/723/669
f 867/724/670 868/726/672 649/727/673 647/725/671
f 868/726/672 845/728/674 651/729/675 649/727/673
f 845/728/674 846/730/676 653/731/677 651/729/675
f 846/730/676 847/732/678 655/733/679 653/731/677
f 847/732/678 848/734/680 657/735/681 655/733/679
f 848/734/680 849/736/682 659/737/683 657/735/681
f 849/736/682 850/738/684 661/739/685 659/737/683
f 850/738/684 851/740/686 663/741/687 661/739/685
f 851/740/686 852/742/688 665/743/689 663/741/687
f 852/742/688 853/744/690 667/745/691 665/743/689
f 853/744/690 854/746/692 669/747/693 667/745/691
f 854/746/692 855/748/694 671/749/695 669/747/693
f 855/748/694 856/750/696 673/751/697 671/749/695
f 856/750/696 857/752/698 675/753/699 673/751/697
f 857/752/698 858/754/700 677/755/701 675/753/699
f 858/754/700 859/756/702 679/757/703 677/755/701
f 859/756/702 860/758/704 681/759/705 679/757/703
f 860/758/704 861/760/706 683/761/707 681/759/705
f 861/760/706 862/712/660 637/715/663 683/761/707
f 758/762/708 834/763/709 835/764/710 757/765/711
f 755/766/712 837/767/713 838/768/714 754/769/715
f 752/770/716 840/771/717 841/772/718 751/773/719
f 757/765/711 835/764/710 836/774/720 756/775/721
f 754/769/715 838/768/714 839/776/722 753/777/723
f 751/773/719 841/772/718 842/778/724 750/779/725
f 756/775/721 836/774/720 837/767/713 755/766/712
f 753/777/723 839/776/722 840/771/717 752/770/716
f 705/780/726 826/781/727 827/782/728 704/783/729
f 708/784/730 823/785/731 824/786/732 707/787/733
f 703/788/734 828/789/735 829/790/736 702/791/737
f 706/792/738 825/793/739 826/781/727 705/780/726
f 709/794/740 822/795/741 823/785/731 708/784/730
f 704/783/729 827/782/728 828/789/735 703/788/734
f 707/787/733 824/786/732 825/793/739 706/792/738
f 710/796/742 821/797/743 822/795/741 709/794/740
f 726/798/744 703/788/734 702/791/737 749/799/745
f 727/800/746 704/783/729 703/788/734 726/798/744
f 728/801/747 705/780/726 704/783/729 727/800/746
f 729/802/748 706/792/738 705/780/726 728/801/747
f 730/803/749 707/787/733 706/792/738 729/802/748
f 731/804/750 708/784/730 707/787/733 730/803/749
f 732/805/751 709/794/740 708/784/730 731/804/750
f 733/806/752 710/796/742 709/794/740 732/805/751
f 736/807/753 712/808/754 711/809/755 735/810/756
f 712/808/754 736/807/753 737/811/757 713/812/758
f 737/811/757 738/813/759 714/814/760 713/812/758
f 714/814/760 738/813/759 739/815/761 715/816/762
f 739/815/761 740/817/763 716/818/764 715/816/762
f 716/819/764 740/820/763 741/821/765 718/822/766
f 741/821/765 742/823/767 719/824/768 718/822/766
f 719/824/768 742/823/767 743/825/769 720/826/770
f 743/825/769 744/827/771 721/828/772 720/826/770
f 721/828/772 744/827/771 745/829/773 722/830/774
f 745/829/773 746/831/775 723/832/776 722/830/774
f 723/832/776 746/831/775 747/833/777 724/834/778
f 747/833/777 748/835/779 725/836/780 724/834/778
f 725/836/780 748/835/779 749/799/745 702/791/737
f 735/810/756 711/809/755 717/837/781 734/838/782
f 717/837/781 710/796/742 733/806/752 734/838/782
f 664/839/783 727/800/746 726/798/744 666/840/784
f 662/841/785 728/801/747 727/800/746 664/839/783
f 660/842/786 729/802/748 728/801/747 662/841/785
f 658/843/787 730/803/749 729/802/748 660/842/786
f 656/844/788 731/804/750 730/803/749 658/843/787
f 654/845/789 732/805/751 731/804/750 656/844/788
f 652/846/790 733/806/752 732/805/751 654/845/789
f 734/838/782 733/806/752 652/846/790 650/847/791
f 648/848/792 735/810/756 734/838/782 650/847/791
f 646/849/793 736/807/753 735/810/756 648/848/792
f 736/807/753 646/849/793 644/850/794 737/811/757
f 644/850/794 642/851/795 738/813/759 737/811/757
f 738/813/759 642/851/795 640/852/796 739/815/761
f 640/852/796 638/853/797 740/817/763 739/815/761
f 740/820/763 638/854/797 636/855/798 741/821/765
f 636/855/798 682/856/799 742/823/767 741/821/765
f 742/823/767 682/856/799 680/857/800 743/825/769
f 680/857/800 678/858/801 744/827/771 743/825/769
f 744/827/771 678/858/801 676/859/802 745/829/773
f 676/859/802 674/860/803 746/831/775 745/829/773
f 746/831/775 674/860/803 672/861/804 747/833/777
f 672/861/804 670/862/805 748/835/779 747/833/777
f 748/835/779 670/862/805 668/863/806 749/799/745
f 666/840/784 726/798/744 749/799/745 668/863/806
f 698/864/807 751/773/719 750/779/725 701/865/808
f 697/866/809 752/770/716 751/773/719 698/864/807
f 700/867/810 753/777/723 752/770/716 697/866/809
f 696/868/811 754/769/715 753/777/723 700/867/810
f 695/869/812 755/766/712 754/769/715 696/868/811
f 699/870/813 756/775/721 755/766/712 695/869/812
f 694/871/814 757/765/711 756/775/721 699/870/813
f 693/872/815 758/762/708 757/765/711 694/871/814
f 801/873/816 802/874/817 759/875/818 760/876/819
f 803/877/820 804/878/821 761/879/822 762/880/823
f 762/880/823 759/881/818 802/882/817 803/877/820
f 805/883/824 806/884/825 763/885/826 764/886/827
f 807/887/828 808/888/829 765/889/830 766/890/831
f 766/890/831 763/885/826 806/884/825 807/887/828
f 804/878/821 805/883/824 764/886/827 761/879/822
f 809/891/832 810/892/833 767/893/834 768/894/835
f 808/888/829 809/891/832 768/894/835 765/889/830
f 811/895/836 830/896/837 831/897/838 770/898/839
f 810/892/833 811/895/836 770/898/839 767/893/834
f 812/899/840 813/900/841 771/901/842 769/902/843
f 813/900/841 843/903/844 844/904/845 771/901/842
f 816/905/846 774/906/847 773/907/848 815/908/849
f 815/908/849 773/907/848 772/909/850 814/910/851
f 818/911/852 776/912/853 775/913/854 817/914/855
f 817/914/855 775/913/854 774/906/847 816/905/846
f 789/915/856 777/916/857 776/912/853 818/911/852
f 791/917/858 779/918/859 778/919/860 790/920/861
f 790/920/861 778/919/860 777/916/857 789/915/856
f 792/921/862 780/922/863 779/918/859 791/917/858
f 793/923/864 794/924/865 781/925/866 782/926/867
f 782/926/867 832/927/868 833/928/869 793/923/864
f 820/929/870 795/930/871 783/931/872 819/932/873
f 797/933/874 785/934/875 784/935/876 796/936/877
f 796/936/877 784/935/876 783/931/872 795/930/871
f 799/937/878 787/938/879 786/939/880 798/940/881
f 798/940/881 786/939/880 785/934/875 797/933/874
f 799/937/878 800/941/882 788/942/883 787/938/879
f 800/941/882 801/873/816 760/876/819 788/942/883
f 686/943/884 790/920/861 789/915/856 687/944/885
f 685/945/886 791/917/858 790/920/861 686/943/884
f 684/946/887 792/921/862 791/917/858 685/945/886
f 793/923/864 833/928/869 834/763/709 758/762/708
f 758/762/708 693/872/815 794/924/865 793/923/864
f 821/797/743 710/796/742 795/930/871 820/929/870
f 717/837/781 796/936/877 795/930/871 710/796/742
f 711/809/755 797/933/874 796/936/877 717/837/781
f 712/808/754 798/940/881 797/933/874 711/809/755
f 713/812/758 799/937/878 798/940/881 712/808/754
f 713/812/758 714/814/760 800/941/882 799/937/878
f 714/814/760 715/816/762 801/873/816 800/941/882
f 715/816/762 716/818/764 802/874/817 801/873/816
f 803/877/820 802/882/817 716/819/764 718/822/766
f 718/822/766 719/824/768 804/878/821 803/877/820
f 719/824/768 720/826/770 805/883/824 804/878/821
f 720/826/770 721/828/772 806/884/825 805/883/824
f 807/887/828 806/884/825 721/828/772 722/830/774
f 722/830/774 723/832/776 808/888/829 807/887/828
f 723/832/776 724/834/778 809/891/832 808/888/829
f 724/834/778 725/836/780 810/892/833 809/891/832
f 725/836/780 702/791/737 811/895/836 810/892/833
f 702/791/737 829/790/736 830/896/837 811/895/836
f 701/865/808 750/779/725 813/900/841 812/899/840
f 750/779/725 842/778/724 843/903/844 813/900/841
f 691/947/888 815/908/849 814/910/851 692/948/889
f 690/949/890 816/905/846 815/908/849 691/947/888
f 689/950/891 817/914/855 816/905/846 690/949/890
f 688/951/892 818/911/852 817/914/855 689/950/891
f 687/944/885 789/915/856 818/911/852 688/951/892
f 794/924/865 820/929/870 819/932/873 781/925/866
f 693/872/815 821/797/743 820/929/870 794/924/865
f 821/797/743 693/872/815 694/871/814 822/795/741
f 822/795/741 694/871/814 699/870/813 823/785/731
f 823/785/731 699/870/813 695/869/812 824/786/732
f 824/786/732 695/869/812 696/868/811 825/793/739
f 825/793/739 696/868/811 700/867/810 826/781/727
f 826/781/727 700/867/810 697/866/809 827/782/728
f 827/782/728 697/866/809 698/864/807 828/789/735
f 828/789/735 698/864/807 701/865/808 829/790/736
f 829/790/736 701/865/808 812/899/840 830/896/837
f 830/896/837 812/899/840 769/902/843 831/897/838
f 832/927/868 780/922/863 792/921/862 833/928/869
f 833/928/869 792/921/862 684/946/887 834/763/709
f 834/763/709 684/946/887 685/945/886 835/764/710
f 835/764/710 685/945/886 686/943/884 836/774/720
f 836/774/720 686/943/884 687/944/885 837/767/713
f 837/767/713 687/944/885 688/951/892 838/768/714
f 838/768/714 688/951/892 689/950/891 839/776/722
f 839/776/722 689/950/891 690/949/890 840/771/717
f 840/771/717 690/949/890 691/947/888 841/772/718
f 841/772/718 691/947/888 692/948/889 842/778/724
f 842/778/724 692/948/889 814/910/851 843/903/844
f 843/903/844 814/910/851 772/909/850 844/904/845
f 870/952/893 871/953/894 915/954/895 916/955/896
f 871/953/894 872/956/897 914/957/898 915/954/895
f 872/956/897 873/958/899 913/959/900 914/957/898
f 873/958/899 874/960/901 912/961/902 913/959/900
f 874/960/901 875/962/903 911/963/904 912/961/902
f 875/962/903 876/964/905 910/965/906 911/963/904
f 876/964/905 877/966/907 909/967/908 910/965/906
f 877/966/907 878/968/909 908/969/910 909/967/908
f 878/968/909 879/970/911 907/971/912 908/969/910
f 879/970/911 880/972/913 906/973/914 907/971/912
f 880/972/913 881/974/915 905/975/916 906/973/914
f 881/974/915 882/976/917 904/977/918 905/975/916
f 882/976/917 883/978/919 903/979/920 904/977/918
f 883/978/919 884/980/921 902/981/922 903/979/920
f 884/980/921 885/982/923 901/983/924 902/981/922
f 885/982/923 886/984/925 900/985/926 901/983/924
f 886/984/925 887/986/927 899/987/928 900/985/926
f 887/986/927 888/988/929 898/989/930 899/987/928
f 888/990/929 889/991/931 897/992/932 898/993/930
f 889/991/931 890/994/933 896/995/934 897/992/932
f 890/994/933 891/996/935 895/997/936 896/995/934
f 891/996/935 892/998/937 894/999/938 895/997/936
f 892/998/937 869/1000/939 893/1001/940 894/999/938
f 869/1000/939 870/952/893 916/955/896 893/1001/940
f 648/848/792 650/847/791 870/952/893 869/1000/939
f 650/847/791 652/846/790 871/953/894 870/952/893
f 652/846/790 654/845/789 872/956/897 871/953/894
f 654/845/789 656/844/788 873/958/899 872/956/897
f 656/844/788 658/843/787 874/960/901 873/958/899
f 658/843/787 660/842/786 875/962/903 874/960/901
f 660/842/786 662/841/785 876/964/905 875/962/903
f 662/841/785 664/839/783 877/966/907 876/964/905
f 664/839/783 666/840/784 878/968/909 877/966/907
f 666/840/784 668/863/806 879/970/911 878/968/909
f 668/863/806 670/862/805 880/972/913 879/970/911
f 670/862/805 672/861/804 881/974/915 880/972/913
f 672/861/804 674/860/803 882/976/917 881/974/915
f 674/860/803 676/859/802 883/978/919 882/976/917
f 676/859/802 678/858/801 884/980/921 883/978/919
f 678/858/801 680/857/800 885/982/923 884/980/921
f 680/857/800 682/856/799 886/984/925 885/982/923
f 682/856/799 636/855/798 887/986/927 886/984/925
f 636/855/798 638/854/797 888/988/929 887/986/927
f 638/853/797 640/852/796 889/991/931 888/990/929
f 640/852/796 642/851/795 890/994/933 889/991/931
f 642/851/795 644/850/794 891/996/935 890/994/933
f 644/850/794 646/849/793 892/998/937 891/996/935
f 646/849/793 648/848/792 869/1000/939 892/998/937
f 894/999/938 893/1001/940 868/726/672 867/724/670
f 895/997/936 894/999/938 867/724/670 866/722/668
f 896/995/934 895/997/936 866/722/668 865/720/666
f 897/992/932 896/995/934 865/720/666 864/717/664
f 898/993/930 897/992/932 864/717/664 863/716/661
f 899/987/928 898/989/930 863/713/661 862/712/660
f 900/985/926 899/987/928 862/712/660 861/760/706
f 901/983/924 900/985/926 861/760/706 860/758/704
f 902/981/922 901/983/924 860/758/704 859/756/702
f 903/979/920 902/981/922 859/756/702 858/754/700
f 904/977/918 903/979/920 858/754/700 857/752/698
f 905/975/916 904/977/918 857/752/698 856/750/696
f 906/973/914 905/975/916 856/750/696 855/748/694
f 907/971/912 906/973/914 855/748/694 854/746/692
f 908/969/910 907/971/912 854/746/692 853/744/690
f 909/967/908 908/969/910 853/744/690 852/742/688
f 910/965/906 909/967/908 852/742/688 851/740/686
f 911/963/904 910/965/906 851/740/686 850/738/684
f 912/961/902 911/963/904 850/738/684 849/736/682
f 913/959/900 912/961/902 849/736/682 848/734/680
f 914/957/898 913/959/900 848/734/680 847/732/678
f 915/954/895 914/957/898 847/732/678 846/730/676
f 916/955/896 915/954/895 846/730/676 845/728/674
f 893/1001/940 916/955/896 845/728/674 868/726/672
f 647/725/671 918/1002/941 917/1003/942 645/723/669
f 643/721/667 920/1004/943 919/1005/944 641/718/665
f 920/1004/943 643/721/667 645/723/669 917/1003/942
f 639/714/662 922/1006/945 921/1007/946 637/715/663
f 922/1008/945 639/719/662 641/718/665 919/1005/944
f 683/761/707 924/1009/947 923/1010/948 681/759/705
f 924/1009/947 683/761/707 637/715/663 921/1007/946
f 679/757/703 926/1011/949 925/1012/950 677/755/701
f 926/1011/949 679/757/703 681/759/705 923/1010/948
f 675/753/699 928/1013/951 927/1014/952 673/751/697
f 928/1013/951 675/753/699 677/755/701 925/1012/950
f 671/749/695 930/1015/953 929/1016/954 669/747/693
f 930/1015/953 671/749/695 673/751/697 927/1014/952
f 667/745/691 932/1017/955 931/1018/956 665/743/689
f 932/1017/955 667/745/691 669/747/693 929/1016/954
f 663/741/687 934/1019/957 933/1020/958 661/739/685
f 934/1019/957 663/741/687 665/743/689 931/1018/956
f 659/737/683 936/1021/959 935/1022/960 657/735/681
f 936/1021/959 659/737/683 661/739/685 933/1020/958
f 655/733/679 938/1023/961 937/1024/962 653/731/677
f 938/1023/961 655/733/679 657/735/681 935/1022/960
f 651/729/675 940/1025/963 939/1026/964 649/727/673
f 940/1025/963 651/729/675 653/731/677 937/1024/962
f 649/727/673 939/1026/964 918/1002/941 647/725/671
f 928/1013/951 952/1027/965 951/1028/966 927/1014/952
f 931/1018/956 955/1029/967 958/1030/968 934/1019/957
f 932/1017/955 956/1031/969 955/1029/967 931/1018/956
f 935/1022/960 959/1032/970 962/1033/971 938/1023/961
f 936/1021/959 960/1034/972 959/1032/970 935/1022/960
f 940/1025/963 964/1035/973 963/1036/974 939/1026/964
f 917/1003/942 941/1037/975 944/1038/976 920/1004/943
f 921/1007/946 945/1039/977 948/1040/978 924/1009/947
f 922/1006/945 946/1041/979 945/1039/977 921/1007/946
f 925/1012/950 949/1042/980 952/1027/965 928/1013/951
f 918/1002/941 942/1043/981 941/1037/975 917/1003/942
f 926/1011/949 950/1044/982 949/1042/980 925/1012/950
f 929/1016/954 953/1045/983 956/1031/969 932/1017/955
f 930/1015/953 954/1046/984 953/1045/983 929/1016/954
f 933/1020/958 957/1047/985 960/1034/972 936/1021/959
f 934/1019/957 958/1030/968 957/1047/985 933/1020/958
f 937/1024/962 961/1048/986 964/1035/973 940/1025/963
f 938/1023/961 962/1033/971 961/1048/986 937/1024/962
f 939/1026/964 963/1036/974 942/1043/981 918/1002/941
f 919/1005/944 943/1049/987 946/1050/979 922/1008/945
f 920/1004/943 944/1038/976 943/1049/987 919/1005/944
f 923/1010/948 947/1051/988 950/1044/982 926/1011/949
f 924/1009/947 948/1040/978 947/1051/988 923/1010/948
f 927/1014/952 951/1028/966 954/1046/984 930/1015/953
f 776/1052/989 777/1053/990 774/1054/991 775/1055/989
f 774/1054/991 777/1053/990 778/1056/992 773/1057/993
f 772/1058/994 773/1057/993 778/1056/992 779/1059/995
f 780/1060/996 844/1061/997 772/1058/994 779/1059/995
f 771/1062/998 844/1061/997 780/1060/996 832/1063/999
f 769/1064/1000 771/1062/998 832/1063/999 782/1065/1001
f 781/1066/1002 831/1067/1003 769/1064/1000 782/1065/1001
f 831/1067/1003 781/1066/1002 819/1068/1004 770/1069/1005
f 770/1069/1005 819/1068/1004 783/1070/1006 767/1071/1007
f 767/1071/1007 783/1070/1006 784/1072/1008 768/1073/1009
f 765/1074/1010 768/1073/1009 784/1072/1008 785/1075/1011
f 765/1074/1010 785/1075/1011 786/1076/1012 766/1077/1012
f 763/1078/1013 766/1077/1012 786/1076/1012 787/1079/1014
f 759/1080/1015 762/1081/1015 761/1082/1016 760/1083/1017
f 761/1082/1016 764/1084/1018 788/1085/1019 760/1083/1017
f 763/1078/1013 787/1079/1014 788/1085/1019 764/1084/1018
f 957/1086/1020 958/1087/1021 968/1088/1022 974/1089/1023
f 943/1090/1024 944/1091/1025 966/1092/1026 973/1093/1027
f 956/1094/1028 953/1095/1029 987/1096/1030 988/1097/1031
f 941/1098/1032 942/1099/1033 985/1100/1034 965/1101/1035
f 955/1102/1036 956/1094/1028 988/1097/1031 967/1103/1037
f 954/1104/1038 951/1105/1039 984/1106/1040 986/1107/1041
f 953/1095/1029 954/1104/1038 986/1107/1041 987/1096/1030
f 952/1108/1042 949/1109/1043 980/1110/1044 983/1111/1045
f 942/1099/1033 963/1112/1046 982/1113/1047 985/1100/1034
f 951/1105/1039 952/1108/1042 983/1111/1045 984/1106/1040
f 964/1114/1048 961/1115/1049 978/1116/1050 981/1117/1051
f 950/1118/1052 947/1119/1053 976/1120/1054 979/1121/1055
f 963/1112/1046 964/1114/1048 981/1117/1051 982/1113/1047
f 949/1109/1043 950/1118/1052 979/1121/1055 980/1110/1044
f 962/1122/1056 959/1123/1057 972/1124/1058 977/1125/1059
f 948/1126/1060 945/1127/1061 970/1128/1062 975/1129/1063
f 961/1115/1049 962/1122/1056 977/1125/1059 978/1116/1050
f 947/1119/1053 948/1126/1060 975/1129/1063 976/1120/1054
f 960/1130/1064 957/1086/1020 974/1089/1023 971/1131/1065
f 946/1132/1066 943/1090/1024 973/1093/1027 969/1133/1067
f 959/1123/1057 960/1130/1064 971/1131/1065 972/1124/1058
f 945/1127/1061 946/1134/1066 969/1135/1067 970/1128/1062
f 958/1087/1021 955/1102/1036 967/1103/1037 968/1088/1022
f 944/1091/1025 941/1098/1032 965/1101/1035 966/1092/1026
f 1044/1136/1068 1041/1137/1069 1033/1138/1070 1036/1139/1071
f 1082/1140/1072 1079/1141/1073 1024/1142/1074 1023/1143/1075
f 1084/1144/1076 1046/1145/1077 1022/1146/1078 1021/1147/1079
f 1047/1148/1080 1060/1149/1081 1029/1150/1082 1032/1151/1083
f 1076/1152/1084 1073/1153/1085 1026/1154/1086 1025/1155/1087
f 624/1156/1088 627/1157/1089 1083/1158/1090 1080/1159/1091
f 1068/1160/1092 1065/1161/1093 1028/1162/1094 1027/1163/1095
f 1072/1164/1096 1069/1165/1097 1014/1166/1098 1013/1167/1099
f 622/1168/1100 625/1169/1101 1081/1170/1102 1074/1171/1103
f 1064/1172/1104 1061/1173/1105 1016/1174/1106 1015/1175/1107
f 1060/1149/1081 1057/1176/1108 1030/1177/1109 1029/1150/1082
f 634/1178/1110 613/1179/1111 1078/1180/1112 1070/1181/1113
f 620/1182/1114 623/1183/1115 1075/1184/1116 1066/1185/1117
f 1054/1186/1118 1051/1187/1119 1018/1188/1120 1017/1189/1121
f 1050/1190/1122 1047/1148/1080 1032/1151/1083 1031/1191/1123
f 632/1192/1124 635/1193/1125 1071/1194/1126 1062/1195/1127
f 618/1196/1128 621/1197/1129 1067/1198/1130 1058/1199/1131
f 1040/1200/1132 1037/1201/1133 1020/1202/1134 1019/1203/1135
f 1051/1187/1119 1064/1172/1104 1015/1175/1107 1018/1188/1120
f 630/1204/1136 633/1205/1137 1063/1206/1138 1052/1207/1139
f 616/1208/1140 619/1209/1141 1059/1210/1142 1048/1211/1143
f 1041/1137/1069 1056/1212/1144 1034/1213/1145 1033/1138/1070
f 615/1214/1146 614/1215/1147 1055/1216/1148 1042/1217/1149
f 628/1218/1150 631/1219/1151 1053/1220/1152 1038/1221/1153
f 612/1222/1154 615/1214/1146 1042/1217/1149 1043/1223/1155
f 974/1089/1023 968/1088/1022 995/1224/1156 996/1225/1157
f 625/1169/1101 624/1156/1088 1080/1159/1091 1081/1170/1102
f 973/1093/1027 966/1092/1026 1009/1226/1158 1010/1227/1159
f 613/1179/1111 612/1222/1154 1043/1223/1155 1078/1180/1112
f 988/1097/1031 987/1096/1030 1000/1228/1160 997/1229/1161
f 627/1157/1089 626/1230/1162 1045/1231/1163 1083/1158/1090
f 965/1101/1035 985/1100/1034 1011/1232/1164 1012/1233/1165
f 967/1103/1037 988/1097/1031 997/1229/1161 998/1234/1166
f 623/1183/1115 622/1168/1100 1074/1171/1103 1075/1184/1116
f 986/1107/1041 984/1106/1040 1002/1235/1167 999/1236/1168
f 987/1096/1030 986/1107/1041 999/1236/1168 1000/1228/1160
f 621/1197/1129 620/1182/1114 1066/1185/1117 1067/1198/1130
f 635/1193/1125 634/1178/1110 1070/1181/1113 1071/1194/1126
f 983/1111/1045 980/1110/1044 1004/1237/1169 1001/1238/1170
f 1079/1141/1073 1084/1144/1076 1021/1147/1079 1024/1142/1074
f 985/1100/1034 982/1113/1047 990/1239/1171 1011/1232/1164
f 633/1205/1137 632/1192/1124 1062/1195/1127 1063/1206/1138
f 984/1106/1040 983/1111/1045 1001/1238/1170 1002/1235/1167
f 619/1209/1141 618/1196/1128 1058/1199/1131 1059/1210/1142
f 981/1117/1051 978/1116/1050 992/1240/1172 989/1241/1173
f 1073/1153/1085 1082/1140/1072 1023/1143/1075 1026/1154/1086
f 979/1121/1055 976/1120/1054 1006/1242/1174 1003/1243/1175
f 1085/1244/1176 1086/1245/1177 1014/1166/1098 1035/1246/1178
f 1086/1245/1177 1087/1247/1179 1013/1167/1099 1014/1166/1098
f 1087/1247/1179 1088/1248/1180 1016/1174/1106 1013/1167/1099
f 1088/1248/1180 1089/1249/1181 1015/1175/1107 1016/1174/1106
f 1089/1249/1181 1090/1250/1182 1018/1188/1120 1015/1175/1107
f 1090/1250/1182 1091/1251/1183 1017/1189/1121 1018/1188/1120
f 1091/1251/1183 1092/1252/1184 1020/1202/1134 1017/1189/1121
f 1092/1252/1184 1093/1253/1185 1019/1203/1135 1020/1202/1134
f 1093/1253/1185 1094/1254/1186 1022/1146/1078 1019/1203/1135
f 1094/1254/1186 1095/1255/1187 1021/1147/1079 1022/1146/1078
f 1095/1255/1187 1096/1256/1188 1024/1142/1074 1021/1147/1079
f 1096/1256/1188 1097/1257/1189 1023/1143/1075 1024/1142/1074
f 1097/1257/1189 1098/1258/1190 1026/1154/1086 1023/1143/1075
f 1098/1258/1190 1099/1259/1191 1025/1155/1087 1026/1154/1086
f 1099/1259/1191 1100/1260/1192 1028/1162/1094 1025/1155/1087
f 1100/1260/1192 1101/1261/1193 1027/1163/1095 1028/1162/1094
f 1101/1261/1193 1102/1262/1194 1030/1177/1109 1027/1163/1095
f 1102/1262/1194 1103/1263/1195 1029/1150/1082 1030/1177/1109
f 1103/1263/1195 1104/1264/1196 1032/1151/1083 1029/1150/1082
f 1104/1264/1196 1105/1265/1197 1031/1191/1123 1032/1151/1083
f 1105/1266/1197 1106/1267/1198 1034/1213/1145 1031/1268/1123
f 1106/1267/1198 1107/1269/1199 1033/1138/1070 1034/1213/1145
f 1107/1269/1199 1108/1270/1200 1036/1139/1071 1033/1138/1070
f 1108/1270/1200 1085/1244/1176 1035/1246/1178 1036/1139/1071
f 1069/1165/1097 1077/1271/1201 1035/1246/1178 1014/1166/1098
f 982/1113/1047 981/1117/1051 989/1241/1173 990/1239/1171
f 631/1219/1151 630/1204/1136 1052/1207/1139 1053/1220/1152
f 980/1110/1044 979/1121/1055 1003/1243/1175 1004/1237/1169
f 617/1272/1202 616/1208/1140 1048/1211/1143 1049/1273/1203
f 977/1125/1059 972/1124/1058 994/1274/1204 991/1275/1205
f 1065/1161/1093 1076/1152/1084 1025/1155/1087 1028/1162/1094
f 975/1129/1063 970/1128/1062 1008/1276/1206 1005/1277/1207
f 1061/1173/1105 1072/1164/1096 1013/1167/1099 1016/1174/1106
f 978/1116/1050 977/1125/1059 991/1275/1205 992/1240/1172
f 629/1278/1208 628/1218/1150 1038/1221/1153 1039/1279/1209
f 976/1120/1054 975/1129/1063 1005/1277/1207 1006/1242/1174
f 614/1215/1147 617/1280/1202 1049/1281/1203 1055/1216/1148
f 971/1131/1065 974/1089/1023 996/1225/1157 993/1282/1210
f 1057/1176/1108 1068/1160/1092 1027/1163/1095 1030/1177/1109
f 969/1133/1067 973/1093/1027 1010/1227/1159 1007/1283/1211
f 1056/1212/1144 1050/1284/1122 1031/1268/1123 1034/1213/1145
f 972/1124/1058 971/1131/1065 993/1282/1210 994/1274/1204
f 626/1230/1162 629/1278/1208 1039/1279/1209 1045/1231/1163
f 970/1128/1062 969/1135/1067 1007/1285/1211 1008/1276/1206
f 1077/1271/1201 1044/1136/1068 1036/1139/1071 1035/1246/1178
f 968/1088/1022 967/1103/1037 998/1234/1166 995/1224/1156
f 1046/1145/1077 1040/1200/1132 1019/1203/1135 1022/1146/1078
f 966/1092/1026 965/1101/1035 1012/1233/1165 1009/1226/1158
f 1056/1212/1144 1041/1137/1069 1042/1217/1149 1055/1216/1148
f 1084/1144/1076 1079/1141/1073 1080/1159/1091 1083/1158/1090
f 1044/1136/1068 1077/1271/1201 1078/1180/1112 1043/1223/1155
f 1046/1145/1077 1084/1144/1076 1083/1158/1090 1045/1231/1163
f 1082/1140/1072 1073/1153/1085 1074/1171/1103 1081/1170/1102
f 1079/1141/1073 1082/1140/1072 1081/1170/1102 1080/1159/1091
f 1076/1152/1084 1065/1161/1093 1066/1185/1117 1075/1184/1116
f 1077/1271/1201 1069/1165/1097 1070/1181/1113 1078/1180/1112
f 1073/1153/1085 1076/1152/1084 1075/1184/1116 1074/1171/1103
f 1072/1164/1096 1061/1173/1105 1062/1195/1127 1071/1194/1126
f 1068/1160/1092 1057/1176/1108 1058/1199/1131 1067/1198/1130
f 1069/1165/1097 1072/1164/1096 1071/1194/1126 1070/1181/1113
f 1065/1161/1093 1068/1160/1092 1067/1198/1130 1066/1185/1117
f 1064/1172/1104 1051/1187/1119 1052/1207/1139 1063/1206/1138
f 1060/1149/1081 1047/1148/1080 1048/1211/1143 1059/1210/1142
f 1061/1173/1105 1064/1172/1104 1063/1206/1138 1062/1195/1127
f 1057/1176/1108 1060/1149/1081 1059/1210/1142 1058/1199/1131
f 1054/1186/1118 1037/1201/1133 1038/1221/1153 1053/1220/1152
f 1050/1284/1122 1056/1212/1144 1055/1216/1148 1049/1281/1203
f 1051/1187/1119 1054/1186/1118 1053/1220/1152 1052/1207/1139
f 1047/1148/1080 1050/1190/1122 1049/1273/1203 1048/1211/1143
f 1040/1200/1132 1046/1145/1077 1045/1231/1163 1039/1279/1209
f 1041/1137/1069 1044/1136/1068 1043/1223/1155 1042/1217/1149
f 1037/1201/1133 1040/1200/1132 1039/1279/1209 1038/1221/1153
f 1037/1201/1133 1054/1186/1118 1017/1189/1121 1020/1202/1134
f 1012/1233/1165 1011/1232/1164 1085/1244/1176 1108/1270/1200
f 1009/1226/1158 1012/1233/1165 1108/1270/1200 1107/1269/1199
f 1010/1227/1159 1009/1226/1158 1107/1269/1199 1106/1267/1198
f 1007/1283/1211 1010/1227/1159 1106/1267/1198 1105/1266/1197
f 1008/1276/1206 1007/1285/1211 1105/1265/1197 1104/1264/1196
f 1005/1277/1207 1008/1276/1206 1104/1264/1196 1103/1263/1195
f 1006/1242/1174 1005/1277/1207 1103/1263/1195 1102/1262/1194
f 1003/1243/1175 1006/1242/1174 1102/1262/1194 1101/1261/1193
f 1004/1237/1169 1003/1243/1175 1101/1261/1193 1100/1260/1192
f 1001/1238/1170 1004/1237/1169 1100/1260/1192 1099/1259/1191
f 1002/1235/1167 1001/1238/1170 1099/1259/1191 1098/1258/1190
f 999/1236/1168 1002/1235/1167 1098/1258/1190 1097/1257/1189
f 1000/1228/1160 999/1236/1168 1097/1257/1189 1096/1256/1188
f 997/1229/1161 1000/1228/1160 1096/1256/1188 1095/1255/1187
f 998/1234/1166 997/1229/1161 1095/1255/1187 1094/1254/1186
f 995/1224/1156 998/1234/1166 1094/1254/1186 1093/1253/1185
f 996/1225/1157 995/1224/1156 1093/1253/1185 1092/1252/1184
f 993/1282/1210 996/1225/1157 1092/1252/1184 1091/1251/1183
f 994/1274/1204 993/1282/1210 1091/1251/1183 1090/1250/1182
f 991/1275/1205 994/1274/1204 1090/1250/1182 1089/1249/1181
f 992/1240/1172 991/1275/1205 1089/1249/1181 1088/1248/1180
f 989/1241/1173 992/1240/1172 1088/1248/1180 1087/1247/1179
f 990/1239/1171 989/1241/1173 1087/1247/1179 1086/1245/1177
f 1011/1232/1164 990/1239/1171 1086/1245/1177 1085/1244/1176
f 1584/1286/1212 1110/1287/1213 1119/1288/1214 1120/1289/1215
f 1587/1290/1216 1115/1291/1217 1127/1292/1218 1128/1293/1219
f 1111/1294/1220 1584/1286/1212 1120/1289/1215 1121/1295/1221
f 1588/1296/1222 1587/1290/1216 1128/1293/1219 1129/1297/1223
f 1585/1298/1224 1111/1294/1220 1121/1295/1221 1122/1299/1225
f 1589/1300/1226 1588/1296/1222 1129/1297/1223 1130/1301/1227
f 1112/1302/1228 1585/1298/1224 1122/1299/1225 1123/1303/1229
f 1590/1304/1230 1589/1300/1226 1130/1301/1227 1131/1305/1231
f 1113/1306/1232 1112/1302/1228 1123/1303/1229 1124/1307/1233
f 1582/1308/1234 1109/1309/307 1117/1310/1235
f 1116/1311/1236 1590/1304/1230 1131/1305/1231
f 1114/1312/1237 1113/1306/1232 1124/1307/1233 1125/1313/1238
f 1583/1314/1239 1582/1308/1234 1117/1310/1235 1118/1315/1240
f 1586/1316/1241 1114/1312/1237 1125/1313/1238 1126/1317/1242
f 1110/1287/1213 1583/1314/1239 1118/1315/1240 1119/1288/1214
f 1115/1291/1217 1586/1316/1241 1126/1317/1242 1127/1292/1218
f 1126/1317/1242 1125/1313/1238 1140/1318/1243 1141/1319/1244
f 1119/1288/1214 1118/1315/1240 1133/1320/1245 1134/1321/1246
f 1127/1292/1218 1126/1317/1242 1141/1319/1244 1142/1322/1247
f 1120/1289/1215 1119/1288/1214 1134/1321/1246 1135/1323/1248
f 1128/1293/1219 1127/1292/1218 1142/1322/1247 1143/1324/1249
f 1121/1295/1221 1120/1289/1215 1135/1323/1248 1136/1325/1250
f 1129/1297/1223 1128/1293/1219 1143/1324/1249 1144/1326/1251
f 1122/1299/1225 1121/1295/1221 1136/1325/1250 1137/1327/1252
f 1130/1301/1227 1129/1297/1223 1144/1326/1251 1145/1328/1253
f 1123/1303/1229 1122/1299/1225 1137/1327/1252 1138/1329/1254
f 1131/1305/1231 1130/1301/1227 1145/1328/1253 1146/1330/1255
f 1124/1307/1233 1123/1303/1229 1138/1329/1254 1139/1331/1256
f 1117/1310/1235 1109/1332/307 1132/1333/1257
f 1116/1334/1236 1131/1305/1231 1146/1330/1255
f 1125/1313/1238 1124/1307/1233 1139/1331/1256 1140/1318/1243
f 1118/1315/1240 1117/1310/1235 1132/1333/1257 1133/1320/1245
f 1145/1328/1253 1144/1326/1251 1159/1335/1258 1160/1336/1259
f 1138/1329/1254 1137/1327/1252 1152/1337/1260 1153/1338/1261
f 1146/1330/1255 1145/1328/1253 1160/1336/1259 1161/1339/1262
f 1139/1331/1256 1138/1329/1254 1153/1338/1261 1154/1340/1263
f 1132/1333/1257 1109/1341/307 1147/1342/1264
f 1116/1343/1236 1146/1330/1255 1161/1339/1262
f 1140/1318/1243 1139/1331/1256 1154/1340/1263 1155/1344/1265
f 1133/1320/1245 1132/1333/1257 1147/1342/1264 1148/1345/1266
f 1141/1319/1244 1140/1318/1243 1155/1344/1265 1156/1346/1267
f 1134/1321/1246 1133/1320/1245 1148/1345/1266 1149/1347/1268
f 1142/1322/1247 1141/1319/1244 1156/1346/1267 1157/1348/1269
f 1135/1323/1248 1134/1321/1246 1149/1347/1268 1150/1349/1270
f 1143/1324/1249 1142/1322/1247 1157/1348/1269 1158/1350/1271
f 1136/1325/1250 1135/1323/1248 1150/1349/1270 1151/1351/1272
f 1144/1326/1251 1143/1324/1249 1158/1350/1271 1159/1335/1258
f 1137/1327/1252 1136/1325/1250 1151/1351/1272 1152/1337/1260
f 1157/1348/1269 1156/1346/1267 1171/1352/1273 1172/1353/1274
f 1150/1349/1270 1149/1347/1268 1164/1354/1275 1165/1355/1276
f 1158/1350/1271 1157/1348/1269 1172/1353/1274 1173/1356/1277
f 1151/1351/1272 1150/1349/1270 1165/1355/1276 1166/1357/1278
f 1159/1335/1258 1158/1350/1271 1173/1356/1277 1174/1358/1279
f 1152/1337/1260 1151/1351/1272 1166/1357/1278 1167/1359/1280
f 1160/1336/1259 1159/1335/1258 1174/1358/1279 1175/1360/1281
f 1153/1338/1261 1152/1337/1260 1167/1359/1280 1168/1361/1282
f 1161/1339/1262 1160/1336/1259 1175/1360/1281 1176/1362/1283
f 1154/1340/1263 1153/1338/1261 1168/1361/1282 1169/1363/1284
f 1147/1342/1264 1109/1364/307 1162/1365/1285
f 1116/1366/1236 1161/1339/1262 1176/1362/1283
f 1155/1344/1265 1154/1340/1263 1169/1363/1284 1170/1367/1286
f 1148/1345/1266 1147/1342/1264 1162/1365/1285 1163/1368/1287
f 1156/1346/1267 1155/1344/1265 1170/1367/1286 1171/1352/1273
f 1149/1347/1268 1148/1345/1266 1163/1368/1287 1164/1354/1275
f 1176/1362/1283 1175/1360/1281 1190/1369/1288 1191/1370/1289
f 1169/1363/1284 1168/1361/1282 1183/1371/1290 1184/1372/1291
f 1162/1365/1285 1109/1373/307 1177/1374/1292
f 1116/1375/1236 1176/1362/1283 1191/1370/1289
f 1170/1367/1286 1169/1363/1284 1184/1372/1291 1185/1376/1293
f 1163/1368/1287 1162/1365/1285 1177/1374/1292 1178/1377/1294
f 1171/1352/1273 1170/1367/1286 1185/1376/1293 1186/1378/1295
f 1164/1354/1275 1163/1368/1287 1178/1377/1294 1179/1379/1296
f 1172/1353/1274 1171/1352/1273 1186/1378/1295 1187/1380/1297
f 1165/1355/1276 1164/1354/1275 1179/1379/1296 1180/1381/1298
f 1173/1356/1277 1172/1353/1274 1187/1380/1297 1188/1382/1299
f 1166/1357/1278 1165/1355/1276 1180/1381/1298 1181/1383/1300
f 1174/1358/1279 1173/1356/1277 1188/1382/1299 1189/1384/1301
f 1167/1359/1280 1166/1357/1278 1181/1383/1300 1182/1385/1302
f 1175/1360/1281 1174/1358/1279 1189/1384/1301 1190/1369/1288
f 1168/1361/1282 1167/1359/1280 1182/1385/1302 1183/1371/1290
f 1180/1381/1298 1179/1379/1296 1194/1386/1303 1195/1387/1304
f 1188/1382/1299 1187/1380/1297 1202/1388/1305 1203/1389/1306
f 1181/1383/1300 1180/1381/1298 1195/1387/1304 1196/1390/1307
f 1189/1384/1301 1188/1382/1299 1203/1389/1306 1204/1391/1308
f 1182/1385/1302 1181/1383/1300 1196/1390/1307 1197/1392/1309
f 1190/1369/1288 1189/1384/1301 1204/1391/1308 1205/1393/1310
f 1183/1371/1290 1182/1385/1302 1197/1392/1309 1198/1394/1311
f 1191/1370/1289 1190/1369/1288 1205/1393/1310 1206/1395/1312
f 1184/1372/1291 1183/1371/1290 1198/1394/1311 1199/1396/1313
f 1177/1374/1292 1109/1397/307 1192/1398/1314
f 1116/1399/1236 1191/1370/1289 1206/1395/1312
f 1185/1376/1293 1184/1372/1291 1199/1396/1313 1200/1400/1315
f 1178/1377/1294 1177/1374/1292 1192/1398/1314 1193/1401/1316
f 1186/1378/1295 1185/1376/1293 1200/1400/1315 1201/1402/1317
f 1179/1379/1296 1178/1377/1294 1193/1401/1316 1194/1386/1303
f 1187/1380/1297 1186/1378/1295 1201/1402/1317 1202/1388/1305
f 1199/1396/1313 1198/1394/1311 1213/1403/1318 1214/1404/1319
f 1192/1398/1314 1109/1405/307 1207/1406/1320
f 1116/1407/1236 1206/1395/1312 1221/1408/1321
f 1200/1400/1315 1199/1396/1313 1214/1404/1319 1215/1409/1322
f 1193/1401/1316 1192/1398/1314 1207/1406/1320 1208/1410/1323
f 1201/1402/1317 1200/1400/1315 1215/1409/1322 1216/1411/1324
f 1194/1386/1303 1193/1401/1316 1208/1410/1323 1209/1412/1325
f 1202/1388/1305 1201/1402/1317 1216/1411/1324 1217/1413/1326
f 1195/1387/1304 1194/1386/1303 1209/1412/1325 1210/1414/1327
f 1203/1389/1306 1202/1388/1305 1217/1413/1326 1218/1415/1328
f 1196/1390/1307 1195/1387/1304 1210/1414/1327 1211/1416/1329
f 1204/1391/1308 1203/1389/1306 1218/1415/1328 1219/1417/1330
f 1197/1392/1309 1196/1390/1307 1211/1416/1329 1212/1418/1331
f 1205/1393/1310 1204/1391/1308 1219/1417/1330 1220/1419/1332
f 1198/1394/1311 1197/1392/1309 1212/1418/1331 1213/1403/1318
f 1206/1395/1312 1205/1393/1310 1220/1419/1332 1221/1408/1321
f 1218/1415/1328 1217/1413/1326 1232/1420/1333 1233/1421/1334
f 1211/1416/1329 1210/1414/1327 1225/1422/1335 1226/1423/1336
f 1219/1417/1330 1218/1415/1328 1233/1421/1334 1234/1424/1337
f 1212/1418/1331 1211/1416/1329 1226/1423/1336 1227/1425/1338
f 1220/1419/1332 1219/1417/1330 1234/1424/1337 1235/1426/1339
f 1213/1403/1318 1212/1418/1331 1227/1425/1338 1228/1427/1340
f 1221/1408/1321 1220/1419/1332 1235/1426/1339 1236/1428/1341
f 1214/1404/1319 1213/1403/1318 1228/1427/1340 1229/1429/1342
f 1207/1406/1320 1109/1430/307 1222/1431/1343
f 1116/1432/1236 1221/1408/1321 1236/1428/1341
f 1215/1409/1322 1214/1404/1319 1229/1429/1342 1230/1433/1344
f 1208/1410/1323 1207/1406/1320 1222/1431/1343 1223/1434/1345
f 1216/1411/1324 1215/1409/1322 1230/1433/1344 1231/1435/1346
f 1209/1412/1325 1208/1410/1323 1223/1434/1345 1224/1436/1347
f 1217/1413/1326 1216/1411/1324 1231/1435/1346 1232/1420/1333
f 1210/1414/1327 1209/1412/1325 1224/1436/1347 1225/1422/1335
f 1222/1431/1343 1109/1437/307 1237/1438/1348
f 1116/1439/1236 1236/1428/1341 1251/1440/1349
f 1230/1433/1344 1229/1429/1342 1244/1441/1350 1245/1442/1351
f 1223/1434/1345 1222/1431/1343 1237/1438/1348 1238/1443/1352
f 1231/1435/1346 1230/1433/1344 1245/1442/1351 1246/1444/1353
f 1224/1436/1347 1223/1434/1345 1238/1443/1352 1239/1445/1354
f 1232/1420/1333 1231/1435/1346 1246/1444/1353 1247/1446/1355
f 1225/1422/1335 1224/1436/1347 1239/1445/1354 1240/1447/1356
f 1233/1421/1334 1232/1420/1333 1247/1446/1355 1248/1448/1357
f 1226/1423/1336 1225/1422/1335 1240/1447/1356 1241/1449/1358
f 1234/1424/1337 1233/1421/1334 1248/1448/1357 1249/1450/1359
f 1227/1425/1338 1226/1423/1336 1241/1449/1358 1242/1451/1360
f 1235/1426/1339 1234/1424/1337 1249/1450/1359 1250/1452/1361
f 1228/1427/1340 1227/1425/1338 1242/1451/1360 1243/1453/1362
f 1236/1428/1341 1235/1426/1339 1250/1452/1361 1251/1440/1349
f 1229/1429/1342 1228/1427/1340 1243/1453/1362 1244/1441/1350
f 1241/1449/1358 1240/1447/1356 1255/1454/1363 1256/1455/1364
f 1249/1450/1359 1248/1448/1357 1263/1456/1365 1264/1457/1366
f 1242/1451/1360 1241/1449/1358 1256/1455/1364 1257/1458/1367
f 1250/1452/1361 1249/1450/1359 1264/1457/1366 1265/1459/1368
f 1243/1453/1362 1242/1451/1360 1257/1458/1367 1258/1460/1369
f 1251/1440/1349 1250/1452/1361 1265/1459/1368 1266/1461/1370
f 1244/1441/1350 1243/1453/1362 1258/1460/1369 1259/1462/1371
f 1237/1438/1348 1109/1463/307 1252/1464/1372
f 1116/1465/1236 1251/1440/1349 1266/1461/1370
f 1245/1442/1351 1244/1441/1350 1259/1462/1371 1260/1466/1373
f 1238/1443/1352 1237/1438/1348 1252/1464/1372 1253/1467/1374
f 1246/1444/1353 1245/1442/1351 1260/1466/1373 1261/1468/1375
f 1239/1445/1354 1238/1443/1352 1253/1467/1374 1254/1469/1376
f 1247/1446/1355 1246/1444/1353 1261/1468/1375 1262/1470/1377
f 1240/1447/1356 1239/1445/1354 1254/1469/1376 1255/1454/1363
f 1248/1448/1357 1247/1446/1355 1262/1470/1377 1263/1456/1365
f 1260/1466/1373 1259/1462/1371 1274/1471/1378 1275/1472/1379
f 1253/1467/1374 1252/1464/1372 1267/1473/1380 1268/1474/1381
f 1261/1468/1375 1260/1466/1373 1275/1472/1379 1276/1475/1382
f 1254/1469/1376 1253/1467/1374 1268/1474/1381 1269/1476/1383
f 1262/1470/1377 1261/1468/1375 1276/1475/1382 1277/1477/1384
f 1255/1454/1363 1254/1469/1376 1269/1476/1383 1270/1478/1385
f 1263/1456/1365 1262/1470/1377 1277/1477/1384 1278/1479/1386
f 1256/1455/1364 1255/1454/1363 1270/1478/1385 1271/1480/1387
f 1264/1457/1366 1263/1456/1365 1278/1479/1386 1279/1481/1388
f 1257/1458/1367 1256/1455/1364 1271/1480/1387 1272/1482/1389
f 1265/1459/1368 1264/1457/1366 1279/1481/1388 1280/1483/1390
f 1258/1460/1369 1257/1458/1367 1272/1482/1389 1273/1484/1391
f 1266/1461/1370 1265/1459/1368 1280/1483/1390 1281/1485/1392
f 1259/1462/1371 1258/1460/1369 1273/1484/1391 1274/1471/1378
f 1252/1464/1372 1109/1486/307 1267/1473/1380
f 1116/1487/1236 1266/1461/1370 1281/1485/1392
f 1279/1481/1388 1278/1479/1386 1293/1488/1393 1294/1489/1394
f 1272/1482/1389 1271/1480/1387 1286/1490/1395 1287/1491/1396
f 1280/1483/1390 1279/1481/1388 1294/1489/1394 1295/1492/1397
f 1273/1484/1391 1272/1482/1389 1287/1491/1396 1288/1493/1398
f 1281/1485/1392 1280/1483/1390 1295/1492/1397 1296/1494/1399
f 1274/1471/1378 1273/1484/1391 1288/1493/1398 1289/1495/1400
f 1267/1473/1380 1109/1496/307 1282/1497/1401
f 1116/1498/1236 1281/1485/1392 1296/1494/1399
f 1275/1472/1379 1274/1471/1378 1289/1495/1400 1290/1499/1402
f 1268/1474/1381 1267/1473/1380 1282/1497/1401 1283/1500/1403
f 1276/1475/1382 1275/1472/1379 1290/1499/1402 1291/1501/1404
f 1269/1476/1383 1268/1474/1381 1283/1500/1403 1284/1502/1405
f 1277/1477/1384 1276/1475/1382 1291/1501/1404 1292/1503/1406
f 1270/1478/1385 1269/1476/1383 1284/1502/1405 1285/1504/1407
f 1278/1479/1386 1277/1477/1384 1292/1503/1406 1293/1488/1393
f 1271/1480/1387 1270/1478/1385 1285/1504/1407 1286/1490/1395
f 1291/1501/1404 1290/1499/1402 1305/1505/1408 1306/1506/1409
f 1284/1502/1405 1283/1500/1403 1298/1507/1410 1299/1508/1411
f 1292/1503/1406 1291/1501/1404 1306/1506/1409 1307/1509/1412
f 1285/1504/1407 1284/1502/1405 1299/1508/1411 1300/1510/1413
f 1293/1488/1393 1292/1503/1406 1307/1509/1412 1308/1511/1414
f 1286/1490/1395 1285/1504/1407 1300/1510/1413 1301/1512/1415
f 1294/1489/1394 1293/1488/1393 1308/1511/1414 1309/1513/1416
f 1287/1491/1396 1286/1490/1395 1301/1512/1415 1302/1514/1417
f 1295/1492/1397 1294/1489/1394 1309/1513/1416 1310/1515/1418
f 1288/1493/1398 1287/1491/1396 1302/1514/1417 1303/1516/1419
f 1296/1494/1399 1295/1492/1397 1310/1515/1418 1311/1517/1420
f 1289/1495/1400 1288/1493/1398 1303/1516/1419 1304/1518/1421
f 1282/1497/1401 1109/1519/307 1297/1520/1422
f 1116/1521/1236 1296/1494/1399 1311/1517/1420
f 1290/1499/1402 1289/1495/1400 1304/1518/1421 1305/1505/1408
f 1283/1500/1403 1282/1497/1401 1297/1520/1422 1298/1507/1410
f 1310/1515/1418 1309/1513/1416 1324/1522/1423 1325/1523/1424
f 1303/1516/1419 1302/1514/1417 1317/1524/1425 1318/1525/1426
f 1311/1517/1420 1310/1515/1418 1325/1523/1424 1326/1526/1427
f 1304/1518/1421 1303/1516/1419 1318/1525/1426 1319/1527/1428
f 1297/1520/1422 1109/1528/307 1312/1529/1429
f 1116/1530/1236 1311/1517/1420 1326/1526/1427
f 1305/1505/1408 1304/1518/1421 1319/1527/1428 1320/1531/1430
f 1298/1507/1410 1297/1520/1422 1312/1529/1429 1313/1532/1431
f 1306/1506/1409 1305/1505/1408 1320/1531/1430 1321/1533/1432
f 1299/1508/1411 1298/1507/1410 1313/1532/1431 1314/1534/1433
f 1307/1509/1412 1306/1506/1409 1321/1533/1432 1322/1535/1434
f 1300/1510/1413 1299/1508/1411 1314/1534/1433 1315/1536/1435
f 1308/1511/1414 1307/1509/1412 1322/1535/1434 1323/1537/1436
f 1301/1512/1415 1300/1510/1413 1315/1536/1435 1316/1538/1437
f 1309/1513/1416 1308/1511/1414 1323/1537/1436 1324/1522/1423
f 1302/1514/1417 1301/1512/1415 1316/1538/1437 1317/1524/1425
f 1314/1534/1433 1313/1532/1431 1328/1539/1438 1329/1540/1439
f 1322/1535/1434 1321/1533/1432 1336/1541/1440 1337/1542/1441
f 1315/1536/1435 1314/1534/1433 1329/1540/1439 1330/1543/1442
f 1323/1537/1436 1322/1535/1434 1337/1542/1441 1338/1544/1443
f 1316/1538/1437 1315/1536/1435 1330/1543/1442 1331/1545/1444
f 1324/1522/1423 1323/1537/1436 1338/1544/1443 1339/1546/1445
f 1317/1524/1425 1316/1538/1437 1331/1545/1444 1332/1547/1446
f 1325/1523/1424 1324/1522/1423 1339/1546/1445 1340/1548/1447
f 1318/1525/1426 1317/1524/1425 1332/1547/1446 1333/1549/1448
f 1326/1526/1427 1325/1523/1424 1340/1548/1447 1341/1550/1449
f 1319/1527/1428 1318/1525/1426 1333/1549/1448 1334/1551/1450
f 1312/1529/1429 1109/1552/307 1327/1553/1451
f 1116/1554/1236 1326/1526/1427 1341/1550/1449
f 1320/1531/1430 1319/1527/1428 1334/1551/1450 1335/1555/1452
f 1313/1532/1431 1312/1529/1429 1327/1553/1451 1328/1539/1438
f 1321/1533/1432 1320/1531/1430 1335/1555/1452 1336/1541/1440
f 1333/1549/1448 1332/1547/1446 1347/1556/1453 1348/1557/1454
f 1341/1550/1449 1340/1548/1447 1355/1558/1455 1356/1559/1456
f 1334/1551/1450 1333/1549/1448 1348/1557/1454 1349/1560/1457
f 1327/1553/1451 1109/1561/307 1342/1562/1458
f 1116/1563/1236 1341/1550/1449 1356/1559/1456
f 1335/1555/1452 1334/1551/1450 1349/1560/1457 1350/1564/1459
f 1328/1539/1438 1327/1553/1451 1342/1562/1458 1343/1565/1460
f 1336/1541/1440 1335/1555/1452 1350/1564/1459 1351/1566/1461
f 1329/1540/1439 1328/1539/1438 1343/1565/1460 1344/1567/1462
f 1337/1542/1441 1336/1541/1440 1351/1566/1461 1352/1568/1463
f 1330/1543/1442 1329/1540/1439 1344/1567/1462 1345/1569/1464
f 1338/1544/1443 1337/1542/1441 1352/1568/1463 1353/1570/1465
f 1331/1545/1444 1330/1543/1442 1345/1569/1464 1346/1571/1466
f 1339/1546/1445 1338/1544/1443 1353/1570/1465 1354/1572/1467
f 1332/1547/1446 1331/1545/1444 1346/1571/1466 1347/1556/1453
f 1340/1548/1447 1339/1546/1445 1354/1572/1467 1355/1558/1455
f 1352/1568/1463 1351/1566/1461 1366/1573/1468 1367/1574/1469
f 1345/1569/1464 1344/1567/1462 1359/1575/1470 1360/1576/1471
f 1353/1570/1465 1352/1568/1463 1367/1574/1469 1368/1577/1472
f 1346/1571/1466 1345/1569/1464 1360/1576/1471 1361/1578/1473
f 1354/1572/1467 1353/1570/1465 1368/1577/1472 1369/1579/1474
f 1347/1556/1453 1346/1571/1466 1361/1578/1473 1362/1580/1475
f 1355/1558/1455 1354/1572/1467 1369/1579/1474 1370/1581/1476
f 1348/1557/1454 1347/1556/1453 1362/1580/1475 1363/1582/1477
f 1356/1559/1456 1355/1558/1455 1370/1581/1476 1371/1583/1478
f 1349/1560/1457 1348/1557/1454 1363/1582/1477 1364/1584/1479
f 1342/1562/1458 1109/1585/307 1357/1586/1480
f 1116/1587/1236 1356/1559/1456 1371/1583/1478
f 1350/1564/1459 1349/1560/1457 1364/1584/1479 1365/1588/1481
f 1343/1565/1460 1342/1562/1458 1357/1586/1480 1358/1589/1482
f 1351/1566/1461 1350/1564/1459 1365/1588/1481 1366/1573/1468
f 1344/1567/1462 1343/1565/1460 1358/1589/1482 1359/1575/1470
f 1371/1583/1478 1370/1581/1476 1385/1590/1483 1386/1591/1484
f 1364/1584/1479 1363/1582/1477 1378/1592/1485 1379/1593/1486
f 1357/1586/1480 1109/1594/307 1372/1595/1487
f 1116/1596/1236 1371/1583/1478 1386/1591/1484
f 1365/1588/1481 1364/1584/1479 1379/1593/1486 1380/1597/1488
f 1358/1589/1482 1357/1586/1480 1372/1595/1487 1373/1598/1489
f 1366/1573/1468 1365/1588/1481 1380/1597/1488 1381/1599/1490
f 1359/1575/1470 1358/1589/1482 1373/1598/1489 1374/1600/1491
f 1367/1574/1469 1366/1573/1468 1381/1599/1490 1382/1601/1492
f 1360/1576/1471 1359/1575/1470 1374/1600/1491 1375/1602/1493
f 1368/1577/1472 1367/1574/1469 1382/1601/1492 1383/1603/1494
f 1361/1578/1473 1360/1576/1471 1375/1602/1493 1376/1604/1495
f 1369/1579/1474 1368/1577/1472 1383/1603/1494 1384/1605/1496
f 1362/1580/1475 1361/1578/1473 1376/1604/1495 1377/1606/1497
f 1370/1581/1476 1369/1579/1474 1384/1605/1496 1385/1590/1483
f 1363/1582/1477 1362/1580/1475 1377/1606/1497 1378/1592/1485
f 1375/1602/1493 1374/1600/1491 1389/1607/1498 1390/1608/1499
f 1383/1603/1494 1382/1601/1492 1397/1609/1500 1398/1610/1501
f 1376/1604/1495 1375/1602/1493 1390/1608/1499 1391/1611/1502
f 1384/1605/1496 1383/1603/1494 1398/1610/1501 1399/1612/1503
f 1377/1606/1497 1376/1604/1495 1391/1611/1502 1392/1613/1504
f 1385/1590/1483 1384/1605/1496 1399/1612/1503 1400/1614/1505
f 1378/1592/1485 1377/1606/1497 1392/1613/1504 1393/1615/1506
f 1386/1591/1484 1385/1590/1483 1400/1614/1505 1401/1616/1507
f 1379/1593/1486 1378/1592/1485 1393/1615/1506 1394/1617/1508
f 1372/1595/1487 1109/1618/307 1387/1619/1509
f 1116/1620/1236 1386/1591/1484 1401/1616/1507
f 1380/1597/1488 1379/1593/1486 1394/1617/1508 1395/1621/1510
f 1373/1598/1489 1372/1595/1487 1387/1619/1509 1388/1622/1511
f 1381/1599/1490 1380/1597/1488 1395/1621/1510 1396/1623/1512
f 1374/1600/1491 1373/1598/1489 1388/1622/1511 1389/1607/1498
f 1382/1601/1492 1381/1599/1490 1396/1623/1512 1397/1609/1500
f 1394/1617/1508 1393/1615/1506 1408/1624/1513 1409/1625/1514
f 1387/1619/1509 1109/1626/307 1402/1627/1515
f 1116/1628/1236 1401/1616/1507 1416/1629/1516
f 1395/1621/1510 1394/1617/1508 1409/1625/1514 1410/1630/1517
f 1388/1622/1511 1387/1619/1509 1402/1627/1515 1403/1631/1518
f 1396/1623/1512 1395/1621/1510 1410/1630/1517 1411/1632/1519
f 1389/1607/1498 1388/1622/1511 1403/1631/1518 1404/1633/1520
f 1397/1609/1500 1396/1623/1512 1411/1632/1519 1412/1634/1521
f 1390/1608/1499 1389/1607/1498 1404/1633/1520 1405/1635/1522
f 1398/1610/1501 1397/1609/1500 1412/1634/1521 1413/1636/1523
f 1391/1611/1502 1390/1608/1499 1405/1635/1522 1406/1637/1524
f 1399/1612/1503 1398/1610/1501 1413/1636/1523 1414/1638/1525
f 1392/1613/1504 1391/1611/1502 1406/1637/1524 1407/1639/1526
f 1400/1614/1505 1399/1612/1503 1414/1638/1525 1415/1640/1527
f 1393/1615/1506 1392/1613/1504 1407/1639/1526 1408/1624/1513
f 1401/1616/1507 1400/1614/1505 1415/1640/1527 1416/1629/1516
f 1413/1636/1523 1412/1634/1521 1427/1641/1528 1428/1642/1529
f 1406/1637/1524 1405/1635/1522 1420/1643/1530 1421/1644/1531
f 1414/1638/1525 1413/1636/1523 1428/1642/1529 1429/1645/1532
f 1407/1639/1526 1406/1637/1524 1421/1644/1531 1422/1646/1533
f 1415/1640/1527 1414/1638/1525 1429/1645/1532 1430/1647/1534
f 1408/1624/1513 1407/1639/1526 1422/1646/1533 1423/1648/1535
f 1416/1629/1516 1415/1640/1527 1430/1647/1534 1431/1649/1536
f 1409/1625/1514 1408/1624/1513 1423/1648/1535 1424/1650/1537
f 1402/1627/1515 1109/1651/307 1417/1652/1538
f 1116/1653/1236 1416/1629/1516 1431/1649/1536
f 1410/1630/1517 1409/1625/1514 1424/1650/1537 1425/1654/1539
f 1403/1631/1518 1402/1627/1515 1417/1652/1538 1418/1655/1540
f 1411/1632/1519 1410/1630/1517 1425/1654/1539 1426/1656/1541
f 1404/1633/1520 1403/1631/1518 1418/1655/1540 1419/1657/1542
f 1412/1634/1521 1411/1632/1519 1426/1656/1541 1427/1641/1528
f 1405/1635/1522 1404/1633/1520 1419/1657/1542 1420/1643/1530
f 1116/1658/1236 1431/1649/1536 1446/1659/1543
f 1425/1654/1539 1424/1650/1537 1439/1660/1544 1440/1661/1545
f 1418/1655/1540 1417/1652/1538 1432/1662/1546 1433/1663/1547
f 1426/1656/1541 1425/1654/1539 1440/1661/1545 1441/1664/1548
f 1419/1657/1542 1418/1655/1540 1433/1663/1547 1434/1665/1549
f 1427/1641/1528 1426/1656/1541 1441/1664/1548 1442/1666/1550
f 1420/1643/1530 1419/1657/1542 1434/1665/1549 1435/1667/1551
f 1428/1642/1529 1427/1641/1528 1442/1666/1550 1443/1668/1552
f 1421/1644/1531 1420/1643/1530 1435/1667/1551 1436/1669/1553
f 1429/1645/1532 1428/1642/1529 1443/1668/1552 1444/1670/1554
f 1422/1646/1533 1421/1644/1531 1436/1669/1553 1437/1671/1555
f 1430/1647/1534 1429/1645/1532 1444/1670/1554 1445/1672/1556
f 1423/1648/1535 1422/1646/1533 1437/1671/1555 1438/1673/1557
f 1431/1649/1536 1430/1647/1534 1445/1672/1556 1446/1659/1543
f 1424/1650/1537 1423/1648/1535 1438/1673/1557 1439/1660/1544
f 1417/1652/1538 1109/1674/307 1432/1662/1546
f 1444/1670/1554 1443/1668/1552 1458/1675/1558 1459/1676/1559
f 1437/1671/1555 1436/1669/1553 1451/1677/1560 1452/1678/1561
f 1445/1672/1556 1444/1670/1554 1459/1676/1559 1460/1679/1562
f 1438/1673/1557 1437/1671/1555 1452/1678/1561 1453/1680/1563
f 1446/1659/1543 1445/1672/1556 1460/1679/1562 1461/1681/1564
f 1439/1660/1544 1438/1673/1557 1453/1680/1563 1454/1682/1565
f 1432/1662/1546 1109/1683/307 1447/1684/1566
f 1116/1685/1236 1446/1659/1543 1461/1681/1564
f 1440/1661/1545 1439/1660/1544 1454/1682/1565 1455/1686/1567
f 1433/1663/1547 1432/1662/1546 1447/1684/1566 1448/1687/1568
f 1441/1664/1548 1440/1661/1545 1455/1686/1567 1456/1688/1569
f 1434/1665/1549 1433/1663/1547 1448/1687/1568 1449/1689/1570
f 1442/1666/1550 1441/1664/1548 1456/1688/1569 1457/1690/1571
f 1435/1667/1551 1434/1665/1549 1449/1689/1570 1450/1691/1572
f 1443/1668/1552 1442/1666/1550 1457/1690/1571 1458/1675/1558
f 1436/1669/1553 1435/1667/1551 1450/1691/1572 1451/1677/1560
f 1448/1687/1568 1447/1684/1566 1462/1692/1573 1463/1693/1574
f 1456/1688/1569 1455/1686/1567 1470/1694/1575 1471/1695/1576
f 1449/1689/1570 1448/1687/1568 1463/1693/1574 1464/1696/1577
f 1457/1690/1571 1456/1688/1569 1471/1695/1576 1472/1697/1578
f 1450/1691/1572 1449/1689/1570 1464/1696/1577 1465/1698/1579
f 1458/1675/1558 1457/1690/1571 1472/1697/1578 1473/1699/1580
f 1451/1677/1560 1450/1691/1572 1465/1698/1579 1466/1700/1581
f 1459/1676/1559 1458/1675/1558 1473/1699/1580 1474/1701/1582
f 1452/1678/1561 1451/1677/1560 1466/1700/1581 1467/1702/1583
f 1460/1679/1562 1459/1676/1559 1474/1701/1582 1475/1703/1584
f 1453/1680/1563 1452/1678/1561 1467/1702/1583 1468/1704/1585
f 1461/1681/1564 1460/1679/1562 1475/1703/1584 1476/1705/1586
f 1454/1682/1565 1453/1680/1563 1468/1704/1585 1469/1706/1587
f 1447/1684/1566 1109/1707/307 1462/1692/1573
f 1116/1708/1236 1461/1681/1564 1476/1705/1586
f 1455/1686/1567 1454/1682/1565 1469/1706/1587 1470/1694/1575
f 1467/1709/1583 1466/1710/1581 1481/1711/1588 1482/1712/1589
f 1475/1713/1584 1474/1714/1582 1489/1715/1590 1490/1716/1591
f 1468/1717/1585 1467/1709/1583 1482/1712/1589 1483/1718/1592
f 1476/1719/1586 1475/1713/1584 1490/1716/1591 1491/1720/1593
f 1469/1721/1587 1468/1717/1585 1483/1718/1592 1484/1722/1594
f 1462/1723/1573 1109/1724/307 1477/1725/1595
f 1116/1726/1236 1476/1719/1586 1491/1720/1593
f 1470/1727/1575 1469/1721/1587 1484/1722/1594 1485/1728/1596
f 1463/1729/1574 1462/1723/1573 1477/1725/1595 1478/1730/1597
f 1471/1731/1576 1470/1727/1575 1485/1728/1596 1486/1732/1598
f 1464/1733/1577 1463/1729/1574 1478/1730/1597 1479/1734/1599
f 1472/1735/1578 1471/1731/1576 1486/1732/1598 1487/1736/1600
f 1465/1737/1579 1464/1733/1577 1479/1734/1599 1480/1738/1601
f 1473/1739/1580 1472/1735/1578 1487/1736/1600 1488/1740/1602
f 1466/1710/1581 1465/1737/1579 1480/1738/1601 1481/1711/1588
f 1474/1714/1582 1473/1739/1580 1488/1740/1602 1489/1715/1590
f 1486/1732/1598 1485/1728/1596 1500/1741/1603 1501/1742/1604
f 1479/1734/1599 1478/1730/1597 1493/1743/1605 1494/1744/1606
f 1487/1736/1600 1486/1732/1598 1501/1742/1604 1502/1745/1607
f 1480/1738/1601 1479/1734/1599 1494/1744/1606 1495/1746/1608
f 1488/1740/1602 1487/1736/1600 1502/1745/1607 1503/1747/1609
f 1481/1711/1588 1480/1738/1601 1495/1746/1608 1496/1748/1610
f 1489/1715/1590 1488/1740/1602 1503/1747/1609 1504/1749/1611
f 1482/1712/1589 1481/1711/1588 1496/1748/1610 1497/1750/1612
f 1490/1716/1591 1489/1715/1590 1504/1749/1611 1505/1751/1613
f 1483/1718/1592 1482/1712/1589 1497/1750/1612 1498/1752/1614
f 1491/1720/1593 1490/1716/1591 1505/1751/1613 1506/1753/1615
f 1484/1722/1594 1483/1718/1592 1498/1752/1614 1499/1754/1616
f 1477/1725/1595 1109/1755/307 1492/1756/1617
f 1116/1757/1236 1491/1720/1593 1506/1753/1615
f 1485/1728/1596 1484/1722/1594 1499/1754/1616 1500/1741/1603
f 1478/1730/1597 1477/1725/1595 1492/1756/1617 1493/1743/1605
f 1505/1751/1613 1504/1749/1611 1519/1758/1618 1520/1759/1619
f 1498/1752/1614 1497/1750/1612 1512/1760/1620 1513/1761/1621
f 1506/1753/1615 1505/1751/1613 1520/1759/1619 1521/1762/1622
f 1499/1754/1616 1498/1752/1614 1513/1761/1621 1514/1763/1623
f 1492/1756/1617 1109/1764/307 1507/1765/1624
f 1116/1766/1236 1506/1753/1615 1521/1762/1622
f 1500/1741/1603 1499/1754/1616 1514/1763/1623 1515/1767/1625
f 1493/1743/1605 1492/1756/1617 1507/1765/1624 1508/1768/1626
f 1501/1742/1604 1500/1741/1603 1515/1767/1625 1516/1769/1627
f 1494/1744/1606 1493/1743/1605 1508/1768/1626 1509/1770/1628
f 1502/1745/1607 1501/1742/1604 1516/1769/1627 1517/1771/1629
f 1495/1746/1608 1494/1744/1606 1509/1770/1628 1510/1772/1630
f 1503/1747/1609 1502/1745/1607 1517/1771/1629 1518/1773/1631
f 1496/1748/1610 1495/1746/1608 1510/1772/1630 1511/1774/1632
f 1504/1749/1611 1503/1747/1609 1518/1773/1631 1519/1758/1618
f 1497/1750/1612 1496/1748/1610 1511/1774/1632 1512/1760/1620
f 1509/1770/1628 1508/1768/1626 1523/1775/1633 1524/1776/1634
f 1517/1771/1629 1516/1769/1627 1531/1777/1635 1532/1778/1636
f 1510/1772/1630 1509/1770/1628 1524/1776/1634 1525/1779/1637
f 1518/1773/1631 1517/1771/1629 1532/1778/1636 1533/1780/1638
f 1511/1774/1632 1510/1772/1630 1525/1779/1637 1526/1781/1639
f 1519/1758/1618 1518/1773/1631 1533/1780/1638 1534/1782/1640
f 1512/1760/1620 1511/1774/1632 1526/1781/1639 1527/1783/1641
f 1520/1759/1619 1519/1758/1618 1534/1782/1640 1535/1784/1642
f 1513/1761/1621 1512/1760/1620 1527/1783/1641 1528/1785/1643
f 1521/1762/1622 1520/1759/1619 1535/1784/1642 1536/1786/1644
f 1514/1763/1623 1513/1761/1621 1528/1785/1643 1529/1787/1645
f 1507/1765/1624 1109/1788/307 1522/1789/1646
f 1116/1790/1236 1521/1762/1622 1536/1786/1644
f 1515/1767/1625 1514/1763/1623 1529/1787/1645 1530/1791/1647
f 1508/1768/1626 1507/1765/1624 1522/1789/1646 1523/1775/1633
f 1516/1769/1627 1515/1767/1625 1530/1791/1647 1531/1777/1635
f 1528/1785/1643 1527/1783/1641 1542/1792/1648 1543/1793/1649
f 1536/1786/1644 1535/1784/1642 1550/1794/1650 1551/1795/1651
f 1529/1787/1645 1528/1785/1643 1543/1793/1649 1544/1796/1652
f 1522/1789/1646 1109/1797/307 1537/1798/1653
f 1116/1799/1236 1536/1786/1644 1551/1795/1651
f 1530/1791/1647 1529/1787/1645 1544/1796/1652 1545/1800/1654
f 1523/1775/1633 1522/1789/1646 1537/1798/1653 1538/1801/1655
f 1531/1777/1635 1530/1791/1647 1545/1800/1654 1546/1802/1656
f 1524/1776/1634 1523/1775/1633 1538/1801/1655 1539/1803/1657
f 1532/1778/1636 1531/1777/1635 1546/1802/1656 1547/1804/1658
f 1525/1779/1637 1524/1776/1634 1539/1803/1657 1540/1805/1659
f 1533/1780/1638 1532/1778/1636 1547/1804/1658 1548/1806/1660
f 1526/1781/1639 1525/1779/1637 1540/1805/1659 1541/1807/1661
f 1534/1782/1640 1533/1780/1638 1548/1806/1660 1549/1808/1662
f 1527/1783/1641 1526/1781/1639 1541/1807/1661 1542/1792/1648
f 1535/1784/1642 1534/1782/1640 1549/1808/1662 1550/1794/1650
f 1547/1804/1658 1546/1802/1656 1561/1809/1663 1562/1810/1664
f 1540/1805/1659 1539/1803/1657 1554/1811/1665 1555/1812/1666
f 1548/1806/1660 1547/1804/1658 1562/1810/1664 1563/1813/1667
f 1541/1807/1661 1540/1805/1659 1555/1812/1666 1556/1814/1668
f 1549/1808/1662 1548/1806/1660 1563/1813/1667 1564/1815/1669
f 1542/1792/1648 1541/1807/1661 1556/1814/1668 1557/1816/1670
f 1550/1794/1650 1549/1808/1662 1564/1815/1669 1565/1817/1671
f 1543/1793/1649 1542/1792/1648 1557/1816/1670 1558/1818/1672
f 1551/1795/1651 1550/1794/1650 1565/1817/1671 1566/1819/1673
f 1544/1796/1652 1543/1793/1649 1558/1818/1672 1559/1820/1674
f 1537/1798/1653 1109/1821/307 1552/1822/1675
f 1116/1823/1236 1551/1795/1651 1566/1819/1673
f 1545/1800/1654 1544/1796/1652 1559/1820/1674 1560/1824/1676
f 1538/1801/1655 1537/1798/1653 1552/1822/1675 1553/1825/1677
f 1546/1802/1656 1545/1800/1654 1560/1824/1676 1561/1809/1663
f 1539/1803/1657 1538/1801/1655 1553/1825/1677 1554/1811/1665
f 1566/1819/1673 1565/1817/1671 1580/1826/1678 1581/1827/1679
f 1559/1820/1674 1558/1818/1672 1573/1828/1680 1574/1829/1681
f 1552/1822/1675 1109/1830/307 1567/1831/1682
f 1116/1832/1236 1566/1819/1673 1581/1827/1679
f 1560/1824/1676 1559/1820/1674 1574/1829/1681 1575/1833/1683
f 1553/1825/1677 1552/1822/1675 1567/1831/1682 1568/1834/1684
f 1561/1809/1663 1560/1824/1676 1575/1833/1683 1576/1835/1685
f 1554/1811/1665 1553/1825/1677 1568/1834/1684 1569/1836/1686
f 1562/1810/1664 1561/1809/1663 1576/1835/1685 1577/1837/1687
f 1555/1812/1666 1554/1811/1665 1569/1836/1686 1570/1838/1688
f 1563/1813/1667 1562/1810/1664 1577/1837/1687 1578/1839/1689
f 1556/1814/1668 1555/1812/1666 1570/1838/1688 1571/1840/1690
f 1564/1815/1669 1563/1813/1667 1578/1839/1689 1579/1841/1691
f 1557/1816/1670 1556/1814/1668 1571/1840/1690 1572/1842/1692
f 1565/1817/1671 1564/1815/1669 1579/1841/1691 1580/1826/1678
f 1558/1818/1672 1557/1816/1670 1572/1842/1692 1573/1828/1680
f 1578/1839/1689 1577/1837/1687 1115/1291/1217 1587/1290/1216
f 1571/1840/1690 1570/1838/1688 1584/1286/1212 1111/1294/1220
f 1579/1841/1691 1578/1839/1689 1587/1290/1216 1588/1296/1222
f 1572/1842/1692 1571/1840/1690 1111/1294/1220 1585/1298/1224
f 1580/1826/1678 1579/1841/1691 1588/1296/1222 1589/1300/1226
f 1573/1828/1680 1572/1842/1692 1585/1298/1224 1112/1302/1228
f 1581/1827/1679 1580/1826/1678 1589/1300/1226 1590/1304/1230
f 1574/1829/1681 1573/1828/1680 1112/1302/1228 1113/1306/1232
f 1567/1831/1682 1109/1843/307 1582/1308/1234
f 1116/1844/1236 1581/1827/1679 1590/1304/1230
f 1575/1833/1683 1574/1829/1681 1113/1306/1232 1114/1312/1237
f 1568/1834/1684 1567/1831/1682 1582/1308/1234 1583/1314/1239
f 1576/1835/1685 1575/1833/1683 1114/1312/1237 1586/1316/1241
f 1569/1836/1686 1568/1834/1684 1583/1314/1239 1110/1287/1213
f 1577/1837/1687 1576/1835/1685 1586/1316/1241 1115/1291/1217
f 1570/1838/1688 1569/1836/1686 1110/1287/1213 1584/1286/1212
s 0
f 1591/1845/1587 1592/1846/1587 1594/1356/1587 1593/1488/1587
f 1593/1488/1232 1594/1356/1232 1598/1363/1232 1597/1495/1232
f 1597/1495/1342 1598/1363/1342 1596/1355/1342 1595/1504/1342
f 1595/1504/1457 1596/1355/1457 1592/1847/1457 1591/1848/1457
f 1593/1625/1236 1597/1495/1236 1595/1504/1236 1591/1635/1236
f 1598/1363/307 1594/1787/307 1592/1779/307 1596/1355/307
