# Blender 5.1.2
# www.blender.org
mtllib City2.mtl
o City
v -500.000000 0.000000 500.000000
v 500.000000 0.000000 500.000000
v -500.000000 0.000000 -500.000000
v 500.000000 0.000000 -500.000000
v -77.779442 -0.000001 28.588135
v -77.779442 3.871479 28.588135
v -77.866241 -0.000001 17.530611
v -77.866241 3.871479 17.530611
v -57.217247 0.000001 28.426716
v -57.217247 3.871480 28.426716
v -57.304047 0.000001 17.369192
v -57.304047 3.871480 17.369192
v -77.822838 -0.000001 23.059372
v -77.822845 5.708928 23.059372
v -57.260643 0.000001 22.897955
v -57.260643 5.708930 22.897955
v 31.968784 0.000000 -148.372528
v 31.968784 1.876702 -148.372528
v 31.968784 -0.000000 -157.560760
v 31.968784 2.738906 -157.560760
v 44.914318 -0.000000 -157.560760
v 44.914318 2.738906 -157.560760
v 31.968784 -0.000000 -154.188889
v 31.968784 5.517063 -154.188889
v 44.914318 -0.000000 -154.188889
v 44.914318 5.517063 -154.188889
v 37.542820 0.000000 -148.372528
v 37.542820 1.876702 -148.372528
v 44.914318 3.411474 -150.824707
v 44.914318 0.000000 -150.824707
v 37.542820 3.411474 -150.824707
v 37.542820 0.000000 -150.824707
v -16.021643 76.980789 -36.508526
v 15.158253 76.980789 -48.143326
v -16.021643 76.980789 -63.328743
v 15.158253 76.980789 -63.328743
v 15.158253 76.980789 -45.804989
v 1.295109 76.980789 -36.508526
v 1.295109 76.980789 -45.804989
v -16.021643 76.980789 -48.143326
v 1.295109 76.980789 -48.143326
v -6.698997 76.980789 -45.804989
v -6.698997 76.980789 -48.143326
v 1.295109 76.980789 -54.609741
v -6.698997 76.980789 -54.609741
v 1.295109 86.595009 -48.143326
v -6.698997 86.595009 -48.143326
v 1.295109 86.595009 -54.609745
v -6.698997 86.595009 -54.609745
v -16.021643 0.000001 -36.508518
v 15.158253 0.000000 -48.143318
v -16.021643 -0.000001 -63.328743
v 15.158253 -0.000001 -63.328743
v 15.158253 0.000000 -45.804985
v 1.295109 0.000001 -36.508518
v 1.295109 0.000000 -45.804985
v -16.021643 0.000000 -48.143318
v 133.205124 0.000000 -84.222717
v 133.205124 1.876702 -84.222717
v 132.846786 -0.000000 -75.041489
v 132.846786 2.738906 -75.041489
v 119.911110 -0.000000 -75.546356
v 119.911110 2.738906 -75.546356
v 132.978302 -0.000000 -78.410782
v 132.978302 5.517063 -78.410782
v 120.042610 -0.000000 -78.915657
v 120.042610 5.517063 -78.915657
v 127.635338 0.000000 -84.440109
v 127.635338 1.876702 -84.440109
v 120.173813 3.411474 -82.277283
v 120.173813 0.000000 -82.277283
v 127.539703 3.411474 -81.989799
v 127.539703 0.000000 -81.989799
v 65.778282 0.000000 -85.843437
v 65.778282 1.876702 -85.843437
v 65.419937 -0.000000 -76.662209
v 65.419937 2.738906 -76.662209
v 52.484249 -0.000000 -77.167084
v 52.484249 2.738906 -77.167084
v 65.551437 -0.000000 -80.031502
v 65.551437 5.517063 -80.031502
v 52.615757 -0.000000 -80.536377
v 52.615757 5.517063 -80.536377
v 60.208481 0.000000 -86.060829
v 60.208481 1.876702 -86.060829
v 52.746956 3.411474 -83.898010
v 52.746956 0.000000 -83.898010
v 60.112846 3.411474 -83.610519
v 60.112846 0.000000 -83.610519
v 49.996025 0.000000 -32.900753
v 49.996025 1.876702 -32.900753
v 49.996025 -0.000000 -42.088978
v 49.996025 2.738906 -42.088978
v 62.941559 -0.000000 -42.088978
v 62.941559 2.738906 -42.088978
v 49.996025 -0.000000 -38.717113
v 49.996025 5.517063 -38.717113
v 62.941559 -0.000000 -38.717113
v 62.941559 5.517063 -38.717113
v 55.570061 0.000000 -32.900753
v 55.570061 1.876702 -32.900753
v 62.941559 3.411474 -35.352924
v 62.941559 0.000000 -35.352924
v 55.570061 3.411474 -35.352924
v 55.570061 0.000000 -35.352924
v 57.636410 0.000000 -151.405975
v 57.636410 1.876702 -151.405975
v 57.636410 -0.000000 -160.594208
v 57.636410 2.738906 -160.594208
v 70.581940 -0.000000 -160.594208
v 70.581940 2.738906 -160.594208
v 57.636410 -0.000000 -157.222336
v 57.636410 5.517063 -157.222336
v 70.581940 -0.000000 -157.222336
v 70.581940 5.517063 -157.222336
v 63.210445 0.000000 -151.405975
v 63.210445 1.876702 -151.405975
v 70.581940 3.411474 -153.858154
v 70.581940 0.000000 -153.858154
v 63.210445 3.411474 -153.858154
v 63.210445 0.000000 -153.858154
v 107.438721 0.000000 -82.192612
v 107.438721 1.876702 -82.192612
v 107.080376 -0.000000 -73.011383
v 107.080376 2.738906 -73.011383
v 94.144699 -0.000000 -73.516258
v 94.144699 2.738906 -73.516258
v 107.211891 -0.000000 -76.380676
v 107.211891 5.517063 -76.380676
v 94.276199 -0.000000 -76.885551
v 94.276199 5.517063 -76.885551
v 101.868927 0.000000 -82.410004
v 101.868927 1.876702 -82.410004
v 94.407402 3.411474 -80.247185
v 94.407402 0.000000 -80.247185
v 101.773300 3.411474 -79.959694
v 101.773300 0.000000 -79.959694
v 85.284943 0.000000 -84.858719
v 85.284943 1.876702 -84.858719
v 84.926598 -0.000000 -75.677483
v 84.926598 2.738906 -75.677483
v 71.990913 -0.000000 -76.182358
v 71.990913 2.738906 -76.182358
v 85.058105 -0.000000 -79.046783
v 85.058105 5.517063 -79.046783
v 72.122421 -0.000000 -79.551659
v 72.122421 5.517063 -79.551659
v 79.715141 0.000000 -85.076103
v 79.715141 1.876702 -85.076103
v 72.253624 3.411474 -82.913284
v 72.253624 0.000000 -82.913284
v 79.619507 3.411474 -82.625801
v 79.619507 0.000000 -82.625801
v 75.663651 0.000000 -35.934200
v 75.663651 1.876702 -35.934200
v 75.663651 -0.000000 -45.122425
v 75.663651 2.738906 -45.122425
v 88.609184 -0.000000 -45.122425
v 88.609184 2.738906 -45.122425
v 75.663651 -0.000000 -41.750561
v 75.663651 5.517063 -41.750561
v 88.609184 -0.000000 -41.750561
v 88.609184 5.517063 -41.750561
v 81.237686 0.000000 -35.934200
v 81.237686 1.876702 -35.934200
v 88.609184 3.411474 -38.386372
v 88.609184 0.000000 -38.386372
v 81.237686 3.411474 -38.386372
v 81.237686 0.000000 -38.386372
v 81.903992 0.000000 -149.072571
v 81.903992 1.876702 -149.072571
v 81.903992 -0.000000 -158.260803
v 81.903992 2.738906 -158.260803
v 94.849518 -0.000000 -158.260803
v 94.849518 2.738906 -158.260803
v 81.903992 -0.000000 -154.888931
v 81.903992 5.517063 -154.888931
v 94.849518 -0.000000 -154.888931
v 94.849518 5.517063 -154.888931
v 87.478027 0.000000 -149.072571
v 87.478027 1.876702 -149.072571
v 94.849518 3.411474 -151.524750
v 94.849518 0.000000 -151.524750
v 87.478027 3.411474 -151.524750
v 87.478027 0.000000 -151.524750
v 125.459183 0.000000 -31.348839
v 125.459183 1.876702 -31.348839
v 125.459183 -0.000000 -40.537064
v 125.459183 2.738906 -40.537064
v 138.404709 -0.000000 -40.537064
v 138.404709 2.738906 -40.537064
v 125.459183 -0.000000 -37.165199
v 125.459183 5.517063 -37.165199
v 138.404709 -0.000000 -37.165199
v 138.404709 5.517063 -37.165199
v 131.033218 0.000000 -31.348839
v 131.033218 1.876702 -31.348839
v 138.404709 3.411474 -33.801010
v 138.404709 0.000000 -33.801010
v 131.033218 3.411474 -33.801010
v 131.033218 0.000000 -33.801010
v 145.326813 0.000000 -1.264670
v 145.326813 1.876702 -1.264670
v 154.104156 -0.000000 -3.981575
v 154.104156 2.738906 -3.981575
v 157.932083 -0.000000 8.385066
v 157.932083 2.738906 8.385066
v 150.883072 -0.000000 -2.984536
v 150.883072 5.517063 -2.984536
v 154.710999 -0.000000 9.382107
v 154.710999 5.517063 9.382107
v 146.975021 0.000000 4.060110
v 146.975021 1.876702 4.060110
v 151.497238 3.411474 10.376880
v 151.497238 0.000000 10.376880
v 149.317520 3.411474 3.335016
v 149.317520 0.000000 3.335016
v 99.931229 0.000000 -33.600784
v 99.931229 1.876702 -33.600784
v 99.931229 -0.000000 -42.789005
v 99.931229 2.738906 -42.789005
v 112.876762 -0.000000 -42.789005
v 112.876762 2.738906 -42.789005
v 99.931229 -0.000000 -39.417145
v 99.931229 5.517063 -39.417145
v 112.876762 -0.000000 -39.417145
v 112.876762 5.517063 -39.417145
v 105.505264 0.000000 -33.600784
v 105.505264 1.876702 -33.600784
v 112.876762 3.411474 -36.052956
v 112.876762 0.000000 -36.052956
v 105.505264 3.411474 -36.052956
v 105.505264 0.000000 -36.052956
v -62.456722 76.980789 -67.776367
v -31.276821 76.980789 -79.411163
v -62.456722 76.980789 -94.596588
v -31.276821 76.980789 -94.596588
v -31.276821 76.980789 -77.072830
v -45.139969 76.980789 -67.776367
v -45.139969 76.980789 -77.072830
v -62.456722 76.980789 -79.411163
v -45.139969 76.980789 -79.411163
v -53.134071 76.980789 -77.072830
v -53.134071 76.980789 -79.411163
v -45.139969 76.980789 -85.877586
v -53.134071 76.980789 -85.877586
v -45.139969 86.595009 -79.411163
v -53.134071 86.595009 -79.411163
v -45.139969 86.595009 -85.877586
v -53.134071 86.595009 -85.877586
v -62.456722 0.000001 -67.776360
v -31.276821 0.000000 -79.411163
v -62.456722 -0.000001 -94.596573
v -31.276821 -0.000001 -94.596573
v -31.276821 0.000000 -77.072823
v -45.139969 0.000001 -67.776360
v -45.139969 0.000000 -77.072823
v -62.456722 0.000000 -79.411163
v -92.791191 76.980789 -22.741337
v -61.611290 76.980789 -34.376137
v -92.791191 76.980789 -49.561558
v -61.611290 76.980789 -49.561558
v -61.611290 76.980789 -32.037800
v -75.474434 76.980789 -22.741337
v -75.474434 76.980789 -32.037800
v -92.791191 76.980789 -34.376137
v -75.474434 76.980789 -34.376137
v -83.468536 76.980789 -32.037800
v -83.468536 76.980789 -34.376137
v -75.474434 76.980789 -40.842552
v -83.468536 76.980789 -40.842552
v -75.474434 86.595009 -34.376137
v -83.468536 86.595009 -34.376137
v -75.474434 86.595009 -40.842552
v -83.468536 86.595009 -40.842552
v -92.791191 0.000001 -22.741331
v -61.611290 0.000000 -34.376129
v -92.791191 -0.000001 -49.561550
v -61.611290 -0.000001 -49.561550
v -61.611290 0.000000 -32.037796
v -75.474434 0.000001 -22.741331
v -75.474434 0.000000 -32.037796
v -92.791191 0.000000 -34.376129
v -93.312431 -0.000001 130.683716
v -93.312431 3.871479 130.683716
v -93.399231 -0.000001 119.626175
v -93.399231 3.871479 119.626175
v -72.750237 0.000001 130.522293
v -72.750237 3.871480 130.522293
v -72.837036 0.000001 119.464752
v -72.837036 3.871480 119.464752
v -93.355835 -0.000001 125.154938
v -93.355835 5.708928 125.154938
v -72.793633 0.000001 124.993530
v -72.793640 5.708930 124.993530
v -60.995399 -0.000001 85.860306
v -60.995399 3.871479 85.860306
v -61.082203 -0.000001 74.802780
v -61.082203 3.871479 74.802780
v -40.433205 0.000001 85.698891
v -40.433205 3.871480 85.698891
v -40.520008 0.000001 74.641365
v -40.520008 3.871480 74.641365
v -61.038803 -0.000001 80.331543
v -61.038803 5.708928 80.331543
v -40.476604 0.000001 80.170128
v -40.476604 5.708930 80.170128
v -41.611420 -0.000001 50.522297
v -41.611420 3.871479 50.522297
v -41.698219 -0.000001 39.464775
v -41.698219 3.871479 39.464775
v -21.049221 0.000001 50.360882
v -21.049223 3.871480 50.360882
v -21.136024 0.000001 39.303356
v -21.136024 3.871480 39.303356
v -41.654819 -0.000001 44.993534
v -41.654819 5.708928 44.993534
v -21.092623 0.000001 44.832119
v -21.092623 5.708930 44.832119
v -57.144402 -0.000001 152.617859
v -57.144402 3.871479 152.617859
v -57.231213 -0.000001 141.560333
v -57.231213 3.871479 141.560333
v -36.582207 0.000001 152.456436
v -36.582211 3.871480 152.456436
v -36.669014 0.000001 141.398911
v -36.669014 3.871480 141.398911
v -57.187809 -0.000001 147.089081
v -57.187809 5.708928 147.089081
v -36.625610 0.000001 146.927673
v -36.625610 5.708930 146.927673
v -24.827375 -0.000001 107.794479
v -24.827375 3.871479 107.794479
v -24.914179 -0.000001 96.736946
v -24.914179 3.871479 96.736946
v -4.265179 0.000001 107.633057
v -4.265180 3.871480 107.633057
v -4.351983 0.000001 96.575531
v -4.351983 3.871480 96.575531
v -24.870777 -0.000001 102.265701
v -24.870777 5.708928 102.265701
v -4.308580 0.000001 102.104294
v -4.308581 5.708930 102.104294
v 65.919701 -0.000001 49.316753
v 65.919701 3.871479 49.316753
v 76.494125 -0.000001 46.082901
v 76.494125 3.871479 46.082901
v 71.933258 0.000001 68.980606
v 71.933258 3.871480 68.980606
v 82.507690 0.000001 65.746758
v 82.507690 3.871480 65.746758
v 71.206917 -0.000001 47.699825
v 71.206917 5.708928 47.699825
v 77.220474 0.000001 67.363678
v 77.220474 5.708930 67.363678
v -36.369606 -0.000001 63.517952
v -36.369606 3.871479 63.517952
v -25.795177 -0.000001 60.284103
v -25.795177 3.871479 60.284103
v -30.356049 0.000001 83.181801
v -30.356049 3.871480 83.181801
v -19.781620 0.000001 79.947952
v -19.781620 3.871480 79.947952
v -31.082392 -0.000001 61.901028
v -31.082392 5.708928 61.901028
v -25.068834 0.000001 81.564880
v -25.068834 5.708930 81.564880
v 15.803912 -0.000001 81.723740
v 15.803912 3.871479 81.723740
v 26.378342 -0.000001 78.489891
v 26.378342 3.871479 78.489891
v 21.817471 0.000001 101.387581
v 21.817471 3.871480 101.387581
v 32.391903 0.000001 98.153740
v 32.391903 3.871480 98.153740
v 21.091129 -0.000001 80.106812
v 21.091129 5.708928 80.106812
v 27.104687 0.000001 99.770668
v 27.104687 5.708930 99.770668
v -16.916740 -0.000001 143.820312
v -16.916740 3.871479 143.820312
v -6.342308 -0.000001 140.586456
v -6.342308 3.871479 140.586456
v -10.903181 0.000001 163.484161
v -10.903181 3.871480 163.484161
v -0.328750 0.000001 160.250305
v -0.328750 3.871480 160.250305
v -11.629523 -0.000001 142.203384
v -11.629524 5.708928 142.203384
v -5.615966 0.000001 161.867233
v -5.615966 5.708930 161.867233
v -119.206047 -0.000001 158.021515
v -119.206047 3.871479 158.021515
v -108.631622 -0.000001 154.787659
v -108.631622 3.871479 154.787659
v -113.192490 0.000001 177.685364
v -113.192490 3.871480 177.685364
v -102.618065 0.000001 174.451508
v -102.618065 3.871480 174.451508
v -113.918839 -0.000001 156.404587
v -113.918839 5.708928 156.404587
v -107.905281 0.000001 176.068436
v -107.905281 5.708930 176.068436
v -67.032532 -0.000001 176.227295
v -67.032532 3.871479 176.227295
v -56.458099 -0.000001 172.993439
v -56.458099 3.871479 172.993439
v -61.018967 0.000001 195.891144
v -61.018967 3.871480 195.891144
v -50.444538 0.000001 192.657288
v -50.444538 3.871480 192.657288
v -61.745308 -0.000001 174.610382
v -61.745308 5.708928 174.610382
v -55.731750 0.000001 194.274216
v -55.731750 5.708930 194.274216
v 105.268944 0.000000 -158.676727
v 105.268944 1.876702 -158.676727
v 105.268944 -0.000000 -167.864960
v 105.268944 2.738906 -167.864960
v 118.214478 -0.000000 -167.864960
v 118.214478 2.738906 -167.864960
v 105.268944 -0.000000 -164.493088
v 105.268944 5.517063 -164.493088
v 118.214478 -0.000000 -164.493088
v 118.214478 5.517063 -164.493088
v 110.842979 0.000000 -158.676727
v 110.842979 1.876702 -158.676727
v 118.214478 3.411474 -161.128906
v 118.214478 0.000000 -161.128906
v 110.842979 3.411474 -161.128906
v 110.842979 0.000000 -161.128906
v 130.936569 0.000000 -161.710175
v 130.936569 1.876702 -161.710175
v 130.936569 -0.000000 -170.898407
v 130.936569 2.738906 -170.898407
v 143.882095 -0.000000 -170.898407
v 143.882095 2.738906 -170.898407
v 130.936569 -0.000000 -167.526535
v 130.936569 5.517063 -167.526535
v 143.882095 -0.000000 -167.526535
v 143.882095 5.517063 -167.526535
v 136.510605 0.000000 -161.710175
v 136.510605 1.876702 -161.710175
v 143.882095 3.411474 -164.162354
v 143.882095 0.000000 -164.162354
v 136.510605 3.411474 -164.162354
v 136.510605 0.000000 -164.162354
v 155.204147 0.000000 -159.376740
v 155.204147 1.876702 -159.376740
v 155.204147 -0.000000 -168.564972
v 155.204147 2.738906 -168.564972
v 168.149673 -0.000000 -168.564972
v 168.149673 2.738906 -168.564972
v 155.204147 -0.000000 -165.193100
v 155.204147 5.517063 -165.193100
v 168.149673 -0.000000 -165.193100
v 168.149673 5.517063 -165.193100
v 160.778183 0.000000 -159.376740
v 160.778183 1.876702 -159.376740
v 168.149673 3.411474 -161.828918
v 168.149673 0.000000 -161.828918
v 160.778183 3.411474 -161.828918
v 160.778183 0.000000 -161.828918
v 44.146450 0.000000 -108.326767
v 44.146450 1.876702 -108.326767
v 44.146450 -0.000000 -117.514992
v 44.146450 2.738906 -117.514992
v 57.091980 -0.000000 -117.514992
v 57.091980 2.738906 -117.514992
v 44.146450 -0.000000 -114.143120
v 44.146450 5.517063 -114.143120
v 57.091980 -0.000000 -114.143120
v 57.091980 5.517063 -114.143120
v 49.720486 0.000000 -108.326767
v 49.720486 1.876702 -108.326767
v 57.091980 3.411474 -110.778938
v 57.091980 0.000000 -110.778938
v 49.720486 3.411474 -110.778938
v 49.720486 0.000000 -110.778938
v 69.814072 0.000000 -109.486725
v 69.814072 1.876702 -109.486725
v 69.814072 -0.000000 -118.674942
v 69.814072 2.738906 -118.674942
v 82.759605 -0.000000 -118.674942
v 82.759605 2.738906 -118.674942
v 69.814072 -0.000000 -115.303078
v 69.814072 5.517063 -115.303078
v 82.759605 -0.000000 -115.303078
v 82.759605 5.517063 -115.303078
v 75.388107 0.000000 -109.486725
v 75.388107 1.876702 -109.486725
v 82.759605 3.411474 -111.938896
v 82.759605 0.000000 -111.938896
v 75.388107 3.411474 -111.938896
v 75.388107 0.000000 -111.938896
v 96.891876 0.000000 -104.811455
v 96.891876 1.876702 -104.811455
v 96.891876 -0.000000 -113.999680
v 96.891876 2.738906 -113.999680
v 109.837410 -0.000000 -113.999680
v 109.837410 2.738906 -113.999680
v 96.891876 -0.000000 -110.627808
v 96.891876 5.517063 -110.627808
v 109.837410 -0.000000 -110.627808
v 109.837410 5.517063 -110.627808
v 102.465912 0.000000 -104.811455
v 102.465912 1.876702 -104.811455
v 109.837410 3.411474 -107.263626
v 109.837410 0.000000 -107.263626
v 102.465912 3.411474 -107.263626
v 102.465912 0.000000 -107.263626
v 141.099365 0.000000 -103.174683
v 141.099365 1.876702 -103.174683
v 141.099365 -0.000000 -112.362907
v 141.099365 2.738906 -112.362907
v 154.044907 -0.000000 -112.362907
v 154.044907 2.738906 -112.362907
v 141.099365 -0.000000 -108.991035
v 141.099365 5.517063 -108.991035
v 154.044907 -0.000000 -108.991035
v 154.044907 5.517063 -108.991035
v 146.673401 0.000000 -103.174683
v 146.673401 1.876702 -103.174683
v 154.044907 3.411474 -105.626854
v 154.044907 0.000000 -105.626854
v 146.673401 3.411474 -105.626854
v 146.673401 0.000000 -105.626854
v 117.353783 0.000000 -103.866264
v 117.353783 1.876702 -103.866264
v 117.353783 -0.000000 -113.054504
v 117.353783 2.738906 -113.054504
v 130.299316 -0.000000 -113.054504
v 130.299316 2.738906 -113.054504
v 117.353783 -0.000000 -109.682632
v 117.353783 5.517063 -109.682632
v 130.299316 -0.000000 -109.682632
v 130.299316 5.517063 -109.682632
v 122.927818 0.000000 -103.866264
v 122.927818 1.876702 -103.866264
v 130.299316 3.411474 -106.318451
v 130.299316 0.000000 -106.318451
v 122.927818 3.411474 -106.318451
v 122.927818 0.000000 -106.318451
v 156.375076 0.000000 -103.172157
v 156.375076 1.876702 -103.172157
v 156.375076 -0.000000 -112.360382
v 156.375076 2.738906 -112.360382
v 169.320602 -0.000000 -112.360382
v 169.320602 2.738906 -112.360382
v 156.375076 -0.000000 -108.988510
v 156.375076 5.517063 -108.988510
v 169.320602 -0.000000 -108.988510
v 169.320602 5.517063 -108.988510
v 161.949112 0.000000 -103.172157
v 161.949112 1.876702 -103.172157
v 169.320602 3.411474 -105.624329
v 169.320602 0.000000 -105.624329
v 161.949112 3.411474 -105.624329
v 161.949112 0.000000 -105.624329
v 165.991135 0.000000 -83.285973
v 165.991135 1.876702 -83.285973
v 165.632797 -0.000000 -74.104736
v 165.632797 2.738906 -74.104736
v 152.697128 -0.000000 -74.609612
v 152.697128 2.738906 -74.609612
v 165.764313 -0.000000 -77.474037
v 165.764313 5.517063 -77.474037
v 152.828629 -0.000000 -77.978912
v 152.828629 5.517063 -77.978912
v 160.421341 0.000000 -83.503357
v 160.421341 1.876702 -83.503357
v 152.959824 3.411474 -81.340538
v 152.959824 0.000000 -81.340538
v 160.325714 3.411474 -81.053055
v 160.325714 0.000000 -81.053055
v 146.127121 0.000000 28.393465
v 146.127121 1.876702 28.393465
v 146.127121 -0.000000 19.205240
v 146.127121 2.738906 19.205240
v 159.072647 -0.000000 19.205240
v 159.072647 2.738906 19.205240
v 146.127121 -0.000000 22.577101
v 146.127121 5.517063 22.577101
v 159.072647 -0.000000 22.577101
v 159.072647 5.517063 22.577101
v 151.701157 0.000000 28.393465
v 151.701157 1.876702 28.393465
v 159.072647 3.411474 25.941292
v 159.072647 0.000000 25.941292
v 151.701157 3.411474 25.941292
v 151.701157 0.000000 25.941292
v 149.630524 0.000000 78.930763
v 149.630524 1.876702 78.930763
v 149.630524 -0.000000 69.742546
v 149.630524 2.738906 69.742546
v 162.576050 -0.000000 69.742546
v 162.576050 2.738906 69.742546
v 149.630524 -0.000000 73.114403
v 149.630524 5.517063 73.114403
v 162.576050 -0.000000 73.114403
v 162.576050 5.517063 73.114403
v 155.204559 0.000000 78.930763
v 155.204559 1.876702 78.930763
v 162.576050 3.411474 76.478592
v 162.576050 0.000000 76.478592
v 155.204559 3.411474 76.478592
v 155.204559 0.000000 76.478592
v 151.477081 0.000000 94.453369
v 151.477081 1.876702 94.453369
v 160.237701 -0.000000 97.223778
v 160.237701 2.738906 97.223778
v 156.334381 -0.000000 109.566833
v 156.334381 2.738906 109.566833
v 157.022751 -0.000000 96.207108
v 157.022751 5.517063 96.207108
v 153.119461 -0.000000 108.550171
v 153.119461 5.517063 108.550171
v 149.796417 0.000000 99.767998
v 149.796417 1.876702 99.767998
v 149.911835 3.411474 107.535805
v 149.911835 0.000000 107.535805
v 152.134460 3.411474 100.507370
v 152.134460 0.000000 100.507370
v 147.551468 0.000000 125.728539
v 147.551468 1.876702 125.728539
v 156.361938 -0.000000 128.336029
v 156.361938 2.738906 128.336029
v 152.688171 -0.000000 140.749344
v 152.688171 2.738906 140.749344
v 153.128693 -0.000000 127.379143
v 153.128693 5.517063 127.379143
v 149.454926 -0.000000 139.792450
v 149.454926 5.517063 139.792450
v 145.969635 0.000000 131.073410
v 145.969635 1.876702 131.073410
v 146.229050 3.411474 138.837738
v 146.229050 0.000000 138.837738
v 148.320984 3.411474 131.769302
v 148.320984 0.000000 131.769302
v 150.027863 0.000000 148.079559
v 150.027878 1.876702 148.079559
v 159.208328 -0.000000 148.456909
v 159.208328 2.738906 148.456909
v 158.676666 -0.000000 161.391525
v 158.676666 2.738906 161.391525
v 155.839325 -0.000000 148.318436
v 155.839325 5.517063 148.318436
v 155.307663 -0.000000 161.253052
v 155.307663 5.517063 161.253052
v 149.798935 0.000000 153.648895
v 149.798935 1.876702 153.648895
v 151.946304 3.411474 161.114883
v 151.946304 0.000000 161.114883
v 152.249054 3.411474 153.749603
v 152.249054 0.000000 153.749603
v 267.941193 0.000000 68.532913
v 267.941193 1.876702 68.532913
v 267.941223 -0.000000 59.344692
v 267.941223 2.738906 59.344692
v 280.886749 -0.000000 59.344692
v 280.886749 2.738906 59.344692
v 267.941193 -0.000000 62.716549
v 267.941193 5.517063 62.716549
v 280.886749 -0.000000 62.716549
v 280.886749 5.517063 62.716549
v 273.515228 0.000000 68.532913
v 273.515228 1.876702 68.532913
v 280.886749 3.411474 66.080742
v 280.886749 0.000000 66.080742
v 273.515228 3.411474 66.080742
v 273.515228 0.000000 66.080742
v 269.787750 0.000000 84.055511
v 269.787750 1.876702 84.055511
v 278.548370 -0.000000 86.825920
v 278.548370 2.738906 86.825920
v 274.645081 -0.000000 99.168983
v 274.645081 2.738906 99.168983
v 275.333435 -0.000000 85.809242
v 275.333435 5.517063 85.809242
v 271.430115 -0.000000 98.152306
v 271.430115 5.517063 98.152306
v 268.107086 0.000000 89.370140
v 268.107086 1.876702 89.370140
v 268.222504 3.411474 97.137947
v 268.222504 0.000000 97.137947
v 270.445129 3.411474 90.109512
v 270.445129 0.000000 90.109512
v 265.862122 0.000000 115.330696
v 265.862122 1.876702 115.330696
v 274.672607 -0.000000 117.938194
v 274.672607 2.738906 117.938194
v 270.998840 -0.000000 130.351501
v 270.998840 2.738906 130.351501
v 271.439392 -0.000000 116.981300
v 271.439392 5.517063 116.981300
v 267.765625 -0.000000 129.394608
v 267.765625 5.517063 129.394608
v 264.280304 0.000000 120.675575
v 264.280304 1.876702 120.675575
v 264.539734 3.411474 128.439911
v 264.539734 0.000000 128.439911
v 266.631653 3.411474 121.371460
v 266.631653 0.000000 121.371460
v 268.338531 0.000000 137.681717
v 268.338531 1.876702 137.681717
v 277.519012 -0.000000 138.059067
v 277.519012 2.738906 138.059067
v 276.987335 -0.000000 150.993683
v 276.987335 2.738906 150.993683
v 274.149994 -0.000000 137.920593
v 274.149994 5.517063 137.920593
v 273.618317 -0.000000 150.855209
v 273.618317 5.517063 150.855209
v 268.109619 0.000000 143.251053
v 268.109619 1.876702 143.251053
v 270.256958 3.411474 150.717041
v 270.256958 0.000000 150.717041
v 270.559723 3.411474 143.351761
v 270.559723 0.000000 143.351761
v 208.625122 0.000000 -119.550133
v 208.625122 1.876702 -119.550133
v 208.625153 -0.000000 -128.738373
v 208.625153 2.738906 -128.738373
v 221.570679 -0.000000 -128.738373
v 221.570679 2.738906 -128.738373
v 208.625122 -0.000000 -125.366501
v 208.625122 5.517063 -125.366501
v 221.570679 -0.000000 -125.366501
v 221.570679 5.517063 -125.366501
v 214.199158 0.000000 -119.550133
v 214.199158 1.876702 -119.550133
v 221.570679 3.411474 -122.002319
v 221.570679 0.000000 -122.002319
v 214.199158 3.411474 -122.002319
v 214.199158 0.000000 -122.002319
v 210.471680 0.000000 -104.027534
v 210.471680 1.876702 -104.027534
v 219.232300 -0.000000 -101.257118
v 219.232300 2.738906 -101.257118
v 215.329010 -0.000000 -88.914070
v 215.329010 2.738906 -88.914070
v 216.017365 -0.000000 -102.273796
v 216.017365 5.517063 -102.273796
v 212.114044 -0.000000 -89.930740
v 212.114044 5.517063 -89.930740
v 208.791016 0.000000 -98.712906
v 208.791016 1.876702 -98.712906
v 208.906433 3.411474 -90.945099
v 208.906433 0.000000 -90.945099
v 211.129074 3.411474 -97.973541
v 211.129074 0.000000 -97.973541
v 206.546051 0.000000 -72.752357
v 206.546051 1.876702 -72.752357
v 215.356522 -0.000000 -70.144859
v 215.356522 2.738906 -70.144859
v 211.682755 -0.000000 -57.731552
v 211.682755 2.738906 -57.731552
v 212.123291 -0.000000 -71.101746
v 212.123291 5.517063 -71.101746
v 208.449524 -0.000000 -58.688438
v 208.449524 5.517063 -58.688438
v 204.964203 0.000000 -67.407486
v 204.964203 1.876702 -67.407486
v 205.223633 3.411474 -59.643150
v 205.223633 0.000000 -59.643150
v 207.315567 3.411474 -66.711586
v 207.315567 0.000000 -66.711586
v 209.022476 0.000000 -50.401325
v 209.022476 1.876702 -50.401325
v 218.202942 -0.000000 -50.023972
v 218.202942 2.738906 -50.023972
v 217.671280 -0.000000 -37.089363
v 217.671280 2.738906 -37.089363
v 214.833923 -0.000000 -50.162453
v 214.833923 5.517063 -50.162453
v 214.302246 -0.000000 -37.227840
v 214.302246 5.517063 -37.227840
v 208.793549 0.000000 -44.831993
v 208.793549 1.876702 -44.831993
v 210.940903 3.411474 -37.366005
v 210.940903 0.000000 -37.366005
v 211.243652 3.411474 -44.731285
v 211.243652 0.000000 -44.731285
v -23.495365 0.000000 351.003754
v -23.495365 1.876702 351.003754
v -23.495365 -0.000000 341.815552
v -23.495365 2.738906 341.815552
v -10.549830 -0.000000 341.815552
v -10.549830 2.738906 341.815552
v -23.495365 -0.000000 345.187408
v -23.495365 5.517063 345.187408
v -10.549831 -0.000000 345.187408
v -10.549831 5.517063 345.187408
v -17.921329 0.000000 351.003754
v -17.921329 1.876702 351.003754
v -10.549830 3.411474 348.551605
v -10.549830 0.000000 348.551605
v -17.921329 3.411474 348.551605
v -17.921329 0.000000 348.551605
v -21.648819 0.000000 366.526367
v -21.648819 1.876702 366.526367
v -12.888208 -0.000000 369.296753
v -12.888208 2.738906 369.296753
v -16.791508 -0.000000 381.639832
v -16.791508 2.738906 381.639832
v -16.103146 -0.000000 368.280090
v -16.103144 5.517063 368.280090
v -20.006445 -0.000000 380.623138
v -20.006443 5.517063 380.623138
v -23.329485 0.000000 371.841003
v -23.329485 1.876702 371.841003
v -23.214069 3.411474 379.608795
v -23.214069 0.000000 379.608795
v -20.991436 3.411474 372.580353
v -20.991436 0.000000 372.580353
v -25.574434 0.000000 397.801544
v -25.574434 1.876702 397.801544
v -16.763962 -0.000000 400.409027
v -16.763962 2.738906 400.409027
v -20.437729 -0.000000 412.822327
v -20.437729 2.738906 412.822327
v -19.997198 -0.000000 399.452148
v -19.997198 5.517063 399.452148
v -23.670965 -0.000000 411.865479
v -23.670965 5.517063 411.865479
v -27.156269 0.000000 403.146423
v -27.156269 1.876702 403.146423
v -26.896847 3.411474 410.910736
v -26.896847 0.000000 410.910736
v -24.804914 3.411474 403.842316
v -24.804914 0.000000 403.842316
v -23.098032 0.000000 420.152557
v -23.098032 1.876702 420.152557
v -13.917561 -0.000000 420.529938
v -13.917561 2.738906 420.529938
v -14.449221 -0.000000 433.464539
v -14.449221 2.738906 433.464539
v -17.286577 -0.000000 420.391418
v -17.286577 5.517063 420.391418
v -17.818237 -0.000000 433.326050
v -17.818237 5.517063 433.326050
v -23.326952 0.000000 425.721893
v -23.326952 1.876702 425.721893
v -21.179590 3.411474 433.187866
v -21.179590 0.000000 433.187866
v -20.876850 3.411474 425.822601
v -20.876850 0.000000 425.822601
v -21.067326 0.000000 226.688171
v -21.067326 1.876702 226.688171
v -21.067324 -0.000000 217.499954
v -21.067324 2.738906 217.499954
v -8.121792 -0.000000 217.499954
v -8.121792 2.738906 217.499954
v -21.067326 -0.000000 220.871811
v -21.067326 5.517063 220.871811
v -8.121793 -0.000000 220.871811
v -8.121793 5.517063 220.871811
v -15.493290 0.000000 226.688171
v -15.493290 1.876702 226.688171
v -8.121792 3.411474 224.236008
v -8.121792 0.000000 224.236008
v -15.493290 3.411474 224.236008
v -15.493290 0.000000 224.236008
v -19.220779 0.000000 242.210800
v -19.220779 1.876702 242.210800
v -10.460169 -0.000000 244.981201
v -10.460169 2.738906 244.981201
v -14.363469 -0.000000 257.324280
v -14.363468 2.738906 257.324280
v -13.675106 -0.000000 243.964523
v -13.675106 5.517063 243.964523
v -17.578407 -0.000000 256.307587
v -17.578405 5.517063 256.307587
v -20.901447 0.000000 247.525406
v -20.901447 1.876702 247.525406
v -20.786030 3.411474 255.293228
v -20.786030 0.000000 255.293228
v -18.563396 3.411474 248.264786
v -18.563398 0.000000 248.264786
v -23.146395 0.000000 273.485962
v -23.146395 1.876702 273.485962
v -14.335923 -0.000000 276.093445
v -14.335923 2.738906 276.093445
v -18.009693 -0.000000 288.506775
v -18.009691 2.738906 288.506775
v -17.569159 -0.000000 275.136597
v -17.569157 5.517063 275.136597
v -21.242928 -0.000000 287.549866
v -21.242928 5.517063 287.549866
v -24.728231 0.000000 278.830841
v -24.728231 1.876702 278.830841
v -24.468807 3.411474 286.595184
v -24.468807 0.000000 286.595184
v -22.376875 3.411474 279.526733
v -22.376875 0.000000 279.526733
v 140.066162 0.000000 329.829559
v 140.066177 1.876702 329.829559
v 149.246628 -0.000000 330.206909
v 149.246628 2.738906 330.206909
v 148.714966 -0.000000 343.141510
v 148.714966 2.738906 343.141510
v 145.877625 -0.000000 330.068420
v 145.877625 5.517063 330.068420
v 145.345963 -0.000000 343.003021
v 145.345963 5.517063 343.003021
v 139.837234 0.000000 335.398895
v 139.837234 1.876702 335.398895
v 141.984604 3.411474 342.864868
v 141.984604 0.000000 342.864868
v 142.287354 3.411474 335.499603
v 142.287354 0.000000 335.499603
v 4.820660 0.000000 282.703522
v 4.820660 1.876702 282.703522
v 4.820661 -0.000000 273.515289
v 4.820661 2.738906 273.515289
v 17.766193 -0.000000 273.515289
v 17.766193 2.738906 273.515289
v 4.820660 -0.000000 276.887146
v 4.820660 5.517063 276.887146
v 17.766193 -0.000000 276.887146
v 17.766193 5.517063 276.887146
v 10.394695 0.000000 282.703522
v 10.394695 1.876702 282.703522
v 17.766193 3.411474 280.251373
v 17.766193 0.000000 280.251373
v 10.394695 3.411474 280.251373
v 10.394695 0.000000 280.251373
v 49.028145 0.000000 284.340302
v 49.028145 1.876702 284.340302
v 49.028145 -0.000000 275.152100
v 49.028145 2.738906 275.152100
v 61.973679 -0.000000 275.152100
v 61.973679 2.738906 275.152100
v 49.028145 -0.000000 278.523956
v 49.028145 5.517063 278.523956
v 61.973679 -0.000000 278.523956
v 61.973679 5.517063 278.523956
v 54.602180 0.000000 284.340302
v 54.602180 1.876702 284.340302
v 61.973679 3.411474 281.888153
v 61.973679 0.000000 281.888153
v 54.602180 3.411474 281.888153
v 54.602180 0.000000 281.888153
v 25.282558 0.000000 283.648682
v 25.282558 1.876702 283.648682
v 25.282558 -0.000000 274.460449
v 25.282558 2.738906 274.460449
v 38.228092 -0.000000 274.460449
v 38.228092 2.738906 274.460449
v 25.282558 -0.000000 277.832306
v 25.282558 5.517063 277.832306
v 38.228092 -0.000000 277.832306
v 38.228092 5.517063 277.832306
v 30.856594 0.000000 283.648682
v 30.856594 1.876702 283.648682
v 38.228092 3.411474 281.196533
v 38.228092 0.000000 281.196533
v 30.856594 3.411474 281.196533
v 30.856594 0.000000 281.196533
v 64.303848 0.000000 284.342804
v 64.303848 1.876702 284.342804
v 64.303848 -0.000000 275.154602
v 64.303848 2.738906 275.154602
v 77.249374 -0.000000 275.154602
v 77.249374 2.738906 275.154602
v 64.303848 -0.000000 278.526459
v 64.303848 5.517063 278.526459
v 77.249374 -0.000000 278.526459
v 77.249374 5.517063 278.526459
v 69.877884 0.000000 284.342804
v 69.877884 1.876702 284.342804
v 77.249374 3.411474 281.890656
v 77.249374 0.000000 281.890656
v 69.877884 3.411474 281.890656
v 69.877884 0.000000 281.890656
v 99.222816 0.000000 290.278992
v 99.222816 1.876702 290.278992
v 99.222816 -0.000000 281.090790
v 99.222816 2.738906 281.090790
v 112.168350 -0.000000 281.090790
v 112.168350 2.738906 281.090790
v 99.222816 -0.000000 284.462646
v 99.222816 5.517063 284.462646
v 112.168350 -0.000000 284.462646
v 112.168350 5.517063 284.462646
v 104.796852 0.000000 290.278992
v 104.796852 1.876702 290.278992
v 112.168350 3.411474 287.826843
v 112.168350 0.000000 287.826843
v 104.796852 3.411474 287.826843
v 104.796852 0.000000 287.826843
v 143.430298 0.000000 291.915771
v 143.430298 1.876702 291.915771
v 143.430298 -0.000000 282.727539
v 143.430298 2.738906 282.727539
v 156.375839 -0.000000 282.727539
v 156.375839 2.738906 282.727539
v 143.430298 -0.000000 286.099396
v 143.430298 5.517063 286.099396
v 156.375839 -0.000000 286.099396
v 156.375839 5.517063 286.099396
v 149.004333 0.000000 291.915771
v 149.004333 1.876702 291.915771
v 156.375839 3.411474 289.463623
v 156.375839 0.000000 289.463623
v 149.004333 3.411474 289.463623
v 149.004333 0.000000 289.463623
v 119.684708 0.000000 291.224152
v 119.684708 1.876702 291.224152
v 119.684708 -0.000000 282.035919
v 119.684708 2.738906 282.035919
v 132.630234 -0.000000 282.035919
v 132.630234 2.738906 282.035919
v 119.684708 -0.000000 285.407776
v 119.684708 5.517063 285.407776
v 132.630234 -0.000000 285.407776
v 132.630234 5.517063 285.407776
v 125.258743 0.000000 291.224152
v 125.258743 1.876702 291.224152
v 132.630234 3.411474 288.771973
v 132.630234 0.000000 288.771973
v 125.258743 3.411474 288.771973
v 125.258743 0.000000 288.771973
v 158.705994 0.000000 291.918274
v 158.705994 1.876702 291.918274
v 158.705994 -0.000000 282.730042
v 158.705994 2.738906 282.730042
v 171.651535 -0.000000 282.730042
v 171.651535 2.738906 282.730042
v 158.705994 -0.000000 286.101929
v 158.705994 5.517063 286.101929
v 171.651535 -0.000000 286.101929
v 171.651535 5.517063 286.101929
v 164.280029 0.000000 291.918274
v 164.280029 1.876702 291.918274
v 171.651535 3.411474 289.466125
v 171.651535 0.000000 289.466125
v 164.280029 3.411474 289.466125
v 164.280029 0.000000 289.466125
v 192.459518 0.000000 293.192627
v 192.459518 1.876702 293.192627
v 192.459518 -0.000000 284.004395
v 192.459518 2.738906 284.004395
v 205.405045 -0.000000 284.004395
v 205.405045 2.738906 284.004395
v 192.459518 -0.000000 287.376251
v 192.459518 5.517063 287.376251
v 205.405045 -0.000000 287.376251
v 205.405045 5.517063 287.376251
v 198.033554 0.000000 293.192627
v 198.033554 1.876702 293.192627
v 205.405045 3.411474 290.740479
v 205.405045 0.000000 290.740479
v 198.033554 3.411474 290.740479
v 198.033554 0.000000 290.740479
v 236.667007 0.000000 294.829407
v 236.667007 1.876702 294.829407
v 236.667007 -0.000000 285.641205
v 236.667007 2.738906 285.641205
v 249.612549 -0.000000 285.641205
v 249.612549 2.738906 285.641205
v 236.667007 -0.000000 289.013062
v 236.667007 5.517063 289.013062
v 249.612518 -0.000000 289.013062
v 249.612518 5.517063 289.013062
v 242.241028 0.000000 294.829407
v 242.241028 1.876702 294.829407
v 249.612549 3.411474 292.377258
v 249.612549 0.000000 292.377258
v 242.241043 3.411474 292.377258
v 242.241043 0.000000 292.377258
v 212.921387 0.000000 294.137787
v 212.921387 1.876702 294.137787
v 212.921402 -0.000000 284.949554
v 212.921402 2.738906 284.949554
v 225.866943 -0.000000 284.949554
v 225.866943 2.738906 284.949554
v 212.921387 -0.000000 288.321411
v 212.921387 5.517063 288.321411
v 225.866943 -0.000000 288.321411
v 225.866943 5.517063 288.321411
v 218.495422 0.000000 294.137787
v 218.495422 1.876702 294.137787
v 225.866943 3.411474 291.685638
v 225.866943 0.000000 291.685638
v 218.495422 3.411474 291.685638
v 218.495422 0.000000 291.685638
v 251.942688 0.000000 294.831909
v 251.942688 1.876702 294.831909
v 251.942703 -0.000000 285.643707
v 251.942703 2.738906 285.643707
v 264.888245 -0.000000 285.643707
v 264.888245 2.738906 285.643707
v 251.942688 -0.000000 289.015564
v 251.942688 5.517063 289.015564
v 264.888245 -0.000000 289.015564
v 264.888245 5.517063 289.015564
v 257.516724 0.000000 294.831909
v 257.516724 1.876702 294.831909
v 264.888245 3.411474 292.379761
v 264.888245 0.000000 292.379761
v 257.516724 3.411474 292.379761
v 257.516724 0.000000 292.379761
v 284.530731 0.000000 299.602661
v 284.530731 1.876702 299.602661
v 284.530762 -0.000000 290.414459
v 284.530762 2.738906 290.414459
v 297.476288 -0.000000 290.414459
v 297.476288 2.738906 290.414459
v 284.530731 -0.000000 293.786316
v 284.530731 5.517063 293.786316
v 297.476288 -0.000000 293.786316
v 297.476288 5.517063 293.786316
v 290.104767 0.000000 299.602661
v 290.104767 1.876702 299.602661
v 297.476288 3.411474 297.150513
v 297.476288 0.000000 297.150513
v 290.104767 3.411474 297.150513
v 290.104767 0.000000 297.150513
v 328.738220 0.000000 301.239441
v 328.738220 1.876702 301.239441
v 328.738251 -0.000000 292.051208
v 328.738251 2.738906 292.051208
v 341.683777 -0.000000 292.051208
v 341.683777 2.738906 292.051208
v 328.738220 -0.000000 295.423065
v 328.738220 5.517063 295.423065
v 341.683777 -0.000000 295.423065
v 341.683777 5.517063 295.423065
v 334.312256 0.000000 301.239441
v 334.312256 1.876702 301.239441
v 341.683777 3.411474 298.787292
v 341.683777 0.000000 298.787292
v 334.312256 3.411474 298.787292
v 334.312256 0.000000 298.787292
v 304.992615 0.000000 300.547821
v 304.992615 1.876702 300.547821
v 304.992615 -0.000000 291.359589
v 304.992615 2.738906 291.359589
v 317.938171 -0.000000 291.359589
v 317.938171 2.738906 291.359589
v 304.992615 -0.000000 294.731445
v 304.992615 5.517063 294.731445
v 317.938141 -0.000000 294.731445
v 317.938141 5.517063 294.731445
v 310.566650 0.000000 300.547821
v 310.566650 1.876702 300.547821
v 317.938171 3.411474 298.095642
v 317.938171 0.000000 298.095642
v 310.566650 3.411474 298.095642
v 310.566650 0.000000 298.095642
v 344.013916 0.000000 301.241943
v 344.013916 1.876702 301.241943
v 344.013916 -0.000000 292.053711
v 344.013916 2.738906 292.053711
v 356.959473 -0.000000 292.053711
v 356.959473 2.738906 292.053711
v 344.013916 -0.000000 295.425568
v 344.013916 5.517063 295.425568
v 356.959442 -0.000000 295.425568
v 356.959442 5.517063 295.425568
v 349.587952 0.000000 301.241943
v 349.587952 1.876702 301.241943
v 356.959473 3.411474 298.789795
v 356.959473 0.000000 298.789795
v 349.587952 3.411474 298.789795
v 349.587952 0.000000 298.789795
v 313.667206 0.000000 230.257874
v 313.667206 1.876702 230.257874
v 313.667236 -0.000000 221.069641
v 313.667236 2.738906 221.069641
v 326.612762 -0.000000 221.069641
v 326.612762 2.738906 221.069641
v 313.667206 -0.000000 224.441498
v 313.667206 5.517063 224.441498
v 326.612762 -0.000000 224.441498
v 326.612762 5.517063 224.441498
v 319.241241 0.000000 230.257874
v 319.241241 1.876702 230.257874
v 326.612762 3.411474 227.805710
v 326.612762 0.000000 227.805710
v 319.241241 3.411474 227.805710
v 319.241241 0.000000 227.805710
v 357.874695 0.000000 231.894653
v 357.874695 1.876702 231.894653
v 357.874695 -0.000000 222.706436
v 357.874695 2.738906 222.706436
v 370.820251 -0.000000 222.706436
v 370.820251 2.738906 222.706436
v 357.874695 -0.000000 226.078293
v 357.874695 5.517063 226.078293
v 370.820251 -0.000000 226.078293
v 370.820251 5.517063 226.078293
v 363.448730 0.000000 231.894653
v 363.448730 1.876702 231.894653
v 370.820251 3.411474 229.442505
v 370.820251 0.000000 229.442505
v 363.448730 3.411474 229.442505
v 363.448730 0.000000 229.442505
v 334.129089 0.000000 231.203033
v 334.129089 1.876702 231.203033
v 334.129089 -0.000000 222.014801
v 334.129089 2.738906 222.014801
v 347.074615 -0.000000 222.014801
v 347.074615 2.738906 222.014801
v 334.129089 -0.000000 225.386673
v 334.129089 5.517063 225.386673
v 347.074615 -0.000000 225.386673
v 347.074615 5.517063 225.386673
v 339.703094 0.000000 231.203033
v 339.703094 1.876702 231.203033
v 347.074615 3.411474 228.750870
v 347.074615 0.000000 228.750870
v 339.703125 3.411474 228.750870
v 339.703125 0.000000 228.750870
v 373.150391 0.000000 231.897156
v 373.150391 1.876702 231.897156
v 373.150391 -0.000000 222.708939
v 373.150391 2.738906 222.708939
v 386.095917 -0.000000 222.708939
v 386.095917 2.738906 222.708939
v 373.150391 -0.000000 226.080795
v 373.150391 5.517063 226.080795
v 386.095917 -0.000000 226.080795
v 386.095917 5.517063 226.080795
v 378.724396 0.000000 231.897156
v 378.724396 1.876702 231.897156
v 386.095917 3.411474 229.445007
v 386.095917 0.000000 229.445007
v 378.724426 3.411474 229.445007
v 378.724426 0.000000 229.445007
v 167.984894 0.000000 189.466827
v 167.984894 1.876702 189.466827
v 167.984894 -0.000000 180.278610
v 167.984894 2.738906 180.278610
v 180.930420 -0.000000 180.278610
v 180.930420 2.738906 180.278610
v 167.984894 -0.000000 183.650482
v 167.984894 5.517063 183.650482
v 180.930420 -0.000000 183.650482
v 180.930420 5.517063 183.650482
v 173.558929 0.000000 189.466827
v 173.558929 1.876702 189.466827
v 180.930420 3.411474 187.014664
v 180.930420 0.000000 187.014664
v 173.558929 3.411474 187.014664
v 173.558929 0.000000 187.014664
v 212.192398 0.000000 191.103622
v 212.192398 1.876702 191.103622
v 212.192398 -0.000000 181.915390
v 212.192398 2.738906 181.915390
v 225.137924 -0.000000 181.915390
v 225.137924 2.738906 181.915390
v 212.192398 -0.000000 185.287262
v 212.192398 5.517063 185.287262
v 225.137909 -0.000000 185.287262
v 225.137909 5.517063 185.287262
v 217.766403 0.000000 191.103622
v 217.766403 1.876702 191.103622
v 225.137924 3.411474 188.651443
v 225.137924 0.000000 188.651443
v 217.766434 3.411474 188.651443
v 217.766434 0.000000 188.651443
v 188.446777 0.000000 190.412003
v 188.446777 1.876702 190.412003
v 188.446777 -0.000000 181.223770
v 188.446777 2.738906 181.223770
v 201.392319 -0.000000 181.223770
v 201.392319 2.738906 181.223770
v 188.446777 -0.000000 184.595642
v 188.446777 5.517063 184.595642
v 201.392319 -0.000000 184.595642
v 201.392319 5.517063 184.595642
v 194.020813 0.000000 190.412003
v 194.020813 1.876702 190.412003
v 201.392319 3.411474 187.959824
v 201.392319 0.000000 187.959824
v 194.020813 3.411474 187.959824
v 194.020813 0.000000 187.959824
v 227.468063 0.000000 191.106125
v 227.468063 1.876702 191.106125
v 227.468079 -0.000000 181.917892
v 227.468079 2.738906 181.917892
v 240.413620 -0.000000 181.917892
v 240.413620 2.738906 181.917892
v 227.468063 -0.000000 185.289764
v 227.468063 5.517063 185.289764
v 240.413620 -0.000000 185.289764
v 240.413620 5.517063 185.289764
v 233.042099 0.000000 191.106125
v 233.042099 1.876702 191.106125
v 240.413620 3.411474 188.653946
v 240.413620 0.000000 188.653946
v 233.042099 3.411474 188.653946
v 233.042099 0.000000 188.653946
v 311.336334 0.000000 141.100311
v 311.336334 1.876702 141.100311
v 311.336334 -0.000000 131.912079
v 311.336334 2.738906 131.912079
v 324.281860 -0.000000 131.912079
v 324.281860 2.738906 131.912079
v 311.336334 -0.000000 135.283951
v 311.336334 5.517063 135.283951
v 324.281830 -0.000000 135.283951
v 324.281830 5.517063 135.283951
v 316.910339 0.000000 141.100311
v 316.910339 1.876702 141.100311
v 324.281860 3.411474 138.648132
v 324.281860 0.000000 138.648132
v 316.910370 3.411474 138.648132
v 316.910370 0.000000 138.648132
v 355.543793 0.000000 142.737076
v 355.543793 1.876702 142.737076
v 355.543793 -0.000000 133.548859
v 355.543793 2.738906 133.548859
v 368.489349 -0.000000 133.548859
v 368.489349 2.738906 133.548859
v 355.543793 -0.000000 136.920731
v 355.543793 5.517063 136.920731
v 368.489319 -0.000000 136.920731
v 368.489319 5.517063 136.920731
v 361.117828 0.000000 142.737076
v 361.117828 1.876702 142.737076
v 368.489349 3.411474 140.284912
v 368.489349 0.000000 140.284912
v 361.117828 3.411474 140.284912
v 361.117828 0.000000 140.284912
v 331.798157 0.000000 142.045471
v 331.798157 1.876702 142.045471
v 331.798187 -0.000000 132.857239
v 331.798187 2.738906 132.857239
v 344.743713 -0.000000 132.857239
v 344.743713 2.738906 132.857239
v 331.798157 -0.000000 136.229111
v 331.798157 5.517063 136.229111
v 344.743713 -0.000000 136.229111
v 344.743713 5.517063 136.229111
v 337.372192 0.000000 142.045471
v 337.372192 1.876702 142.045471
v 344.743713 3.411474 139.593292
v 344.743713 0.000000 139.593292
v 337.372192 3.411474 139.593292
v 337.372192 0.000000 139.593292
v 370.819458 0.000000 142.739578
v 370.819458 1.876702 142.739578
v 370.819489 -0.000000 133.551361
v 370.819489 2.738906 133.551361
v 383.765015 -0.000000 133.551361
v 383.765015 2.738906 133.551361
v 370.819458 -0.000000 136.923233
v 370.819458 5.517063 136.923233
v 383.765015 -0.000000 136.923233
v 383.765015 5.517063 136.923233
v 376.393494 0.000000 142.739578
v 376.393494 1.876702 142.739578
v 383.765015 3.411474 140.287415
v 383.765015 0.000000 140.287415
v 376.393494 3.411474 140.287415
v 376.393494 0.000000 140.287415
v 262.387024 0.000000 26.885361
v 262.387024 1.876702 26.885361
v 262.387024 -0.000000 17.697138
v 262.387024 2.738906 17.697138
v 275.332581 -0.000000 17.697138
v 275.332581 2.738906 17.697138
v 262.387024 -0.000000 21.068998
v 262.387024 5.517063 21.068998
v 275.332550 -0.000000 21.068998
v 275.332550 5.517063 21.068998
v 267.961060 0.000000 26.885361
v 267.961060 1.876702 26.885361
v 275.332581 3.411474 24.433191
v 275.332581 0.000000 24.433191
v 267.961060 3.411474 24.433191
v 267.961060 0.000000 24.433191
v 306.594574 0.000000 28.522141
v 306.594574 1.876702 28.522141
v 306.594574 -0.000000 19.333918
v 306.594574 2.738906 19.333918
v 319.540100 -0.000000 19.333918
v 319.540100 2.738906 19.333918
v 306.594574 -0.000000 22.705778
v 306.594574 5.517063 22.705778
v 319.540070 -0.000000 22.705778
v 319.540070 5.517063 22.705778
v 312.168579 0.000000 28.522141
v 312.168579 1.876702 28.522141
v 319.540100 3.411474 26.069969
v 319.540100 0.000000 26.069969
v 312.168610 3.411474 26.069969
v 312.168610 0.000000 26.069969
v 282.848938 0.000000 27.830523
v 282.848938 1.876702 27.830523
v 282.848969 -0.000000 18.642298
v 282.848969 2.738906 18.642298
v 295.794495 -0.000000 18.642298
v 295.794495 2.738906 18.642298
v 282.848938 -0.000000 22.014158
v 282.848938 5.517063 22.014158
v 295.794495 -0.000000 22.014158
v 295.794495 5.517063 22.014158
v 288.422974 0.000000 27.830523
v 288.422974 1.876702 27.830523
v 295.794495 3.411474 25.378349
v 295.794495 0.000000 25.378349
v 288.422974 3.411474 25.378349
v 288.422974 0.000000 25.378349
v 321.870239 0.000000 28.524643
v 321.870239 1.876702 28.524643
v 321.870270 -0.000000 19.336420
v 321.870270 2.738906 19.336418
v 334.815796 -0.000000 19.336420
v 334.815796 2.738906 19.336418
v 321.870239 -0.000000 22.708281
v 321.870239 5.517063 22.708281
v 334.815796 -0.000000 22.708281
v 334.815796 5.517063 22.708281
v 327.444275 0.000000 28.524643
v 327.444275 1.876702 28.524643
v 334.815796 3.411474 26.072472
v 334.815796 0.000000 26.072472
v 327.444275 3.411474 26.072472
v 327.444275 0.000000 26.072472
v 32.208950 0.000000 180.143158
v 32.208950 1.876702 180.143158
v 32.208950 -0.000000 170.954941
v 32.208950 2.738906 170.954941
v 45.154484 -0.000000 170.954941
v 45.154484 2.738906 170.954941
v 32.208950 -0.000000 174.326813
v 32.208950 5.517063 174.326813
v 45.154484 -0.000000 174.326813
v 45.154484 5.517063 174.326813
v 37.782986 0.000000 180.143158
v 37.782986 1.876702 180.143158
v 45.154484 3.411474 177.690994
v 45.154484 0.000000 177.690994
v 37.782986 3.411474 177.690994
v 37.782986 0.000000 177.690994
v 76.416466 0.000000 181.779953
v 76.416466 1.876702 181.779953
v 76.416466 -0.000000 172.591721
v 76.416466 2.738906 172.591721
v 89.362000 -0.000000 172.591721
v 89.362000 2.738906 172.591721
v 76.416466 -0.000000 175.963593
v 76.416466 5.517063 175.963593
v 89.362000 -0.000000 175.963593
v 89.362000 5.517063 175.963593
v 81.990501 0.000000 181.779953
v 81.990501 1.876702 181.779953
v 89.362000 3.411474 179.327774
v 89.362000 0.000000 179.327774
v 81.990501 3.411474 179.327774
v 81.990501 0.000000 179.327774
v 52.670860 0.000000 181.088333
v 52.670860 1.876702 181.088333
v 52.670860 -0.000000 171.900101
v 52.670860 2.738906 171.900101
v 65.616394 -0.000000 171.900101
v 65.616394 2.738906 171.900101
v 52.670860 -0.000000 175.271973
v 52.670860 5.517063 175.271973
v 65.616394 -0.000000 175.271973
v 65.616394 5.517063 175.271973
v 58.244896 0.000000 181.088333
v 58.244896 1.876702 181.088333
v 65.616394 3.411474 178.636154
v 65.616394 0.000000 178.636154
v 58.244896 3.411474 178.636154
v 58.244896 0.000000 178.636154
v 91.692162 0.000000 181.782455
v 91.692162 1.876702 181.782455
v 91.692162 -0.000000 172.594223
v 91.692162 2.738906 172.594223
v 104.637695 -0.000000 172.594223
v 104.637695 2.738906 172.594223
v 91.692162 -0.000000 175.966095
v 91.692162 5.517063 175.966095
v 104.637695 -0.000000 175.966095
v 104.637695 5.517063 175.966095
v 97.266197 0.000000 181.782455
v 97.266197 1.876702 181.782455
v 104.637695 3.411474 179.330276
v 104.637695 0.000000 179.330276
v 97.266197 3.411474 179.330276
v 97.266197 0.000000 179.330276
v -142.027115 0.000000 266.969818
v -142.027115 1.876702 266.969818
v -142.027115 -0.000000 257.781616
v -142.027115 2.738906 257.781616
v -129.081589 -0.000000 257.781616
v -129.081589 2.738906 257.781616
v -142.027115 -0.000000 261.153473
v -142.027115 5.517063 261.153473
v -129.081589 -0.000000 261.153473
v -129.081589 5.517063 261.153473
v -136.453079 0.000000 266.969818
v -136.453079 1.876702 266.969818
v -129.081589 3.411474 264.517670
v -129.081589 0.000000 264.517670
v -136.453079 3.411474 264.517670
v -136.453079 0.000000 264.517670
v -97.819595 0.000000 268.606598
v -97.819595 1.876702 268.606598
v -97.819595 -0.000000 259.418365
v -97.819595 2.738906 259.418365
v -84.874062 -0.000000 259.418365
v -84.874062 2.738906 259.418365
v -97.819595 -0.000000 262.790222
v -97.819595 5.517063 262.790222
v -84.874062 -0.000000 262.790222
v -84.874062 5.517063 262.790222
v -92.245560 0.000000 268.606598
v -92.245560 1.876702 268.606598
v -84.874062 3.411474 266.154419
v -84.874062 0.000000 266.154419
v -92.245560 3.411474 266.154419
v -92.245560 0.000000 266.154419
v -121.565201 0.000000 267.914978
v -121.565201 1.876702 267.914978
v -121.565201 -0.000000 258.726776
v -121.565201 2.738906 258.726776
v -108.619667 -0.000000 258.726776
v -108.619667 2.738906 258.726776
v -121.565201 -0.000000 262.098633
v -121.565201 5.517063 262.098633
v -108.619667 -0.000000 262.098633
v -108.619667 5.517063 262.098633
v -115.991165 0.000000 267.914978
v -115.991165 1.876702 267.914978
v -108.619667 3.411474 265.462830
v -108.619667 0.000000 265.462830
v -115.991165 3.411474 265.462830
v -115.991165 0.000000 265.462830
v -82.543907 0.000000 268.609100
v -82.543907 1.876702 268.609100
v -82.543907 -0.000000 259.420868
v -82.543907 2.738906 259.420868
v -69.598373 -0.000000 259.420868
v -69.598373 2.738906 259.420868
v -82.543907 -0.000000 262.792725
v -82.543907 5.517063 262.792725
v -69.598373 -0.000000 262.792725
v -69.598373 5.517063 262.792725
v -76.969872 0.000000 268.609100
v -76.969872 1.876702 268.609100
v -69.598373 3.411474 266.156921
v -69.598373 0.000000 266.156921
v -76.969872 3.411474 266.156921
v -76.969872 0.000000 266.156921
v 16.475262 0.000000 435.961334
v 16.475262 1.876702 435.961334
v 16.475264 -0.000000 426.773132
v 16.475264 2.738906 426.773132
v 29.420795 -0.000000 426.773132
v 29.420795 2.738906 426.773132
v 16.475262 -0.000000 430.144989
v 16.475262 5.517063 430.144989
v 29.420794 -0.000000 430.144989
v 29.420794 5.517063 430.144989
v 22.049297 0.000000 435.961334
v 22.049297 1.876702 435.961334
v 29.420795 3.411474 433.509155
v 29.420795 0.000000 433.509155
v 22.049297 3.411474 433.509155
v 22.049297 0.000000 433.509155
v 60.682781 0.000000 437.598145
v 60.682781 1.876702 437.598145
v 60.682781 -0.000000 428.409912
v 60.682781 2.738906 428.409912
v 73.628311 -0.000000 428.409912
v 73.628311 2.738906 428.409912
v 60.682781 -0.000000 431.781769
v 60.682781 5.517063 431.781769
v 73.628311 -0.000000 431.781769
v 73.628311 5.517063 431.781769
v 66.256813 0.000000 437.598145
v 66.256813 1.876702 437.598145
v 73.628311 3.411474 435.145935
v 73.628311 0.000000 435.145935
v 66.256813 3.411474 435.145935
v 66.256813 0.000000 435.145935
v 36.937176 0.000000 436.906494
v 36.937176 1.876702 436.906494
v 36.937176 -0.000000 427.718262
v 36.937176 2.738906 427.718262
v 49.882706 -0.000000 427.718262
v 49.882706 2.738906 427.718262
v 36.937176 -0.000000 431.090118
v 36.937176 5.517063 431.090118
v 49.882706 -0.000000 431.090118
v 49.882706 5.517063 431.090118
v 42.511211 0.000000 436.906494
v 42.511211 1.876702 436.906494
v 49.882706 3.411474 434.454285
v 49.882706 0.000000 434.454285
v 42.511211 3.411474 434.454285
v 42.511211 0.000000 434.454285
v 75.958481 0.000000 437.600647
v 75.958481 1.876702 437.600647
v 75.958481 -0.000000 428.412445
v 75.958481 2.738906 428.412445
v 88.904015 -0.000000 428.412445
v 88.904015 2.738906 428.412445
v 75.958481 -0.000000 431.784302
v 75.958481 5.517063 431.784302
v 88.904015 -0.000000 431.784302
v 88.904015 5.517063 431.784302
v 81.532516 0.000000 437.600647
v 81.532516 1.876702 437.600647
v 88.904015 3.411474 435.148468
v 88.904015 0.000000 435.148468
v 81.532516 3.411474 435.148468
v 81.532516 0.000000 435.148468
v 153.999390 0.000000 383.515686
v 153.999390 1.876702 383.515686
v 153.999390 -0.000000 374.327454
v 153.999390 2.738906 374.327454
v 166.944916 -0.000000 374.327454
v 166.944916 2.738906 374.327454
v 153.999390 -0.000000 377.699341
v 153.999390 5.517063 377.699341
v 166.944916 -0.000000 377.699341
v 166.944916 5.517063 377.699341
v 159.573425 0.000000 383.515686
v 159.573425 1.876702 383.515686
v 166.944916 3.411474 381.063538
v 166.944916 0.000000 381.063538
v 159.573425 3.411474 381.063538
v 159.573425 0.000000 381.063538
v 198.206894 0.000000 385.152466
v 198.206894 1.876702 385.152466
v 198.206894 -0.000000 375.964233
v 198.206894 2.738906 375.964233
v 211.152435 -0.000000 375.964233
v 211.152435 2.738906 375.964233
v 198.206894 -0.000000 379.336090
v 198.206894 5.517063 379.336090
v 211.152405 -0.000000 379.336090
v 211.152405 5.517063 379.336090
v 203.780914 0.000000 385.152466
v 203.780914 1.876702 385.152466
v 211.152435 3.411474 382.700287
v 211.152435 0.000000 382.700287
v 203.780945 3.411474 382.700287
v 203.780945 0.000000 382.700287
v 174.461288 0.000000 384.460815
v 174.461288 1.876702 384.460815
v 174.461288 -0.000000 375.272583
v 174.461288 2.738906 375.272583
v 187.406830 -0.000000 375.272583
v 187.406830 2.738906 375.272583
v 174.461288 -0.000000 378.644440
v 174.461288 5.517063 378.644440
v 187.406830 -0.000000 378.644440
v 187.406830 5.517063 378.644440
v 180.035324 0.000000 384.460815
v 180.035324 1.876702 384.460815
v 187.406830 3.411474 382.008636
v 187.406830 0.000000 382.008636
v 180.035324 3.411474 382.008636
v 180.035324 0.000000 382.008636
v 213.482620 0.000000 385.154968
v 213.482620 1.876702 385.154968
v 213.482620 -0.000000 375.966736
v 213.482620 2.738906 375.966736
v 226.428146 -0.000000 375.966736
v 226.428146 2.738906 375.966736
v 213.482620 -0.000000 379.338593
v 213.482620 5.517063 379.338593
v 226.428131 -0.000000 379.338593
v 226.428131 5.517063 379.338593
v 219.056625 0.000000 385.154968
v 219.056625 1.876702 385.154968
v 226.428146 3.411474 382.702789
v 226.428146 0.000000 382.702789
v 219.056656 3.411474 382.702789
v 219.056656 0.000000 382.702789
v 230.095337 0.000000 425.153595
v 230.095337 1.876702 425.153595
v 230.280685 -0.000000 434.339966
v 230.280685 2.738906 434.339966
v 217.337769 -0.000000 434.601105
v 217.337769 2.738906 434.601105
v 230.212662 -0.000000 430.968750
v 230.212662 5.517063 430.968750
v 217.269760 -0.000000 431.229919
v 217.269760 5.517063 431.229919
v 224.522430 0.000000 425.266022
v 224.522430 1.876702 425.266022
v 217.201904 3.411474 427.866425
v 217.201904 0.000000 427.866425
v 224.571899 3.411474 427.717743
v 224.571899 0.000000 427.717743
v 185.863800 0.000000 424.408905
v 185.863800 1.876702 424.408905
v 186.049133 -0.000000 433.595276
v 186.049133 2.738906 433.595276
v 173.106247 -0.000000 433.856445
v 173.106247 2.738906 433.856445
v 185.981125 -0.000000 430.224091
v 185.981125 5.517063 430.224091
v 173.038223 -0.000000 430.485260
v 173.038223 5.517063 430.485260
v 180.290894 0.000000 424.521362
v 180.290894 1.876702 424.521362
v 172.970367 3.411474 427.121735
v 172.970367 0.000000 427.121735
v 180.340363 3.411474 426.973053
v 180.340363 0.000000 426.973053
v 209.618515 0.000000 424.621429
v 209.618515 1.876702 424.621429
v 209.803894 -0.000000 433.807800
v 209.803894 2.738906 433.807800
v 196.860977 -0.000000 434.068970
v 196.860977 2.738906 434.068970
v 209.735870 -0.000000 430.436615
v 209.735870 5.517063 430.436615
v 196.792953 -0.000000 430.697784
v 196.792953 5.517063 430.697784
v 204.045624 0.000000 424.733887
v 204.045624 1.876702 424.733887
v 196.725113 3.411474 427.334259
v 196.725113 0.000000 427.334259
v 204.095108 3.411474 427.185577
v 204.095108 0.000000 427.185577
v 170.591156 0.000000 424.714569
v 170.591156 1.876702 424.714569
v 170.776505 -0.000000 433.900940
v 170.776505 2.738906 433.900940
v 157.833603 -0.000000 434.162079
v 157.833603 2.738906 434.162079
v 170.708481 -0.000000 430.529724
v 170.708481 5.517063 430.529724
v 157.765579 -0.000000 430.790894
v 157.765579 5.517063 430.790894
v 165.018250 0.000000 424.826996
v 165.018250 1.876702 424.826996
v 157.697723 3.411474 427.427399
v 157.697723 0.000000 427.427399
v 165.067719 3.411474 427.278717
v 165.067719 0.000000 427.278717
v 393.259521 0.000000 339.492401
v 393.259521 1.876702 339.492401
v 393.444885 -0.000000 348.678741
v 393.444885 2.738906 348.678741
v 380.501984 -0.000000 348.939880
v 380.501984 2.738906 348.939880
v 393.376862 -0.000000 345.307556
v 393.376862 5.517063 345.307556
v 380.433960 -0.000000 345.568695
v 380.433960 5.517063 345.568695
v 387.686646 0.000000 339.604828
v 387.686646 1.876702 339.604828
v 380.366119 3.411474 342.205200
v 380.366119 0.000000 342.205200
v 387.736115 3.411474 342.056488
v 387.736115 0.000000 342.056488
v 349.028015 0.000000 338.747772
v 349.028015 1.876702 338.747772
v 349.213379 -0.000000 347.934113
v 349.213379 2.738906 347.934113
v 336.270477 -0.000000 348.195251
v 336.270477 2.738906 348.195251
v 349.145355 -0.000000 344.562927
v 349.145355 5.517063 344.562927
v 336.202454 -0.000000 344.824066
v 336.202454 5.517063 344.824066
v 343.455139 0.000000 338.860199
v 343.455139 1.876702 338.860199
v 336.134613 3.411474 341.460571
v 336.134613 0.000000 341.460571
v 343.504608 3.411474 341.311859
v 343.504608 0.000000 341.311859
v 372.782715 0.000000 338.960205
v 372.782715 1.876702 338.960205
v 372.968079 -0.000000 348.146545
v 372.968079 2.738906 348.146545
v 360.025177 -0.000000 348.407684
v 360.025177 2.738906 348.407684
v 372.900055 -0.000000 344.775391
v 372.900055 5.517063 344.775391
v 359.957153 -0.000000 345.036530
v 359.957153 5.517063 345.036530
v 367.209808 0.000000 339.072662
v 367.209808 1.876702 339.072662
v 359.889282 3.411474 341.673004
v 359.889282 0.000000 341.673004
v 367.259277 3.411474 341.524323
v 367.259277 0.000000 341.524323
v 333.755402 0.000000 339.053375
v 333.755402 1.876702 339.053375
v 333.940735 -0.000000 348.239716
v 333.940735 2.738906 348.239716
v 320.997833 -0.000000 348.500854
v 320.997833 2.738906 348.500854
v 333.872711 -0.000000 344.868530
v 333.872711 5.517063 344.868530
v 320.929810 -0.000000 345.129669
v 320.929810 5.517063 345.129669
v 328.182495 0.000000 339.165802
v 328.182495 1.876702 339.165802
v 320.861969 3.411474 341.766174
v 320.861969 0.000000 341.766174
v 328.231964 3.411474 341.617462
v 328.231964 0.000000 341.617462
v 252.239044 0.000000 331.334198
v 252.239044 1.876702 331.334198
v 252.424408 -0.000000 340.520538
v 252.424408 2.738906 340.520538
v 239.481491 -0.000000 340.781677
v 239.481491 2.738906 340.781677
v 252.356384 -0.000000 337.149353
v 252.356384 5.517063 337.149353
v 239.413483 -0.000000 337.410492
v 239.413483 5.517063 337.410492
v 246.666138 0.000000 331.446625
v 246.666138 1.876702 331.446625
v 239.345627 3.411474 334.046997
v 239.345627 0.000000 334.046997
v 246.715622 3.411474 333.898285
v 246.715622 0.000000 333.898285
v 208.007523 0.000000 330.589569
v 208.007523 1.876702 330.589569
v 208.192902 -0.000000 339.775909
v 208.192902 2.738906 339.775909
v 195.249985 -0.000000 340.037048
v 195.249985 2.738906 340.037048
v 208.124878 -0.000000 336.404724
v 208.124878 5.517063 336.404724
v 195.181961 -0.000000 336.665863
v 195.181961 5.517063 336.665863
v 202.434631 0.000000 330.701996
v 202.434631 1.876702 330.701996
v 195.114105 3.411474 333.302368
v 195.114105 0.000000 333.302368
v 202.484100 3.411474 333.153656
v 202.484100 0.000000 333.153656
v 231.762222 0.000000 330.802002
v 231.762222 1.876702 330.802002
v 231.947586 -0.000000 339.988342
v 231.947586 2.738906 339.988342
v 219.004684 -0.000000 340.249481
v 219.004684 2.738906 340.249481
v 231.879562 -0.000000 336.617188
v 231.879562 5.517063 336.617188
v 218.936661 -0.000000 336.878326
v 218.936661 5.517063 336.878326
v 226.189331 0.000000 330.914459
v 226.189331 1.876702 330.914459
v 218.868805 3.411474 333.514801
v 218.868805 0.000000 333.514801
v 226.238800 3.411474 333.366119
v 226.238800 0.000000 333.366119
v 192.734879 0.000000 330.895172
v 192.734879 1.876702 330.895172
v 192.920227 -0.000000 340.081512
v 192.920227 2.738906 340.081512
v 179.977341 -0.000000 340.342651
v 179.977341 2.738906 340.342651
v 192.852203 -0.000000 336.710327
v 192.852203 5.517063 336.710327
v 179.909317 -0.000000 336.971466
v 179.909317 5.517063 336.971466
v 187.161987 0.000000 331.007599
v 187.161987 1.876702 331.007599
v 179.841446 3.411474 333.607971
v 179.841446 0.000000 333.607971
v 187.211456 3.411474 333.459259
v 187.211456 0.000000 333.459259
v 417.151398 0.000000 180.990021
v 417.151398 1.876702 180.990021
v 417.336761 -0.000000 190.176361
v 417.336761 2.738906 190.176361
v 404.393860 -0.000000 190.437515
v 404.393860 2.738906 190.437515
v 417.268738 -0.000000 186.805206
v 417.268738 5.517063 186.805206
v 404.325867 -0.000000 187.066345
v 404.325867 5.517063 187.066345
v 411.578522 0.000000 181.102463
v 411.578522 1.876702 181.102463
v 404.257965 3.411474 183.702835
v 404.257965 0.000000 183.702835
v 411.627960 3.411474 183.554138
v 411.627960 0.000000 183.554138
v 372.919952 0.000000 180.245392
v 372.919952 1.876702 180.245392
v 373.105286 -0.000000 189.431732
v 373.105286 2.738906 189.431732
v 360.162384 -0.000000 189.692886
v 360.162384 2.738906 189.692886
v 373.037262 -0.000000 186.060577
v 373.037262 5.517063 186.060577
v 360.094360 -0.000000 186.321716
v 360.094360 5.517063 186.321716
v 367.347015 0.000000 180.357834
v 367.347015 1.876702 180.357834
v 360.026489 3.411474 182.958206
v 360.026489 0.000000 182.958206
v 367.396484 3.411474 182.809509
v 367.396484 0.000000 182.809509
v 396.674622 0.000000 180.457855
v 396.674622 1.876702 180.457855
v 396.859985 -0.000000 189.644211
v 396.859985 2.738906 189.644211
v 383.917084 -0.000000 189.905365
v 383.917084 2.738906 189.905365
v 396.791962 -0.000000 186.273041
v 396.791962 5.517063 186.273041
v 383.849060 -0.000000 186.534180
v 383.849060 5.517063 186.534180
v 391.101715 0.000000 180.570297
v 391.101715 1.876702 180.570297
v 383.781189 3.411474 183.170670
v 383.781189 0.000000 183.170670
v 391.151184 3.411474 183.021973
v 391.151184 0.000000 183.021973
v 357.647278 0.000000 180.550995
v 357.647278 1.876702 180.550995
v 357.832642 -0.000000 189.737350
v 357.832642 2.738906 189.737350
v 344.889740 -0.000000 189.998489
v 344.889740 2.738906 189.998489
v 357.764618 -0.000000 186.366180
v 357.764618 5.517063 186.366180
v 344.821716 -0.000000 186.627319
v 344.821716 5.517063 186.627319
v 352.074371 0.000000 180.663437
v 352.074371 1.876702 180.663437
v 344.753876 3.411474 183.263809
v 344.753876 0.000000 183.263809
v 352.123871 3.411474 183.115112
v 352.123871 0.000000 183.115112
v 234.757141 0.000000 228.773834
v 234.757141 1.876702 228.773834
v 234.942505 -0.000000 237.960175
v 234.942505 2.738906 237.960175
v 221.999603 -0.000000 238.221313
v 221.999603 2.738906 238.221313
v 234.874481 -0.000000 234.589005
v 234.874481 5.517063 234.589005
v 221.931580 -0.000000 234.850143
v 221.931580 5.517063 234.850143
v 229.184250 0.000000 228.886276
v 229.184250 1.876702 228.886276
v 221.863724 3.411474 231.486633
v 221.863724 0.000000 231.486633
v 229.233719 3.411474 231.337921
v 229.233719 0.000000 231.337921
v 190.525635 0.000000 228.029205
v 190.525635 1.876702 228.029205
v 190.710983 -0.000000 237.215546
v 190.710983 2.738906 237.215546
v 177.768082 -0.000000 237.476685
v 177.768082 2.738906 237.476685
v 190.642960 -0.000000 233.844376
v 190.642960 5.517063 233.844376
v 177.700073 -0.000000 234.105515
v 177.700073 5.517063 234.105515
v 184.952728 0.000000 228.141647
v 184.952728 1.876702 228.141647
v 177.632217 3.411474 230.742004
v 177.632217 0.000000 230.742004
v 185.002213 3.411474 230.593292
v 185.002213 0.000000 230.593292
v 214.280365 0.000000 228.241653
v 214.280365 1.876702 228.241653
v 214.465714 -0.000000 237.427994
v 214.465714 2.738906 237.427994
v 201.522797 -0.000000 237.689133
v 201.522797 2.738906 237.689133
v 214.397690 -0.000000 234.056824
v 214.397690 5.517063 234.056824
v 201.454788 -0.000000 234.317963
v 201.454788 5.517063 234.317963
v 208.707458 0.000000 228.354095
v 208.707458 1.876702 228.354095
v 201.386932 3.411474 230.954453
v 201.386932 0.000000 230.954453
v 208.756927 3.411474 230.805756
v 208.756927 0.000000 230.805756
v 175.252991 0.000000 228.334808
v 175.252991 1.876702 228.334808
v 175.438339 -0.000000 237.521149
v 175.438339 2.738906 237.521149
v 162.495453 -0.000000 237.782288
v 162.495453 2.738906 237.782288
v 175.370331 -0.000000 234.149979
v 175.370331 5.517063 234.149979
v 162.427429 -0.000000 234.411118
v 162.427429 5.517063 234.411118
v 169.680099 0.000000 228.447250
v 169.680099 1.876702 228.447250
v 162.359573 3.411474 231.047607
v 162.359573 0.000000 231.047607
v 169.729568 3.411474 230.898911
v 169.729568 0.000000 230.898911
v 97.233025 0.000000 227.025650
v 97.233025 1.876702 227.025650
v 97.418381 -0.000000 236.211990
v 97.418381 2.738906 236.211990
v 84.475479 -0.000000 236.473129
v 84.475479 2.738906 236.473129
v 97.350357 -0.000000 232.840820
v 97.350357 5.517063 232.840820
v 84.407463 -0.000000 233.101959
v 84.407463 5.517063 233.101959
v 91.660126 0.000000 227.138092
v 91.660126 1.876702 227.138092
v 84.339592 3.411474 229.738449
v 84.339592 0.000000 229.738449
v 91.709587 3.411474 229.589752
v 91.709587 0.000000 229.589752
v 53.001522 0.000000 226.281021
v 53.001522 1.876702 226.281021
v 53.186871 -0.000000 235.467361
v 53.186871 2.738906 235.467361
v 40.243973 -0.000000 235.728500
v 40.243973 2.738906 235.728500
v 53.118855 -0.000000 232.096191
v 53.118855 5.517063 232.096191
v 40.175957 -0.000000 232.357330
v 40.175957 5.517063 232.357330
v 47.428623 0.000000 226.393463
v 47.428623 1.876702 226.393463
v 40.108089 3.411474 228.993820
v 40.108089 0.000000 228.993820
v 47.478088 3.411474 228.845123
v 47.478088 0.000000 228.845123
v 76.756218 0.000000 226.493484
v 76.756218 1.876702 226.493484
v 76.941574 -0.000000 235.679810
v 76.941574 2.738906 235.679810
v 63.998676 -0.000000 235.940964
v 63.998676 2.738906 235.940964
v 76.873550 -0.000000 232.308655
v 76.873550 5.517063 232.308655
v 63.930656 -0.000000 232.569794
v 63.930656 5.517063 232.569794
v 71.183319 0.000000 226.605911
v 71.183319 1.876702 226.605911
v 63.862789 3.411474 229.206268
v 63.862789 0.000000 229.206268
v 71.232780 3.411474 229.057571
v 71.232780 0.000000 229.057571
v 37.728878 0.000000 226.586624
v 37.728878 1.876702 226.586624
v 37.914230 -0.000000 235.772964
v 37.914230 2.738906 235.772964
v 24.971331 -0.000000 236.034103
v 24.971331 2.738906 236.034103
v 37.846210 -0.000000 232.401794
v 37.846210 5.517063 232.401794
v 24.903313 -0.000000 232.662933
v 24.903313 5.517063 232.662933
v 32.155979 0.000000 226.699066
v 32.155979 1.876702 226.699066
v 24.835447 3.411474 229.299423
v 24.835447 0.000000 229.299423
v 32.205444 3.411474 229.150726
v 32.205444 0.000000 229.150726
v -65.348450 0.000000 228.191086
v -65.348450 1.876702 228.191086
v -65.163101 -0.000000 237.377426
v -65.163101 2.738906 237.377426
v -78.105995 -0.000000 237.638565
v -78.105995 2.738906 237.638565
v -65.231117 -0.000000 234.006256
v -65.231117 5.517063 234.006256
v -78.174019 -0.000000 234.267395
v -78.174019 5.517063 234.267395
v -70.921356 0.000000 228.303528
v -70.921356 1.876702 228.303528
v -78.241882 3.411474 230.903885
v -78.241882 0.000000 230.903885
v -70.871887 3.411474 230.755188
v -70.871887 0.000000 230.755188
v -109.579956 0.000000 227.446457
v -109.579956 1.876702 227.446457
v -109.394608 -0.000000 236.632797
v -109.394608 2.738906 236.632797
v -122.337509 -0.000000 236.893936
v -122.337509 2.738906 236.893936
v -109.462631 -0.000000 233.261627
v -109.462631 5.517063 233.261627
v -122.405533 -0.000000 233.522766
v -122.405533 5.517063 233.522766
v -115.152863 0.000000 227.558899
v -115.152863 1.876702 227.558899
v -122.473381 3.411474 230.159256
v -122.473381 0.000000 230.159256
v -115.103386 3.411474 230.010559
v -115.103386 0.000000 230.010559
v -85.825256 0.000000 227.658936
v -85.825256 1.876702 227.658936
v -85.639908 -0.000000 236.845276
v -85.639908 2.738906 236.845276
v -98.582802 -0.000000 237.106415
v -98.582802 2.738906 237.106415
v -85.707924 -0.000000 233.474106
v -85.707924 5.517063 233.474106
v -98.650826 -0.000000 233.735245
v -98.650826 5.517063 233.735245
v -91.398163 0.000000 227.771378
v -91.398163 1.876702 227.771378
v -98.718689 3.411474 230.371735
v -98.718689 0.000000 230.371735
v -91.348694 3.411474 230.223038
v -91.348694 0.000000 230.223038
v -124.852600 0.000000 227.752060
v -124.852600 1.876702 227.752060
v -124.667252 -0.000000 236.938400
v -124.667252 2.738906 236.938400
v -137.610153 -0.000000 237.199539
v -137.610153 2.738906 237.199539
v -124.735275 -0.000000 233.567230
v -124.735275 5.517063 233.567230
v -137.678177 -0.000000 233.828384
v -137.678177 5.517063 233.828384
v -130.425507 0.000000 227.864502
v -130.425507 1.876702 227.864502
v -137.746017 3.411474 230.464859
v -137.746017 0.000000 230.464859
v -130.376022 3.411474 230.316162
v -130.376022 0.000000 230.316162
v -68.844826 0.000000 310.355927
v -68.844826 1.876702 310.355927
v -68.659470 -0.000000 319.542267
v -68.659470 2.738906 319.542267
v -81.602371 -0.000000 319.803406
v -81.602371 2.738906 319.803406
v -68.727493 -0.000000 316.171112
v -68.727493 5.517063 316.171112
v -81.670395 -0.000000 316.432251
v -81.670395 5.517063 316.432251
v -74.417725 0.000000 310.468353
v -74.417725 1.876702 310.468353
v -81.738258 3.411474 313.068726
v -81.738258 0.000000 313.068726
v -74.368263 3.411474 312.920013
v -74.368263 0.000000 312.920013
v -113.076332 0.000000 309.611298
v -113.076332 1.876702 309.611298
v -112.890984 -0.000000 318.797638
v -112.890984 2.738906 318.797638
v -125.833878 -0.000000 319.058777
v -125.833878 2.738906 319.058777
v -112.959000 -0.000000 315.426483
v -112.959000 5.517063 315.426483
v -125.901901 -0.000000 315.687622
v -125.901901 5.517063 315.687622
v -118.649231 0.000000 309.723724
v -118.649231 1.876702 309.723724
v -125.969765 3.411474 312.324097
v -125.969765 0.000000 312.324097
v -118.599762 3.411474 312.175385
v -118.599762 0.000000 312.175385
v -89.321632 0.000000 309.823761
v -89.321632 1.876702 309.823761
v -89.136276 -0.000000 319.010101
v -89.136276 2.738906 319.010101
v -102.079178 -0.000000 319.271240
v -102.079178 2.738906 319.271240
v -89.204300 -0.000000 315.638916
v -89.204300 5.517063 315.638916
v -102.147202 -0.000000 315.900055
v -102.147202 5.517063 315.900055
v -94.894531 0.000000 309.936188
v -94.894531 1.876702 309.936188
v -102.215065 3.411474 312.536560
v -102.215065 0.000000 312.536560
v -94.845070 3.411474 312.387848
v -94.845070 0.000000 312.387848
v -128.348984 0.000000 309.916901
v -128.348984 1.876702 309.916901
v -128.163635 -0.000000 319.103241
v -128.163635 2.738906 319.103241
v -141.106537 -0.000000 319.364380
v -141.106537 2.738906 319.364380
v -128.231659 -0.000000 315.732086
v -128.231659 5.517063 315.732086
v -141.174561 -0.000000 315.993225
v -141.174561 5.517063 315.993225
v -133.921890 0.000000 310.029327
v -133.921890 1.876702 310.029327
v -141.242401 3.411474 312.629700
v -141.242401 0.000000 312.629700
v -133.872406 3.411474 312.480988
v -133.872406 0.000000 312.480988
v -281.890137 -0.000001 127.041664
v -281.890167 3.871479 127.041664
v -281.976929 -0.000001 115.984131
v -281.976929 3.871479 115.984131
v -261.327942 0.000001 126.880241
v -261.327942 3.871480 126.880241
v -261.414734 0.000001 115.822708
v -261.414734 3.871480 115.822708
v -281.933533 -0.000001 121.512894
v -281.933533 5.708928 121.512894
v -261.371338 0.000001 121.351479
v -261.371338 5.708930 121.351479
v -249.573059 -0.000001 82.218254
v -249.573090 3.871479 82.218254
v -249.659866 -0.000001 71.160728
v -249.659866 3.871479 71.160728
v -229.010864 0.000001 82.056839
v -229.010864 3.871480 82.056839
v -229.097672 0.000001 70.999313
v -229.097672 3.871480 70.999313
v -249.616486 -0.000001 76.689491
v -249.616486 5.708928 76.689491
v -229.054291 0.000001 76.528076
v -229.054291 5.708930 76.528076
v -245.722076 -0.000001 148.975800
v -245.722107 3.871479 148.975800
v -245.808884 -0.000001 137.918274
v -245.808884 3.871479 137.918274
v -225.159882 0.000001 148.814377
v -225.159882 3.871480 148.814377
v -225.246689 0.000001 137.756851
v -225.246689 3.871480 137.756851
v -245.765503 -0.000001 143.447037
v -245.765503 5.708928 143.447037
v -225.203293 0.000001 143.285614
v -225.203293 5.708930 143.285614
v -213.405029 -0.000001 104.152420
v -213.405029 3.871479 104.152420
v -213.491852 -0.000001 93.094894
v -213.491852 3.871479 93.094894
v -192.842850 0.000001 103.990997
v -192.842850 3.871480 103.990997
v -192.929657 0.000001 92.933479
v -192.929657 3.871480 92.933479
v -213.448456 -0.000001 98.623657
v -213.448456 5.708928 98.623657
v -192.886261 0.000001 98.462234
v -192.886261 5.708930 98.462234
v -205.494400 -0.000001 140.178238
v -205.494400 3.871479 140.178238
v -194.919983 -0.000001 136.944397
v -194.919983 3.871479 136.944397
v -199.480850 0.000001 159.842087
v -199.480850 3.871480 159.842087
v -188.906418 0.000001 156.608231
v -188.906418 3.871480 156.608231
v -200.207184 -0.000001 138.561325
v -200.207184 5.708928 138.561325
v -194.193634 0.000001 158.225174
v -194.193634 5.708930 158.225174
v -307.783722 -0.000001 154.379456
v -307.783722 3.871479 154.379456
v -297.209290 -0.000001 151.145599
v -297.209290 3.871479 151.145599
v -301.770172 0.000001 174.043304
v -301.770172 3.871480 174.043304
v -291.195740 0.000001 170.809448
v -291.195740 3.871480 170.809448
v -302.496490 -0.000001 152.762527
v -302.496490 5.708928 152.762527
v -296.482941 0.000001 172.426376
v -296.482941 5.708930 172.426376
v -189.077682 -0.500000 -3.142047
v -189.077682 0.500000 -3.142047
v -189.077682 -0.500000 -4.142046
v -189.077682 0.500000 -4.142046
v -188.077682 -0.500000 -3.142047
v -188.077682 0.500000 -3.142047
v -188.077682 -0.500000 -4.142046
v -188.077682 0.500000 -4.142046
v -255.610199 -0.000001 172.585236
v -255.610199 3.871479 172.585236
v -245.035767 -0.000001 169.351379
v -245.035767 3.871479 169.351379
v -249.596649 0.000001 192.249084
v -249.596649 3.871480 192.249084
v -239.022202 0.000001 189.015228
v -239.022202 3.871480 189.015228
v -250.322983 -0.000001 170.968323
v -250.322983 5.708928 170.968323
v -244.309418 0.000001 190.632172
v -244.309418 5.708930 190.632172
v -338.949036 -0.000001 -204.790314
v -338.949066 3.871479 -204.790314
v -339.035858 -0.000001 -215.847824
v -339.035858 3.871479 -215.847824
v -318.386841 0.000001 -204.951721
v -318.386841 3.871480 -204.951721
v -318.473663 0.000001 -216.009232
v -318.473663 3.871480 -216.009232
v -338.992462 -0.000001 -210.319061
v -338.992462 5.708928 -210.319061
v -318.430267 0.000001 -210.480469
v -318.430267 5.708930 -210.480469
v -306.631958 -0.000001 -249.613708
v -306.631989 3.871479 -249.613708
v -306.718781 -0.000001 -260.671234
v -306.718781 3.871479 -260.671234
v -286.069763 0.000001 -249.775116
v -286.069763 3.871480 -249.775116
v -286.156586 0.000001 -260.832642
v -286.156586 3.871480 -260.832642
v -306.675385 -0.000001 -255.142471
v -306.675385 5.708928 -255.142471
v -286.113190 0.000001 -255.303879
v -286.113190 5.708930 -255.303879
v -302.781006 -0.000001 -182.856155
v -302.781006 3.871479 -182.856155
v -302.867828 -0.000001 -193.913681
v -302.867828 3.871479 -193.913681
v -282.218811 0.000001 -183.017578
v -282.218811 3.871480 -183.017578
v -282.305634 0.000001 -194.075104
v -282.305634 3.871480 -194.075104
v -302.824432 -0.000001 -188.384933
v -302.824432 5.708928 -188.384933
v -282.262238 0.000001 -188.546341
v -282.262238 5.708930 -188.546341
v -270.463928 -0.000001 -227.679565
v -270.463928 3.871479 -227.679565
v -270.550751 -0.000001 -238.737076
v -270.550751 3.871479 -238.737076
v -249.901749 0.000001 -227.840973
v -249.901749 3.871480 -227.840973
v -249.988556 0.000001 -238.898499
v -249.988556 3.871480 -238.898499
v -270.507355 -0.000001 -233.208328
v -270.507355 5.708928 -233.208328
v -249.945160 0.000001 -233.369736
v -249.945160 5.708930 -233.369736
v -262.553314 -0.000001 -191.653717
v -262.553314 3.871479 -191.653717
v -251.978882 -0.000001 -194.887573
v -251.978882 3.871479 -194.887573
v -256.539764 0.000001 -171.989868
v -256.539764 3.871480 -171.989868
v -245.965317 0.000001 -175.223724
v -245.965317 3.871480 -175.223724
v -257.266083 -0.000001 -193.270630
v -257.266083 5.708928 -193.270630
v -251.252533 0.000001 -173.606796
v -251.252533 5.708930 -173.606796
v -364.842621 -0.000001 -177.452515
v -364.842621 3.871479 -177.452515
v -354.268188 -0.000001 -180.686371
v -354.268188 3.871479 -180.686371
v -358.829071 0.000001 -157.788666
v -358.829071 3.871480 -157.788666
v -348.254639 0.000001 -161.022522
v -348.254639 3.871480 -161.022522
v -359.555420 -0.000001 -179.069443
v -359.555420 5.708928 -179.069443
v -353.541840 0.000001 -159.405594
v -353.541840 5.708930 -159.405594
v -246.136597 -0.500000 -334.973999
v -246.136597 0.500000 -334.973999
v -246.136597 -0.500000 -335.974030
v -246.136597 0.500000 -335.974030
v -245.136597 -0.500000 -334.973999
v -245.136597 0.500000 -334.973999
v -245.136597 -0.500000 -335.974030
v -245.136597 0.500000 -335.974030
v -312.669098 -0.000001 -159.246719
v -312.669098 3.871479 -159.246719
v -302.094666 -0.000001 -162.480576
v -302.094666 3.871479 -162.480576
v -306.655548 0.000001 -139.582870
v -306.655548 3.871480 -139.582870
v -296.081116 0.000001 -142.816727
v -296.081116 3.871480 -142.816727
v -307.381897 -0.000001 -160.863632
v -307.381897 5.708928 -160.863632
v -301.368347 0.000001 -141.199799
v -301.368347 5.708930 -141.199799
v -402.482758 -0.000001 -33.613567
v -402.482758 3.871479 -33.613567
v -402.569519 -0.000001 -44.671089
v -402.569519 3.871479 -44.671089
v -381.920532 0.000001 -33.774982
v -381.920532 3.871480 -33.774982
v -382.007324 0.000001 -44.832508
v -382.007324 3.871480 -44.832508
v -402.526154 -0.000001 -39.142330
v -402.526154 5.708928 -39.142330
v -381.963959 0.000001 -39.303745
v -381.963959 5.708930 -39.303745
v -370.165680 -0.000001 -78.436958
v -370.165680 3.871479 -78.436958
v -370.252502 -0.000001 -89.494484
v -370.252502 3.871479 -89.494484
v -349.603485 0.000001 -78.598373
v -349.603485 3.871480 -78.598373
v -349.690308 0.000001 -89.655899
v -349.690308 3.871480 -89.655899
v -370.209106 -0.000001 -83.965721
v -370.209106 5.708928 -83.965721
v -349.646912 0.000001 -84.127136
v -349.646912 5.708930 -84.127136
v -366.314697 -0.000001 -11.679424
v -366.314697 3.871479 -11.679424
v -366.401520 -0.000001 -22.736948
v -366.401520 3.871479 -22.736948
v -345.752502 0.000001 -11.840842
v -345.752502 3.871480 -11.840842
v -345.839294 0.000001 -22.898365
v -345.839294 3.871480 -22.898365
v -366.358124 -0.000001 -17.208185
v -366.358124 5.708928 -17.208185
v -345.795929 0.000001 -17.369604
v -345.795929 5.708930 -17.369604
v -333.997620 -0.000001 -56.502819
v -333.997620 3.871479 -56.502819
v -334.084442 -0.000001 -67.560349
v -334.084442 3.871479 -67.560349
v -313.435425 0.000001 -56.664234
v -313.435425 3.871480 -56.664234
v -313.522247 0.000001 -67.721764
v -313.522247 3.871480 -67.721764
v -334.041046 -0.000001 -62.031578
v -334.041046 5.708928 -62.031578
v -313.478851 0.000001 -62.193001
v -313.478851 5.708930 -62.193001
v -326.087006 -0.000001 -20.476978
v -326.087006 3.871479 -20.476978
v -315.512573 -0.000001 -23.710829
v -315.512573 3.871479 -23.710829
v -320.073425 0.000001 -0.813129
v -320.073425 3.871480 -0.813129
v -309.498993 0.000001 -4.046978
v -309.498993 3.871480 -4.046979
v -320.799774 -0.000001 -22.093904
v -320.799774 5.708928 -22.093904
v -314.786224 0.000001 -2.430053
v -314.786224 5.708930 -2.430054
v -428.376343 -0.000001 -6.275777
v -428.376343 3.871479 -6.275777
v -417.801910 -0.000001 -9.509626
v -417.801910 3.871479 -9.509627
v -422.362762 0.000001 13.388073
v -422.362762 3.871480 13.388073
v -411.788330 0.000001 10.154224
v -411.788330 3.871480 10.154223
v -423.089111 -0.000001 -7.892703
v -423.089111 5.708928 -7.892703
v -417.075531 0.000001 11.771150
v -417.075531 5.708930 11.771149
v -309.670288 -0.500000 -163.797272
v -309.670288 0.500000 -163.797272
v -309.670288 -0.500000 -164.797272
v -309.670288 0.500000 -164.797272
v -308.670288 -0.500000 -163.797272
v -308.670288 0.500000 -163.797272
v -308.670288 -0.500000 -164.797272
v -308.670288 0.500000 -164.797272
v -376.202789 -0.000001 11.930017
v -376.202789 3.871479 11.930017
v -365.628357 -0.000001 8.696168
v -365.628357 3.871479 8.696167
v -370.189240 0.000001 31.593868
v -370.189240 3.871480 31.593868
v -359.614807 0.000001 28.360018
v -359.614807 3.871480 28.360018
v -370.915588 -0.000001 10.313092
v -370.915588 5.708928 10.313092
v -364.902008 0.000001 29.976944
v -364.902008 5.708930 29.976944
v -191.243347 -0.000001 -360.184784
v -191.243347 3.871479 -360.184784
v -191.330154 -0.000001 -371.242310
v -191.330154 3.871479 -371.242310
v -170.681152 0.000001 -360.346191
v -170.681152 3.871480 -360.346191
v -170.767944 0.000001 -371.403717
v -170.767944 3.871480 -371.403717
v -191.286758 -0.000001 -365.713562
v -191.286758 5.708928 -365.713562
v -170.724564 0.000001 -365.874969
v -170.724564 5.708930 -365.874969
v -158.926315 -0.000001 -405.008209
v -158.926315 3.871479 -405.008209
v -159.013123 -0.000001 -416.065735
v -159.013123 3.871479 -416.065735
v -138.364105 0.000001 -405.169617
v -138.364105 3.871480 -405.169617
v -138.450912 0.000001 -416.227142
v -138.450912 3.871480 -416.227142
v -158.969711 -0.000001 -410.536957
v -158.969711 5.708928 -410.536957
v -138.407516 0.000001 -410.698425
v -138.407516 5.708930 -410.698425
v -155.075317 -0.000001 -338.250641
v -155.075317 3.871479 -338.250641
v -155.162125 -0.000001 -349.308167
v -155.162125 3.871479 -349.308167
v -134.513123 0.000001 -338.412048
v -134.513123 3.871480 -338.412048
v -134.599930 0.000001 -349.469574
v -134.599930 3.871480 -349.469574
v -155.118729 -0.000001 -343.779388
v -155.118729 5.708928 -343.779388
v -134.556534 0.000001 -343.940796
v -134.556534 5.708930 -343.940796
v -122.758278 -0.000001 -383.074066
v -122.758278 3.871479 -383.074066
v -122.845093 -0.000001 -394.131592
v -122.845093 3.871479 -394.131592
v -102.196083 0.000001 -383.235474
v -102.196083 3.871480 -383.235474
v -102.282883 0.000001 -394.292999
v -102.282883 3.871480 -394.292999
v -122.801682 -0.000001 -388.602844
v -122.801682 5.708928 -388.602844
v -102.239487 0.000001 -388.764252
v -102.239487 5.708930 -388.764252
v -114.847633 -0.000001 -347.048187
v -114.847633 3.871479 -347.048187
v -104.273209 -0.000001 -350.282043
v -104.273209 3.871479 -350.282043
v -108.834076 0.000001 -327.384338
v -108.834076 3.871480 -327.384338
v -98.259651 0.000001 -330.618195
v -98.259651 3.871480 -330.618195
v -109.560432 -0.000001 -348.665131
v -109.560432 5.708928 -348.665131
v -103.546867 0.000001 -329.001282
v -103.546867 5.708930 -329.001282
v -217.136932 -0.000001 -332.846985
v -217.136932 3.871479 -332.846985
v -206.562500 -0.000001 -336.080841
v -206.562500 3.871479 -336.080841
v -211.123367 0.000001 -313.183136
v -211.123367 3.871480 -313.183136
v -200.548935 0.000001 -316.416992
v -200.548935 3.871480 -316.416992
v -211.849716 -0.000001 -334.463898
v -211.849716 5.708928 -334.463898
v -205.836151 0.000001 -314.800079
v -205.836151 5.708930 -314.800079
v -98.430893 -0.500000 -490.368469
v -98.430893 0.500000 -490.368469
v -98.430893 -0.500000 -491.368469
v -98.430893 0.500000 -491.368469
v -97.430893 -0.500000 -490.368469
v -97.430893 0.500000 -490.368469
v -97.430885 -0.500000 -491.368469
v -97.430885 0.500000 -491.368469
v -164.963409 -0.000001 -314.641174
v -164.963409 3.871479 -314.641174
v -154.388992 -0.000001 -317.875031
v -154.388992 3.871479 -317.875031
v -158.949860 0.000001 -294.977325
v -158.949860 3.871480 -294.977325
v -148.375427 0.000001 -298.211182
v -148.375427 3.871480 -298.211182
v -159.676208 -0.000001 -316.258087
v -159.676208 5.708928 -316.258087
v -153.662643 0.000001 -296.594269
v -153.662643 5.708930 -296.594269
v -37.872234 -0.000001 -285.724945
v -37.872234 3.871479 -285.724945
v -37.959038 -0.000001 -296.782471
v -37.959038 3.871479 -296.782471
v -17.310038 0.000001 -285.886353
v -17.310038 3.871480 -285.886353
v -17.396841 0.000001 -296.943878
v -17.396841 3.871480 -296.943878
v -37.915634 -0.000001 -291.253723
v -37.915634 5.708928 -291.253723
v -17.353439 0.000001 -291.415131
v -17.353439 5.708930 -291.415131
v -5.555186 -0.000001 -330.548370
v -5.555187 3.871479 -330.548370
v -5.641990 -0.000001 -341.605865
v -5.641990 3.871479 -341.605865
v 15.007010 0.000001 -330.709778
v 15.007010 3.871480 -330.709778
v 14.920206 0.000001 -341.767273
v 14.920206 3.871480 -341.767273
v -5.598588 -0.000001 -336.077118
v -5.598588 5.708928 -336.077118
v 14.963609 0.000001 -336.238525
v 14.963608 5.708930 -336.238525
v -1.704203 -0.000001 -263.790802
v -1.704204 3.871479 -263.790802
v -1.791007 -0.000001 -274.848328
v -1.791007 3.871479 -274.848328
v 18.857994 0.000001 -263.952209
v 18.857992 3.871480 -263.952209
v 18.771189 0.000001 -275.009735
v 18.771189 3.871480 -275.009735
v -1.747605 -0.000001 -269.319550
v -1.747606 5.708928 -269.319550
v 18.814590 0.000001 -269.480957
v 18.814590 5.708930 -269.480957
v 30.612841 -0.000001 -308.614227
v 30.612841 3.871479 -308.614227
v 30.526039 -0.000001 -319.671753
v 30.526039 3.871479 -319.671753
v 51.175041 0.000001 -308.775635
v 51.175041 3.871480 -308.775635
v 51.088238 0.000001 -319.833160
v 51.088238 3.871480 -319.833160
v 30.569441 -0.000001 -314.143005
v 30.569441 5.708928 -314.143005
v 51.131638 0.000001 -314.304413
v 51.131638 5.708930 -314.304413
v 38.523483 -0.000001 -272.588348
v 38.523483 3.871479 -272.588348
v 49.097912 -0.000001 -275.822174
v 49.097912 3.871479 -275.822174
v 44.537041 0.000001 -252.924484
v 44.537041 3.871480 -252.924484
v 55.111473 0.000001 -256.158325
v 55.111473 3.871480 -256.158325
v 43.810699 -0.000001 -274.205261
v 43.810699 5.708928 -274.205261
v 49.824257 0.000001 -254.541428
v 49.824257 5.708930 -254.541428
v -63.765823 -0.000001 -258.387146
v -63.765823 3.871479 -258.387146
v -53.191395 -0.000001 -261.621002
v -53.191395 3.871479 -261.621002
v -57.752262 0.000001 -238.723297
v -57.752262 3.871480 -238.723297
v -47.177834 0.000001 -241.957138
v -47.177834 3.871480 -241.957138
v -58.478607 -0.000001 -260.004059
v -58.478607 5.708928 -260.004059
v -52.465046 0.000001 -240.340240
v -52.465046 5.708930 -240.340240
v 54.940216 -0.500000 -415.908630
v 54.940216 0.500000 -415.908630
v 54.940216 -0.500000 -416.908630
v 54.940216 0.500000 -416.908630
v 55.940216 -0.500000 -415.908630
v 55.940216 0.500000 -415.908630
v 55.940228 -0.500000 -416.908630
v 55.940228 0.500000 -416.908630
v -11.592299 -0.000001 -240.181351
v -11.592299 3.871479 -240.181351
v -1.017869 -0.000001 -243.415192
v -1.017869 3.871479 -243.415192
v -5.578741 0.000001 -220.517487
v -5.578741 3.871480 -220.517487
v 4.995690 0.000001 -223.751328
v 4.995690 3.871480 -223.751328
v -6.305084 -0.000001 -241.798264
v -6.305084 5.708928 -241.798264
v -0.291526 0.000001 -222.134430
v -0.291526 5.708930 -222.134430
v -37.873997 76.980789 -144.151581
v -6.694098 76.980789 -155.786377
v -37.873997 76.980789 -170.971802
v -6.694098 76.980789 -170.971802
v -6.694098 76.980789 -153.448029
v -20.557241 76.980789 -144.151581
v -20.557241 76.980789 -153.448029
v -37.873997 76.980789 -155.786377
v -20.557241 76.980789 -155.786377
v -28.551346 76.980789 -153.448029
v -28.551346 76.980789 -155.786377
v -20.557241 76.980789 -162.252792
v -28.551346 76.980789 -162.252792
v -20.557241 86.595009 -155.786377
v -28.551346 86.595009 -155.786377
v -20.557241 86.595009 -162.252792
v -28.551346 86.595009 -162.252792
v -37.873997 0.000001 -144.151566
v -6.694098 0.000000 -155.786377
v -37.873997 -0.000001 -170.971786
v -6.694098 -0.000001 -170.971786
v -6.694098 0.000000 -153.448029
v -20.557241 0.000001 -144.151566
v -20.557241 0.000000 -153.448029
v -37.873997 0.000000 -155.786377
v -84.309074 76.980789 -175.419434
v -53.129173 76.980789 -187.054214
v -84.309074 76.980789 -202.239639
v -53.129173 76.980789 -202.239639
v -53.129173 76.980789 -184.715881
v -66.992317 76.980789 -175.419434
v -66.992317 76.980789 -184.715881
v -84.309074 76.980789 -187.054214
v -66.992317 76.980789 -187.054214
v -74.986420 76.980789 -184.715881
v -74.986420 76.980789 -187.054214
v -66.992317 76.980789 -193.520645
v -74.986420 76.980789 -193.520645
v -66.992317 86.595009 -187.054214
v -74.986420 86.595009 -187.054214
v -66.992317 86.595009 -193.520645
v -74.986420 86.595009 -193.520645
v -84.309074 0.000001 -175.419418
v -53.129173 0.000000 -187.054214
v -84.309074 -0.000001 -202.239639
v -53.129173 -0.000001 -202.239639
v -53.129173 0.000000 -184.715881
v -66.992317 0.000001 -175.419418
v -66.992317 0.000000 -184.715881
v -84.309074 0.000000 -187.054214
v -114.643539 76.980789 -130.384399
v -83.463638 76.980789 -142.019196
v -114.643539 76.980789 -157.204620
v -83.463638 76.980789 -157.204620
v -83.463638 76.980789 -139.680847
v -97.326782 76.980789 -130.384399
v -97.326782 76.980789 -139.680847
v -114.643539 76.980789 -142.019196
v -97.326782 76.980789 -142.019196
v -105.320892 76.980789 -139.680847
v -105.320892 76.980789 -142.019196
v -97.326782 76.980789 -148.485611
v -105.320892 76.980789 -148.485611
v -97.326782 86.595009 -142.019196
v -105.320892 86.595009 -142.019196
v -97.326782 86.595009 -148.485611
v -105.320892 86.595009 -148.485611
v -114.643539 0.000001 -130.384384
v -83.463638 0.000000 -142.019196
v -114.643539 -0.000001 -157.204605
v -83.463638 -0.000001 -157.204605
v -83.463638 0.000000 -139.680847
v -97.326782 0.000001 -130.384384
v -97.326782 0.000000 -139.680847
v -114.643539 0.000000 -142.019196
v -187.006729 61.361057 14.474366
v -162.153366 61.361057 5.200317
v -187.006729 61.361057 -6.903916
v -162.153366 61.361057 -6.903916
v -162.153366 61.361057 7.064196
v -173.203613 61.361057 14.474366
v -173.203613 61.361057 7.064196
v -187.006729 61.361057 5.200317
v -173.203613 61.361057 5.200317
v -179.575684 61.361057 7.064196
v -179.575684 61.361057 5.200317
v -173.203613 61.361057 0.045964
v -179.575684 61.361057 0.045964
v -173.203613 69.024513 5.200317
v -179.575684 69.024513 5.200317
v -173.203613 69.024513 0.045963
v -179.575684 69.024513 0.045963
v -187.006729 0.000001 14.474371
v -162.153366 0.000000 5.200322
v -187.006729 -0.000001 -6.903912
v -162.153366 -0.000001 -6.903912
v -162.153366 0.000000 7.064201
v -173.203613 0.000001 14.474371
v -173.203613 0.000000 7.064201
v -187.006729 0.000000 5.200322
v -224.019913 61.361057 -10.449092
v -199.166565 61.361057 -19.723141
v -224.019913 61.361057 -31.827375
v -199.166565 61.361057 -31.827375
v -199.166565 61.361057 -17.859262
v -210.216812 61.361057 -10.449092
v -210.216812 61.361057 -17.859262
v -224.019913 61.361057 -19.723141
v -210.216812 61.361057 -19.723141
v -216.588882 61.361057 -17.859262
v -216.588882 61.361057 -19.723141
v -210.216812 61.361057 -24.877495
v -216.588882 61.361057 -24.877495
v -210.216812 69.024513 -19.723141
v -216.588882 69.024513 -19.723141
v -210.216812 69.024513 -24.877495
v -216.588882 69.024513 -24.877495
v -224.019913 0.000001 -10.449087
v -199.166565 0.000000 -19.723137
v -224.019913 -0.000001 -31.827370
v -199.166565 -0.000001 -31.827370
v -199.166565 0.000000 -17.859259
v -210.216812 0.000001 -10.449087
v -210.216812 0.000000 -17.859259
v -224.019913 0.000000 -19.723137
v -248.199417 61.361057 25.448126
v -223.346039 61.361057 16.174078
v -248.199417 61.361057 4.069845
v -223.346039 61.361057 4.069845
v -223.346039 61.361057 18.037956
v -234.396286 61.361057 25.448126
v -234.396286 61.361057 18.037956
v -248.199417 61.361057 16.174078
v -234.396286 61.361057 16.174078
v -240.768356 61.361057 18.037956
v -240.768356 61.361057 16.174078
v -234.396286 61.361057 11.019725
v -240.768356 61.361057 11.019725
v -234.396286 69.024513 16.174078
v -240.768356 69.024513 16.174078
v -234.396286 69.024513 11.019724
v -240.768356 69.024513 11.019724
v -248.199417 0.000001 25.448132
v -223.346039 0.000000 16.174082
v -248.199417 -0.000001 4.069849
v -223.346039 -0.000001 4.069849
v -223.346039 0.000000 18.037962
v -234.396286 0.000001 25.448132
v -234.396286 0.000000 18.037962
v -248.199417 0.000000 16.174082
v -173.924286 43.540878 -195.226410
v -156.288727 43.540878 -201.807144
v -173.924286 43.540878 -210.396118
v -156.288727 43.540878 -210.396118
v -156.288727 43.540878 -200.484558
v -164.129822 43.540878 -195.226410
v -164.129822 43.540878 -200.484558
v -173.924286 43.540878 -201.807144
v -164.129822 43.540878 -201.807144
v -168.651337 43.540878 -200.484558
v -168.651337 43.540878 -201.807144
v -164.129822 43.540878 -205.464584
v -168.651337 43.540878 -205.464584
v -164.129822 48.978748 -201.807144
v -168.651337 48.978748 -201.807144
v -164.129822 48.978748 -205.464584
v -168.651337 48.978748 -205.464584
v -173.924286 0.000001 -195.226410
v -156.288727 0.000000 -201.807144
v -173.924286 -0.000001 -210.396103
v -156.288727 -0.000001 -210.396103
v -156.288727 0.000000 -200.484543
v -164.129822 0.000001 -195.226410
v -164.129822 0.000000 -200.484543
v -173.924286 0.000000 -201.807144
v -200.188278 43.540878 -212.911728
v -182.552719 43.540878 -219.492462
v -200.188278 43.540878 -228.081436
v -182.552719 43.540878 -228.081436
v -182.552719 43.540878 -218.169876
v -190.393814 43.540878 -212.911728
v -190.393814 43.540878 -218.169876
v -200.188278 43.540878 -219.492462
v -190.393814 43.540878 -219.492462
v -194.915329 43.540878 -218.169876
v -194.915329 43.540878 -219.492462
v -190.393814 43.540878 -223.149902
v -194.915329 43.540878 -223.149902
v -190.393814 48.978748 -219.492462
v -194.915329 48.978748 -219.492462
v -190.393814 48.978748 -223.149902
v -194.915329 48.978748 -223.149902
v -200.188278 0.000001 -212.911728
v -182.552719 0.000000 -219.492462
v -200.188278 -0.000001 -228.081421
v -182.552719 -0.000001 -228.081421
v -182.552719 0.000000 -218.169861
v -190.393814 0.000001 -212.911728
v -190.393814 0.000000 -218.169861
v -200.188278 0.000000 -219.492462
v -217.345688 43.540878 -187.439606
v -199.710114 43.540878 -194.020325
v -217.345688 43.540878 -202.609329
v -199.710114 43.540878 -202.609329
v -199.710114 43.540878 -192.697754
v -207.551224 43.540878 -187.439606
v -207.551224 43.540878 -192.697754
v -217.345688 43.540878 -194.020325
v -207.551224 43.540878 -194.020325
v -212.072723 43.540878 -192.697754
v -212.072723 43.540878 -194.020325
v -207.551224 43.540878 -197.677795
v -212.072723 43.540878 -197.677795
v -207.551224 48.978748 -194.020325
v -212.072723 48.978748 -194.020325
v -207.551224 48.978748 -197.677795
v -212.072723 48.978748 -197.677795
v -217.345688 0.000001 -187.439606
v -199.710114 0.000000 -194.020325
v -217.345688 -0.000001 -202.609299
v -199.710114 -0.000001 -202.609299
v -199.710114 0.000000 -192.697754
v -207.551224 0.000001 -187.439606
v -207.551224 0.000000 -192.697754
v -217.345688 0.000000 -194.020325
vn -0.0000 1.0000 -0.0000
vn -1.0000 -0.0000 0.0078
vn -0.0079 -0.0000 -1.0000
vn 1.0000 -0.0000 -0.0078
vn 0.0079 -0.0000 1.0000
vn 0.0025 0.9490 0.3154
vn -0.0025 0.9490 -0.3154
vn 1.0000 -0.0000 -0.0079
vn -1.0000 -0.0000 -0.0000
vn -0.0000 -0.0000 1.0000
vn -0.0000 0.8477 0.5305
vn -0.0000 0.7718 -0.6359
vn 1.0000 -0.0000 -0.0000
vn -0.0000 -0.0000 -1.0000
vn 0.9992 -0.0000 0.0390
vn 0.0390 -0.0000 -0.9992
vn 0.0207 0.8477 -0.5301
vn -0.0248 0.7718 0.6354
vn -0.9992 -0.0000 -0.0390
vn -0.0390 -0.0000 0.9992
vn -0.2957 -0.0000 -0.9553
vn -0.9553 -0.0000 0.2957
vn -0.5068 0.8477 0.1569
vn 0.6075 0.7718 -0.1880
vn 0.2957 -0.0000 0.9553
vn 0.9553 -0.0000 -0.2957
vn -1.0000 -0.0000 0.0079
vn -0.0078 -0.0000 -1.0000
vn 0.0078 -0.0000 1.0000
vn -0.2924 -0.0000 -0.9563
vn 0.9563 -0.0000 -0.2924
vn 0.2924 -0.0000 0.9563
vn -0.9563 -0.0000 0.2924
vn -0.3016 0.9490 0.0922
vn 0.3016 0.9490 -0.0922
vn 0.3015 -0.0000 -0.9535
vn -0.9535 -0.0000 -0.3015
vn -0.5058 0.8477 -0.1600
vn 0.6063 0.7718 0.1917
vn -0.3015 -0.0000 0.9535
vn 0.9535 -0.0000 0.3015
vn 0.2838 -0.0000 -0.9589
vn -0.9589 -0.0000 -0.2838
vn -0.5087 0.8477 -0.1506
vn 0.6097 0.7718 0.1805
vn -0.2838 -0.0000 0.9589
vn 0.9589 -0.0000 0.2838
vn 0.0411 -0.0000 -0.9992
vn -0.9992 -0.0000 -0.0411
vn -0.5301 0.8477 -0.0218
vn 0.6354 0.7718 0.0261
vn -0.0411 -0.0000 0.9992
vn 0.9992 -0.0000 0.0411
vn 0.9998 -0.0000 -0.0202
vn -0.0202 -0.0000 -0.9998
vn -0.0107 0.8477 -0.5304
vn 0.0128 0.7718 0.6358
vn -0.9998 -0.0000 0.0202
vn 0.0202 -0.0000 0.9998
vn 0.2925 -0.0000 0.9563
vn -0.0000 -1.0000 -0.0000
vn -0.2925 -0.0000 -0.9563
vt 0.000000 0.000000
vt 1.000000 0.000000
vt 1.000000 1.000000
vt 0.000000 1.000000
vt 0.350553 0.957216
vt 0.350553 0.963390
vt 0.344574 0.961403
vt 0.344574 0.957216
vt 0.353736 0.952493
vt 0.353736 0.956680
vt 0.331500 0.956680
vt 0.331500 0.952493
vt 0.350553 0.964140
vt 0.350553 0.970313
vt 0.344574 0.968326
vt 0.344574 0.964140
vt 0.353736 0.979928
vt 0.353736 0.984114
vt 0.331500 0.984114
vt 0.331500 0.979928
vt 0.337800 0.957216
vt 0.337800 0.979453
vt 0.331500 0.979453
vt 0.331500 0.957216
vt 0.344101 0.957216
vt 0.344101 0.979453
vt 0.356532 0.964140
vt 0.356532 0.968326
vt 0.356532 0.957216
vt 0.356532 0.961403
vt 0.213155 0.723099
vt 0.213155 0.732344
vt 0.207504 0.727688
vt 0.207504 0.723099
vt 0.226686 0.711074
vt 0.226686 0.714219
vt 0.217345 0.714219
vt 0.217345 0.711074
vt 0.216845 0.715922
vt 0.207504 0.722573
vt 0.207504 0.711075
vt 0.216845 0.711075
vt 0.207504 0.703218
vt 0.229198 0.703218
vt 0.229198 0.710539
vt 0.207504 0.710539
vt 0.240987 0.703218
vt 0.240987 0.707808
vt 0.235336 0.712463
vt 0.235336 0.703218
vt 0.240808 0.729316
vt 0.240808 0.733906
vt 0.219114 0.733906
vt 0.219114 0.729316
vt 0.229198 0.722573
vt 0.229198 0.715922
vt 0.222902 0.723099
vt 0.222902 0.726244
vt 0.229698 0.708935
vt 0.229698 0.703218
vt 0.227593 0.714219
vt 0.227593 0.711074
vt 0.231702 0.711074
vt 0.231702 0.716791
vt 0.223402 0.728816
vt 0.223402 0.723099
vt 0.235755 0.723099
vt 0.235755 0.728816
vt 0.391749 0.974291
vt 0.387431 0.974291
vt 0.387431 0.952402
vt 0.391749 0.952402
vt 0.392414 0.977530
vt 0.392414 0.979803
vt 0.391749 0.979803
vt 0.391749 0.977530
vt 0.395057 0.974879
vt 0.395057 0.979803
vt 0.389911 0.977530
vt 0.389911 0.979803
vt 0.387431 0.983745
vt 0.387431 0.974879
vt 0.392414 0.983745
vt 0.391749 0.983745
vt 0.410504 0.952402
vt 0.415428 0.952402
vt 0.415428 0.974291
vt 0.410504 0.974291
vt 0.391749 0.974879
vt 0.395590 0.974879
vt 0.397863 0.974879
vt 0.397863 0.977613
vt 0.395590 0.977613
vt 0.403573 0.977152
vt 0.403573 0.974879
vt 0.405412 0.974879
vt 0.405412 0.977152
vt 0.398396 0.974879
vt 0.400669 0.974879
vt 0.400669 0.977613
vt 0.398396 0.977613
vt 0.401202 0.974879
vt 0.403040 0.974879
vt 0.403040 0.977613
vt 0.401202 0.977613
vt 0.405945 0.974879
vt 0.407783 0.974879
vt 0.407783 0.977613
vt 0.405945 0.977613
vt 0.395058 0.952402
vt 0.395058 0.974291
vt 0.420436 0.952402
vt 0.423079 0.952402
vt 0.423079 0.974291
vt 0.420436 0.974291
vt 0.399908 0.952402
vt 0.400573 0.952402
vt 0.400573 0.974291
vt 0.399908 0.974291
vt 0.395590 0.952402
vt 0.395590 0.974291
vt 0.419903 0.974291
vt 0.415961 0.974291
vt 0.415961 0.952402
vt 0.419903 0.952402
vt 0.401106 0.974291
vt 0.401106 0.952402
vt 0.409972 0.952402
vt 0.409972 0.974291
vt 0.027365 0.595138
vt 0.027365 0.604383
vt 0.021715 0.599728
vt 0.021715 0.595138
vt 0.040897 0.583114
vt 0.040897 0.586259
vt 0.031556 0.586259
vt 0.031556 0.583114
vt 0.031056 0.587962
vt 0.021715 0.594613
vt 0.021715 0.583114
vt 0.031056 0.583114
vt 0.021715 0.575257
vt 0.043409 0.575257
vt 0.043409 0.582578
vt 0.021715 0.582578
vt 0.055198 0.575257
vt 0.055198 0.579847
vt 0.049547 0.584502
vt 0.049547 0.575257
vt 0.055018 0.601355
vt 0.055018 0.605945
vt 0.033325 0.605945
vt 0.033325 0.601355
vt 0.043409 0.594613
vt 0.043409 0.587962
vt 0.037113 0.595138
vt 0.037113 0.598283
vt 0.043909 0.580974
vt 0.043909 0.575257
vt 0.041804 0.586259
vt 0.041804 0.583114
vt 0.045913 0.583114
vt 0.045913 0.588830
vt 0.037613 0.600855
vt 0.037613 0.595138
vt 0.049966 0.595138
vt 0.049966 0.600855
vt 0.400174 0.683726
vt 0.400174 0.692972
vt 0.394523 0.688316
vt 0.394523 0.683726
vt 0.413706 0.671702
vt 0.413706 0.674847
vt 0.404365 0.674847
vt 0.404365 0.671702
vt 0.403864 0.676550
vt 0.394523 0.683201
vt 0.394523 0.671702
vt 0.403864 0.671702
vt 0.394523 0.663845
vt 0.416217 0.663845
vt 0.416217 0.671167
vt 0.394523 0.671167
vt 0.428006 0.663845
vt 0.428006 0.668435
vt 0.422356 0.673091
vt 0.422356 0.663845
vt 0.427827 0.689943
vt 0.427827 0.694533
vt 0.406133 0.694533
vt 0.406133 0.689943
vt 0.416218 0.683201
vt 0.416218 0.676550
vt 0.409921 0.683726
vt 0.409921 0.686871
vt 0.416718 0.669562
vt 0.416718 0.663845
vt 0.414613 0.674847
vt 0.414613 0.671702
vt 0.418722 0.671702
vt 0.418722 0.677419
vt 0.410422 0.689443
vt 0.410422 0.683726
vt 0.422775 0.683726
vt 0.422775 0.689443
vt 0.834502 0.793231
vt 0.834502 0.802476
vt 0.828852 0.797821
vt 0.828852 0.793231
vt 0.848034 0.781207
vt 0.848034 0.784352
vt 0.838693 0.784352
vt 0.838693 0.781207
vt 0.838193 0.786055
vt 0.828851 0.792706
vt 0.828851 0.781207
vt 0.838193 0.781207
vt 0.828852 0.773350
vt 0.850546 0.773350
vt 0.850546 0.780671
vt 0.828852 0.780671
vt 0.862334 0.773350
vt 0.862334 0.777940
vt 0.856684 0.782596
vt 0.856684 0.773350
vt 0.862155 0.799448
vt 0.862155 0.804038
vt 0.840461 0.804038
vt 0.840461 0.799448
vt 0.850546 0.792706
vt 0.850546 0.786055
vt 0.844249 0.793231
vt 0.844249 0.796376
vt 0.851046 0.779067
vt 0.851046 0.773350
vt 0.848941 0.784352
vt 0.848941 0.781207
vt 0.853050 0.781207
vt 0.853050 0.786924
vt 0.844750 0.798948
vt 0.844750 0.793231
vt 0.857103 0.793231
vt 0.857103 0.798948
vt 0.018753 0.789540
vt 0.018753 0.798785
vt 0.013102 0.794130
vt 0.013102 0.789540
vt 0.032285 0.777515
vt 0.032285 0.780660
vt 0.022943 0.780660
vt 0.022943 0.777515
vt 0.022443 0.782364
vt 0.013102 0.789015
vt 0.013102 0.777516
vt 0.022443 0.777516
vt 0.013102 0.769659
vt 0.034796 0.769659
vt 0.034796 0.776980
vt 0.013102 0.776980
vt 0.046585 0.769659
vt 0.046585 0.774249
vt 0.040934 0.778904
vt 0.040934 0.769659
vt 0.046406 0.795757
vt 0.046406 0.800347
vt 0.024712 0.800347
vt 0.024712 0.795757
vt 0.034796 0.789015
vt 0.034796 0.782364
vt 0.028500 0.789540
vt 0.028500 0.792685
vt 0.035297 0.775376
vt 0.035297 0.769659
vt 0.033191 0.780660
vt 0.033191 0.777515
vt 0.037300 0.777515
vt 0.037300 0.783232
vt 0.029000 0.795257
vt 0.029000 0.789540
vt 0.041353 0.789540
vt 0.041353 0.795257
vt 0.334963 0.164501
vt 0.334963 0.173746
vt 0.329313 0.169091
vt 0.329313 0.164501
vt 0.348495 0.152477
vt 0.348495 0.155622
vt 0.339154 0.155622
vt 0.339154 0.152477
vt 0.338654 0.157325
vt 0.329313 0.163976
vt 0.329313 0.152477
vt 0.338654 0.152477
vt 0.329313 0.144620
vt 0.351007 0.144620
vt 0.351007 0.151941
vt 0.329313 0.151941
vt 0.362795 0.144620
vt 0.362795 0.149210
vt 0.357145 0.153865
vt 0.357145 0.144620
vt 0.362616 0.170718
vt 0.362616 0.175308
vt 0.340922 0.175308
vt 0.340922 0.170718
vt 0.351007 0.163976
vt 0.351007 0.157325
vt 0.344710 0.164501
vt 0.344710 0.167646
vt 0.351507 0.150337
vt 0.351507 0.144620
vt 0.349402 0.155622
vt 0.349402 0.152477
vt 0.353511 0.152477
vt 0.353511 0.158193
vt 0.345211 0.170218
vt 0.345211 0.164501
vt 0.357564 0.164501
vt 0.357564 0.170218
vt 0.011370 0.911349
vt 0.011370 0.920594
vt 0.005720 0.915938
vt 0.005720 0.911349
vt 0.024902 0.899324
vt 0.024902 0.902469
vt 0.015561 0.902469
vt 0.015561 0.899324
vt 0.015061 0.904172
vt 0.005720 0.910823
vt 0.005720 0.899324
vt 0.015061 0.899324
vt 0.005720 0.891468
vt 0.027414 0.891468
vt 0.027414 0.898789
vt 0.005720 0.898789
vt 0.039202 0.891468
vt 0.039202 0.896057
vt 0.033552 0.900713
vt 0.033552 0.891468
vt 0.039023 0.917566
vt 0.039023 0.922156
vt 0.017329 0.922156
vt 0.017329 0.917566
vt 0.027414 0.910823
vt 0.027414 0.904172
vt 0.021117 0.911349
vt 0.021117 0.914493
vt 0.027914 0.897185
vt 0.027914 0.891468
vt 0.025809 0.902469
vt 0.025809 0.899324
vt 0.029918 0.899324
vt 0.029918 0.905041
vt 0.021618 0.917066
vt 0.021618 0.911349
vt 0.033971 0.911349
vt 0.033971 0.917066
vt 0.017522 0.290001
vt 0.017522 0.299246
vt 0.011872 0.294591
vt 0.011872 0.290001
vt 0.031054 0.277977
vt 0.031054 0.281121
vt 0.021713 0.281121
vt 0.021713 0.277977
vt 0.021213 0.282825
vt 0.011872 0.289476
vt 0.011872 0.277977
vt 0.021213 0.277977
vt 0.011872 0.270120
vt 0.033566 0.270120
vt 0.033566 0.277441
vt 0.011872 0.277441
vt 0.045354 0.270120
vt 0.045354 0.274710
vt 0.039704 0.279365
vt 0.039704 0.270120
vt 0.045175 0.296218
vt 0.045175 0.300808
vt 0.023481 0.300808
vt 0.023481 0.296218
vt 0.033566 0.289476
vt 0.033566 0.282825
vt 0.027269 0.290001
vt 0.027269 0.293146
vt 0.034066 0.275837
vt 0.034066 0.270120
vt 0.031961 0.281121
vt 0.031961 0.277977
vt 0.036070 0.277977
vt 0.036070 0.283693
vt 0.027770 0.295718
vt 0.027770 0.290001
vt 0.040123 0.290001
vt 0.040123 0.295718
vt 0.646252 0.874437
vt 0.646252 0.883682
vt 0.640602 0.879027
vt 0.640602 0.874437
vt 0.659784 0.862412
vt 0.659784 0.865557
vt 0.650443 0.865557
vt 0.650443 0.862412
vt 0.649943 0.867261
vt 0.640602 0.873911
vt 0.640602 0.862413
vt 0.649943 0.862413
vt 0.640602 0.854556
vt 0.662296 0.854556
vt 0.662296 0.861877
vt 0.640602 0.861877
vt 0.674084 0.854556
vt 0.674084 0.859146
vt 0.668434 0.863801
vt 0.668434 0.854556
vt 0.673905 0.880654
vt 0.673905 0.885244
vt 0.652211 0.885244
vt 0.652211 0.880654
vt 0.662296 0.873911
vt 0.662296 0.867261
vt 0.655999 0.874437
vt 0.655999 0.877582
vt 0.662796 0.860273
vt 0.662796 0.854556
vt 0.660691 0.865557
vt 0.660691 0.862412
vt 0.664800 0.862412
vt 0.664800 0.868129
vt 0.656500 0.880154
vt 0.656500 0.874437
vt 0.668853 0.874437
vt 0.668853 0.880154
vt 0.021213 0.656657
vt 0.021213 0.665903
vt 0.015563 0.661247
vt 0.015563 0.656657
vt 0.034745 0.644633
vt 0.034745 0.647778
vt 0.025404 0.647778
vt 0.025404 0.644633
vt 0.024904 0.649481
vt 0.015563 0.656132
vt 0.015563 0.644633
vt 0.024904 0.644633
vt 0.015563 0.636777
vt 0.037257 0.636777
vt 0.037257 0.644098
vt 0.015563 0.644098
vt 0.049046 0.636777
vt 0.049046 0.641366
vt 0.043395 0.646022
vt 0.043395 0.636777
vt 0.048867 0.662875
vt 0.048867 0.667465
vt 0.027173 0.667465
vt 0.027173 0.662875
vt 0.037257 0.656132
vt 0.037257 0.649481
vt 0.030961 0.656657
vt 0.030961 0.659802
vt 0.037757 0.642493
vt 0.037757 0.636777
vt 0.035652 0.647778
vt 0.035652 0.644633
vt 0.039761 0.644633
vt 0.039761 0.650350
vt 0.031461 0.662375
vt 0.031461 0.656658
vt 0.043814 0.656658
vt 0.043814 0.662375
vt 0.333733 0.388432
vt 0.333733 0.397678
vt 0.328082 0.393022
vt 0.328082 0.388432
vt 0.347265 0.376408
vt 0.347265 0.379553
vt 0.337924 0.379553
vt 0.337924 0.376408
vt 0.337423 0.381256
vt 0.328082 0.387907
vt 0.328082 0.376408
vt 0.337423 0.376408
vt 0.328082 0.368551
vt 0.349776 0.368551
vt 0.349776 0.375873
vt 0.328082 0.375873
vt 0.361565 0.368551
vt 0.361565 0.373141
vt 0.355914 0.377797
vt 0.355914 0.368551
vt 0.361386 0.394649
vt 0.361386 0.399239
vt 0.339692 0.399239
vt 0.339692 0.394649
vt 0.349777 0.387907
vt 0.349777 0.381256
vt 0.343480 0.388432
vt 0.343480 0.391577
vt 0.350277 0.374268
vt 0.350277 0.368551
vt 0.348171 0.379553
vt 0.348171 0.376408
vt 0.352281 0.376408
vt 0.352281 0.382125
vt 0.343980 0.394149
vt 0.343980 0.388432
vt 0.356334 0.388432
vt 0.356334 0.394149
vt 0.521191 0.973128
vt 0.516873 0.973128
vt 0.516873 0.951240
vt 0.521191 0.951240
vt 0.521856 0.976367
vt 0.521856 0.978640
vt 0.521191 0.978640
vt 0.521191 0.976367
vt 0.524499 0.973716
vt 0.524499 0.978640
vt 0.519352 0.976367
vt 0.519352 0.978640
vt 0.516873 0.982582
vt 0.516873 0.973716
vt 0.521856 0.982582
vt 0.521191 0.982582
vt 0.539946 0.951240
vt 0.544870 0.951240
vt 0.544870 0.973129
vt 0.539946 0.973129
vt 0.521191 0.973716
vt 0.525032 0.973716
vt 0.527305 0.973716
vt 0.527305 0.976450
vt 0.525032 0.976450
vt 0.533015 0.975989
vt 0.533015 0.973716
vt 0.534853 0.973716
vt 0.534853 0.975989
vt 0.527838 0.973716
vt 0.530111 0.973716
vt 0.530111 0.976450
vt 0.527838 0.976450
vt 0.530643 0.973716
vt 0.532482 0.973716
vt 0.532482 0.976450
vt 0.530643 0.976450
vt 0.535386 0.973716
vt 0.537225 0.973716
vt 0.537225 0.976450
vt 0.535386 0.976450
vt 0.524499 0.951240
vt 0.524499 0.973128
vt 0.549877 0.951240
vt 0.552520 0.951240
vt 0.552520 0.973129
vt 0.549877 0.973129
vt 0.529350 0.951240
vt 0.530015 0.951240
vt 0.530015 0.973128
vt 0.529350 0.973128
vt 0.525032 0.951240
vt 0.525032 0.973128
vt 0.549344 0.973129
vt 0.545403 0.973129
vt 0.545403 0.951240
vt 0.549344 0.951240
vt 0.530547 0.973128
vt 0.530547 0.951240
vt 0.539413 0.951240
vt 0.539413 0.973128
vt 0.701808 0.973061
vt 0.697490 0.973061
vt 0.697490 0.951172
vt 0.701808 0.951172
vt 0.702473 0.976300
vt 0.702473 0.978573
vt 0.701808 0.978573
vt 0.701808 0.976300
vt 0.705116 0.973649
vt 0.705116 0.978573
vt 0.699969 0.976300
vt 0.699969 0.978573
vt 0.697490 0.982514
vt 0.697490 0.973649
vt 0.702473 0.982514
vt 0.701808 0.982514
vt 0.720563 0.951172
vt 0.725487 0.951172
vt 0.725487 0.973061
vt 0.720563 0.973061
vt 0.701808 0.973649
vt 0.705649 0.973649
vt 0.707922 0.973649
vt 0.707922 0.976382
vt 0.705649 0.976382
vt 0.713632 0.975922
vt 0.713632 0.973649
vt 0.715470 0.973649
vt 0.715470 0.975922
vt 0.708455 0.973649
vt 0.710728 0.973649
vt 0.710728 0.976382
vt 0.708455 0.976382
vt 0.711261 0.973649
vt 0.713099 0.973649
vt 0.713099 0.976382
vt 0.711261 0.976382
vt 0.716003 0.973649
vt 0.717842 0.973649
vt 0.717842 0.976382
vt 0.716003 0.976382
vt 0.705116 0.951172
vt 0.705116 0.973061
vt 0.730494 0.951172
vt 0.733138 0.951172
vt 0.733138 0.973061
vt 0.730494 0.973061
vt 0.709967 0.951172
vt 0.710632 0.951172
vt 0.710632 0.973061
vt 0.709967 0.973061
vt 0.705649 0.951172
vt 0.705649 0.973061
vt 0.729962 0.973061
vt 0.726020 0.973061
vt 0.726020 0.951172
vt 0.729962 0.951172
vt 0.711164 0.973061
vt 0.711164 0.951172
vt 0.720030 0.951172
vt 0.720030 0.973061
vt 0.778730 0.955986
vt 0.778730 0.962159
vt 0.772751 0.960172
vt 0.772751 0.955986
vt 0.781913 0.951263
vt 0.781913 0.955449
vt 0.759676 0.955449
vt 0.759676 0.951263
vt 0.778730 0.962909
vt 0.778730 0.969083
vt 0.772751 0.967096
vt 0.772751 0.962909
vt 0.781912 0.978697
vt 0.781912 0.982884
vt 0.759676 0.982884
vt 0.759676 0.978697
vt 0.765976 0.955986
vt 0.765976 0.978222
vt 0.759676 0.978222
vt 0.759676 0.955986
vt 0.772277 0.955986
vt 0.772277 0.978222
vt 0.784708 0.962909
vt 0.784708 0.967096
vt 0.784709 0.955986
vt 0.784709 0.960172
vt 0.592941 0.955986
vt 0.592941 0.962159
vt 0.586962 0.960172
vt 0.586962 0.955986
vt 0.596123 0.951263
vt 0.596123 0.955449
vt 0.573887 0.955449
vt 0.573887 0.951263
vt 0.592941 0.962909
vt 0.592941 0.969083
vt 0.586962 0.967096
vt 0.586962 0.962909
vt 0.596123 0.978697
vt 0.596123 0.982884
vt 0.573887 0.982884
vt 0.573887 0.978697
vt 0.580187 0.955986
vt 0.580187 0.978222
vt 0.573887 0.978222
vt 0.573887 0.955986
vt 0.586488 0.955986
vt 0.586488 0.978222
vt 0.598919 0.962909
vt 0.598919 0.967096
vt 0.598920 0.955986
vt 0.598920 0.960172
vt 0.649539 0.964598
vt 0.649539 0.970772
vt 0.643560 0.968785
vt 0.643560 0.964598
vt 0.652721 0.959875
vt 0.652721 0.964062
vt 0.630485 0.964062
vt 0.630485 0.959875
vt 0.649539 0.971522
vt 0.649539 0.977696
vt 0.643560 0.975709
vt 0.643560 0.971522
vt 0.652721 0.987310
vt 0.652721 0.991497
vt 0.630485 0.991497
vt 0.630485 0.987310
vt 0.636785 0.964599
vt 0.636785 0.986835
vt 0.630485 0.986835
vt 0.630485 0.964599
vt 0.643086 0.964599
vt 0.643086 0.986835
vt 0.655517 0.971522
vt 0.655517 0.975709
vt 0.655518 0.964598
vt 0.655518 0.968785
vt 0.850092 0.951064
vt 0.850092 0.957238
vt 0.844113 0.955251
vt 0.844113 0.951064
vt 0.853275 0.946341
vt 0.853275 0.950528
vt 0.831039 0.950528
vt 0.831039 0.946341
vt 0.850092 0.957988
vt 0.850092 0.964161
vt 0.844113 0.962174
vt 0.844113 0.957988
vt 0.853275 0.973776
vt 0.853275 0.977962
vt 0.831039 0.977962
vt 0.831039 0.973776
vt 0.837339 0.951064
vt 0.837339 0.973301
vt 0.831039 0.973301
vt 0.831039 0.951064
vt 0.843639 0.951064
vt 0.843639 0.973301
vt 0.856071 0.957988
vt 0.856071 0.962174
vt 0.856071 0.951064
vt 0.856071 0.955251
vt 0.479745 0.948603
vt 0.479745 0.954777
vt 0.473766 0.952790
vt 0.473766 0.948603
vt 0.482927 0.943880
vt 0.482927 0.948067
vt 0.460691 0.948067
vt 0.460691 0.943880
vt 0.479744 0.955527
vt 0.479744 0.961700
vt 0.473766 0.959714
vt 0.473766 0.955527
vt 0.482927 0.971315
vt 0.482927 0.975502
vt 0.460691 0.975502
vt 0.460691 0.971315
vt 0.466991 0.948604
vt 0.466991 0.970840
vt 0.460691 0.970840
vt 0.460691 0.948604
vt 0.473292 0.948604
vt 0.473292 0.970840
vt 0.485723 0.955527
vt 0.485723 0.959714
vt 0.485724 0.948603
vt 0.485724 0.952790
vt 0.663073 0.947373
vt 0.663073 0.953547
vt 0.657094 0.951560
vt 0.657094 0.947373
vt 0.666256 0.942650
vt 0.666256 0.946836
vt 0.644019 0.946836
vt 0.644019 0.942650
vt 0.663073 0.954297
vt 0.663073 0.960470
vt 0.657094 0.958483
vt 0.657094 0.954297
vt 0.666256 0.970084
vt 0.666256 0.974271
vt 0.644019 0.974271
vt 0.644019 0.970084
vt 0.650320 0.947373
vt 0.650320 0.969610
vt 0.644019 0.969610
vt 0.644019 0.947373
vt 0.656620 0.947373
vt 0.656620 0.969610
vt 0.669052 0.954297
vt 0.669052 0.958483
vt 0.669052 0.947373
vt 0.669052 0.951560
vt 0.783651 0.954755
vt 0.783651 0.960929
vt 0.777672 0.958942
vt 0.777672 0.954755
vt 0.786834 0.950032
vt 0.786834 0.954219
vt 0.764597 0.954219
vt 0.764597 0.950032
vt 0.783651 0.961679
vt 0.783651 0.967852
vt 0.777672 0.965866
vt 0.777672 0.961679
vt 0.786834 0.977467
vt 0.786834 0.981654
vt 0.764597 0.981654
vt 0.764597 0.977467
vt 0.770898 0.954756
vt 0.770898 0.976992
vt 0.764597 0.976992
vt 0.764597 0.954756
vt 0.777198 0.954756
vt 0.777198 0.976992
vt 0.789630 0.961679
vt 0.789630 0.965866
vt 0.789630 0.954755
vt 0.789630 0.958942
vt 0.966154 0.867054
vt 0.966154 0.876300
vt 0.960504 0.871644
vt 0.960504 0.867054
vt 0.979686 0.855030
vt 0.979686 0.858175
vt 0.970345 0.858175
vt 0.970345 0.855030
vt 0.969844 0.859878
vt 0.960503 0.866529
vt 0.960503 0.855030
vt 0.969844 0.855030
vt 0.960504 0.847173
vt 0.982198 0.847173
vt 0.982198 0.854495
vt 0.960504 0.854495
vt 0.993986 0.847174
vt 0.993986 0.851763
vt 0.988336 0.856419
vt 0.988336 0.847174
vt 0.993807 0.873272
vt 0.993807 0.877861
vt 0.972113 0.877861
vt 0.972113 0.873272
vt 0.982198 0.866529
vt 0.982198 0.859878
vt 0.975901 0.867054
vt 0.975901 0.870199
vt 0.982698 0.852890
vt 0.982698 0.847174
vt 0.980593 0.858175
vt 0.980593 0.855030
vt 0.984702 0.855030
vt 0.984702 0.860747
vt 0.976402 0.872772
vt 0.976402 0.867055
vt 0.988755 0.867055
vt 0.988755 0.872772
vt 0.952620 0.846138
vt 0.952620 0.855383
vt 0.946969 0.850728
vt 0.946969 0.846138
vt 0.966152 0.834113
vt 0.966152 0.837258
vt 0.956811 0.837258
vt 0.956811 0.834113
vt 0.956310 0.838962
vt 0.946969 0.845613
vt 0.946969 0.834114
vt 0.956310 0.834114
vt 0.946969 0.826257
vt 0.968663 0.826257
vt 0.968663 0.833578
vt 0.946969 0.833578
vt 0.980452 0.826257
vt 0.980452 0.830847
vt 0.974801 0.835502
vt 0.974801 0.826257
vt 0.980273 0.852355
vt 0.980273 0.856945
vt 0.958579 0.856945
vt 0.958579 0.852355
vt 0.968663 0.845613
vt 0.968663 0.838962
vt 0.962367 0.846138
vt 0.962367 0.849283
vt 0.969164 0.831974
vt 0.969164 0.826257
vt 0.967058 0.837258
vt 0.967058 0.834113
vt 0.971168 0.834113
vt 0.971168 0.839830
vt 0.962867 0.851855
vt 0.962867 0.846138
vt 0.975220 0.846138
vt 0.975220 0.851855
vt 0.704081 0.868285
vt 0.704081 0.877530
vt 0.698430 0.872875
vt 0.698430 0.868285
vt 0.717613 0.856260
vt 0.717613 0.859405
vt 0.708272 0.859405
vt 0.708272 0.856260
vt 0.707771 0.861109
vt 0.698430 0.867760
vt 0.698430 0.856261
vt 0.707771 0.856261
vt 0.698430 0.848404
vt 0.720124 0.848404
vt 0.720124 0.855725
vt 0.698430 0.855725
vt 0.731913 0.848404
vt 0.731913 0.852994
vt 0.726262 0.857649
vt 0.726262 0.848404
vt 0.731734 0.874502
vt 0.731734 0.879092
vt 0.710040 0.879092
vt 0.710040 0.874502
vt 0.720124 0.867760
vt 0.720124 0.861109
vt 0.713828 0.868285
vt 0.713828 0.871430
vt 0.720625 0.854121
vt 0.720625 0.848404
vt 0.718519 0.859405
vt 0.718519 0.856260
vt 0.722629 0.856260
vt 0.722629 0.861977
vt 0.714328 0.874002
vt 0.714328 0.868285
vt 0.726681 0.868285
vt 0.726681 0.874002
vt 0.585703 0.950947
vt 0.593791 0.950947
vt 0.593791 0.959035
vt 0.585703 0.959035
vt 0.593791 0.967123
vt 0.585703 0.967123
vt 0.593791 0.975211
vt 0.585703 0.975211
vt 0.593791 0.983299
vt 0.585703 0.983299
vt 0.577615 0.967123
vt 0.577615 0.975211
vt 0.601879 0.967123
vt 0.601879 0.975211
s 0
usemtl Material.002
f 1/1/1 2/2/1 4/3/1 3/4/1
s 1
usemtl Material.001
f 13/5/2 14/6/2 8/7/2 7/8/2
f 7/9/3 8/10/3 12/11/3 11/12/3
f 15/13/4 16/14/4 10/15/4 9/16/4
f 9/17/5 10/18/5 6/19/5 5/20/5
f 16/21/6 14/22/6 6/23/6 10/24/6
f 12/25/7 8/26/7 14/22/7 16/21/7
f 11/27/8 12/28/8 16/14/4 15/13/4
f 5/29/2 6/30/2 14/6/2 13/5/2
f 23/31/9 24/32/9 20/33/9 19/34/9
f 27/35/10 28/36/10 18/37/10 17/38/10
f 31/39/11 24/40/11 18/41/11 28/42/11
f 22/43/12 20/44/12 24/45/12 26/46/12
f 21/47/13 22/48/13 26/49/13 25/50/13
f 19/51/14 20/52/14 22/53/14 21/54/14
f 26/55/11 24/40/11 31/39/11 29/56/11
f 17/57/9 18/58/9 24/32/9 23/31/9
f 25/50/13 26/49/13 29/59/13 30/60/13
f 28/61/13 27/62/13 32/63/13 31/64/13
f 31/65/10 32/66/10 30/67/10 29/68/10
f 40/69/9 35/70/9 52/71/9 57/72/9
f 42/73/1 39/74/1 41/75/1 43/76/1
f 33/77/1 38/78/1 39/74/1 42/73/1
f 45/79/1 44/80/1 36/81/1 35/82/1
f 39/74/1 37/83/1 34/84/1 41/75/1
f 38/85/10 33/86/10 50/87/10 55/88/10
f 33/77/1 42/73/1 43/76/1 40/89/1
f 40/89/1 43/76/1 45/79/1 35/82/1
f 43/90/10 41/91/10 46/92/10 47/93/10
f 41/75/1 34/84/1 36/81/1 44/80/1
f 47/94/1 46/95/1 48/96/1 49/97/1
f 44/98/14 45/99/14 49/100/14 48/101/14
f 45/102/9 43/103/9 47/104/9 49/105/9
f 41/106/13 44/107/13 48/108/13 46/109/13
f 50/110/9 33/111/9 40/69/9 57/72/9
f 39/112/13 38/113/13 55/114/13 56/115/13
f 34/116/13 37/117/13 54/118/13 51/119/13
f 36/120/13 34/116/13 51/119/13 53/121/13
f 37/122/10 39/123/10 56/124/10 54/125/10
f 36/126/14 53/127/14 52/128/14 35/129/14
f 64/130/15 65/131/15 61/132/15 60/133/15
f 68/134/16 69/135/16 59/136/16 58/137/16
f 72/138/17 65/139/17 59/140/17 69/141/17
f 63/142/18 61/143/18 65/144/18 67/145/18
f 62/146/19 63/147/19 67/148/19 66/149/19
f 60/150/20 61/151/20 63/152/20 62/153/20
f 67/154/17 65/139/17 72/138/17 70/155/17
f 58/156/15 59/157/15 65/131/15 64/130/15
f 66/149/19 67/148/19 70/158/19 71/159/19
f 69/160/19 68/161/19 73/162/19 72/163/19
f 72/164/16 73/165/16 71/166/16 70/167/16
f 80/168/15 81/169/15 77/170/15 76/171/15
f 84/172/16 85/173/16 75/174/16 74/175/16
f 88/176/17 81/177/17 75/178/17 85/179/17
f 79/180/18 77/181/18 81/182/18 83/183/18
f 78/184/19 79/185/19 83/186/19 82/187/19
f 76/188/20 77/189/20 79/190/20 78/191/20
f 83/192/17 81/177/17 88/176/17 86/193/17
f 74/194/15 75/195/15 81/169/15 80/168/15
f 82/187/19 83/186/19 86/196/19 87/197/19
f 85/198/19 84/199/19 89/200/19 88/201/19
f 88/202/16 89/203/16 87/204/16 86/205/16
f 96/206/9 97/207/9 93/208/9 92/209/9
f 100/210/10 101/211/10 91/212/10 90/213/10
f 104/214/11 97/215/11 91/216/11 101/217/11
f 95/218/12 93/219/12 97/220/12 99/221/12
f 94/222/13 95/223/13 99/224/13 98/225/13
f 92/226/14 93/227/14 95/228/14 94/229/14
f 99/230/11 97/215/11 104/214/11 102/231/11
f 90/232/9 91/233/9 97/207/9 96/206/9
f 98/225/13 99/224/13 102/234/13 103/235/13
f 101/236/13 100/237/13 105/238/13 104/239/13
f 104/240/10 105/241/10 103/242/10 102/243/10
f 112/244/9 113/245/9 109/246/9 108/247/9
f 116/248/10 117/249/10 107/250/10 106/251/10
f 120/252/11 113/253/11 107/254/11 117/255/11
f 111/256/12 109/257/12 113/258/12 115/259/12
f 110/260/13 111/261/13 115/262/13 114/263/13
f 108/264/14 109/265/14 111/266/14 110/267/14
f 115/268/11 113/253/11 120/252/11 118/269/11
f 106/270/9 107/271/9 113/245/9 112/244/9
f 114/263/13 115/262/13 118/272/13 119/273/13
f 117/274/13 116/275/13 121/276/13 120/277/13
f 120/278/10 121/279/10 119/280/10 118/281/10
f 128/282/15 129/283/15 125/284/15 124/285/15
f 132/286/16 133/287/16 123/288/16 122/289/16
f 136/290/17 129/291/17 123/292/17 133/293/17
f 127/294/18 125/295/18 129/296/18 131/297/18
f 126/298/19 127/299/19 131/300/19 130/301/19
f 124/302/20 125/303/20 127/304/20 126/305/20
f 131/306/17 129/291/17 136/290/17 134/307/17
f 122/308/15 123/309/15 129/283/15 128/282/15
f 130/301/19 131/300/19 134/310/19 135/311/19
f 133/312/19 132/313/19 137/314/19 136/315/19
f 136/316/16 137/317/16 135/318/16 134/319/16
f 144/320/15 145/321/15 141/322/15 140/323/15
f 148/324/16 149/325/16 139/326/16 138/327/16
f 152/328/17 145/329/17 139/330/17 149/331/17
f 143/332/18 141/333/18 145/334/18 147/335/18
f 142/336/19 143/337/19 147/338/19 146/339/19
f 140/340/20 141/341/20 143/342/20 142/343/20
f 147/344/17 145/329/17 152/328/17 150/345/17
f 138/346/15 139/347/15 145/321/15 144/320/15
f 146/339/19 147/338/19 150/348/19 151/349/19
f 149/350/19 148/351/19 153/352/19 152/353/19
f 152/354/16 153/355/16 151/356/16 150/357/16
f 160/358/9 161/359/9 157/360/9 156/361/9
f 164/362/10 165/363/10 155/364/10 154/365/10
f 168/366/11 161/367/11 155/368/11 165/369/11
f 159/370/12 157/371/12 161/372/12 163/373/12
f 158/374/13 159/375/13 163/376/13 162/377/13
f 156/378/14 157/379/14 159/380/14 158/381/14
f 163/382/11 161/367/11 168/366/11 166/383/11
f 154/384/9 155/385/9 161/359/9 160/358/9
f 162/377/13 163/376/13 166/386/13 167/387/13
f 165/388/13 164/389/13 169/390/13 168/391/13
f 168/392/10 169/393/10 167/394/10 166/395/10
f 176/396/9 177/397/9 173/398/9 172/399/9
f 180/400/10 181/401/10 171/402/10 170/403/10
f 184/404/11 177/405/11 171/406/11 181/407/11
f 175/408/12 173/409/12 177/410/12 179/411/12
f 174/412/13 175/413/13 179/414/13 178/415/13
f 172/416/14 173/417/14 175/418/14 174/419/14
f 179/420/11 177/405/11 184/404/11 182/421/11
f 170/422/9 171/423/9 177/397/9 176/396/9
f 178/415/13 179/414/13 182/424/13 183/425/13
f 181/426/13 180/427/13 185/428/13 184/429/13
f 184/430/10 185/431/10 183/432/10 182/433/10
f 192/434/9 193/435/9 189/436/9 188/437/9
f 196/438/10 197/439/10 187/440/10 186/441/10
f 200/442/11 193/443/11 187/444/11 197/445/11
f 191/446/12 189/447/12 193/448/12 195/449/12
f 190/450/13 191/451/13 195/452/13 194/453/13
f 188/454/14 189/455/14 191/456/14 190/457/14
f 195/458/11 193/443/11 200/442/11 198/459/11
f 186/460/9 187/461/9 193/435/9 192/434/9
f 194/453/13 195/452/13 198/462/13 199/463/13
f 197/464/13 196/465/13 201/466/13 200/467/13
f 200/468/10 201/469/10 199/470/10 198/471/10
f 208/244/21 209/245/21 205/246/21 204/247/21
f 212/248/22 213/249/22 203/250/22 202/251/22
f 216/252/23 209/253/23 203/254/23 213/255/23
f 207/256/24 205/257/24 209/258/24 211/259/24
f 206/260/25 207/261/25 211/262/25 210/263/25
f 204/264/26 205/265/26 207/266/26 206/267/26
f 211/268/23 209/253/23 216/252/23 214/269/23
f 202/270/21 203/271/21 209/245/21 208/244/21
f 210/263/25 211/262/25 214/272/25 215/273/25
f 213/274/25 212/275/25 217/276/25 216/277/25
f 216/278/22 217/279/22 215/280/22 214/281/22
f 224/472/9 225/473/9 221/474/9 220/475/9
f 228/476/10 229/477/10 219/478/10 218/479/10
f 232/480/11 225/481/11 219/482/11 229/483/11
f 223/484/12 221/485/12 225/486/12 227/487/12
f 222/488/13 223/489/13 227/490/13 226/491/13
f 220/492/14 221/493/14 223/494/14 222/495/14
f 227/496/11 225/481/11 232/480/11 230/497/11
f 218/498/9 219/499/9 225/473/9 224/472/9
f 226/491/13 227/490/13 230/500/13 231/501/13
f 229/502/13 228/503/13 233/504/13 232/505/13
f 232/506/10 233/507/10 231/508/10 230/509/10
f 241/510/9 236/511/9 253/512/9 258/513/9
f 243/514/1 240/515/1 242/516/1 244/517/1
f 234/518/1 239/519/1 240/515/1 243/514/1
f 246/520/1 245/521/1 237/522/1 236/523/1
f 240/515/1 238/524/1 235/525/1 242/516/1
f 239/526/10 234/527/10 251/528/10 256/529/10
f 234/518/1 243/514/1 244/517/1 241/530/1
f 241/530/1 244/517/1 246/520/1 236/523/1
f 244/531/10 242/532/10 247/533/10 248/534/10
f 242/516/1 235/525/1 237/522/1 245/521/1
f 248/535/1 247/536/1 249/537/1 250/538/1
f 245/539/14 246/540/14 250/541/14 249/542/14
f 246/543/9 244/544/9 248/545/9 250/546/9
f 242/547/13 245/548/13 249/549/13 247/550/13
f 251/551/9 234/552/9 241/510/9 258/513/9
f 240/553/13 239/554/13 256/555/13 257/556/13
f 235/557/13 238/558/13 255/559/13 252/560/13
f 237/561/13 235/557/13 252/560/13 254/562/13
f 238/563/10 240/564/10 257/565/10 255/566/10
f 237/567/14 254/568/14 253/569/14 236/570/14
f 266/571/9 261/572/9 278/573/9 283/574/9
f 268/575/1 265/576/1 267/577/1 269/578/1
f 259/579/1 264/580/1 265/576/1 268/575/1
f 271/581/1 270/582/1 262/583/1 261/584/1
f 265/576/1 263/585/1 260/586/1 267/577/1
f 264/587/10 259/588/10 276/589/10 281/590/10
f 259/579/1 268/575/1 269/578/1 266/591/1
f 266/591/1 269/578/1 271/581/1 261/584/1
f 269/592/10 267/593/10 272/594/10 273/595/10
f 267/577/1 260/586/1 262/583/1 270/582/1
f 273/596/1 272/597/1 274/598/1 275/599/1
f 270/600/14 271/601/14 275/602/14 274/603/14
f 271/604/9 269/605/9 273/606/9 275/607/9
f 267/608/13 270/609/13 274/610/13 272/611/13
f 276/612/9 259/613/9 266/571/9 283/574/9
f 265/614/13 264/615/13 281/616/13 282/617/13
f 260/618/13 263/619/13 280/620/13 277/621/13
f 262/622/13 260/618/13 277/621/13 279/623/13
f 263/624/10 265/625/10 282/626/10 280/627/10
f 262/628/14 279/629/14 278/630/14 261/631/14
f 292/632/27 293/633/27 287/634/2 286/635/2
f 286/636/3 287/637/3 291/638/3 290/639/3
f 294/640/4 295/641/4 289/642/4 288/643/4
f 288/644/5 289/645/5 285/646/5 284/647/5
f 295/648/6 293/649/6 285/650/6 289/651/6
f 291/652/7 287/653/7 293/649/7 295/648/7
f 290/654/4 291/655/4 295/641/4 294/640/4
f 284/656/27 285/657/27 293/633/27 292/632/27
f 304/658/2 305/659/2 299/660/2 298/661/2
f 298/662/28 299/663/28 303/664/28 302/665/28
f 306/666/4 307/667/4 301/668/4 300/669/4
f 300/670/29 301/671/29 297/672/29 296/673/29
f 307/674/6 305/675/6 297/676/6 301/677/6
f 303/678/7 299/679/7 305/675/7 307/674/7
f 302/680/4 303/681/4 307/667/4 306/666/4
f 296/682/27 297/683/27 305/659/2 304/658/2
f 316/684/27 317/685/27 311/686/2 310/687/2
f 310/688/3 311/689/3 315/690/3 314/691/3
f 318/692/4 319/693/4 313/694/4 312/695/4
f 312/696/29 313/697/29 309/698/29 308/699/29
f 319/700/6 317/701/6 309/702/6 313/703/6
f 315/704/7 311/705/7 317/701/7 319/700/7
f 314/706/4 315/707/4 319/693/4 318/692/4
f 308/708/27 309/709/27 317/685/27 316/684/27
f 328/710/27 329/711/27 323/712/27 322/713/27
f 322/714/3 323/715/3 327/716/3 326/717/3
f 330/718/4 331/719/4 325/720/4 324/721/4
f 324/722/5 325/723/5 321/724/5 320/725/5
f 331/726/6 329/727/6 321/728/6 325/729/6
f 327/730/7 323/731/7 329/727/7 331/726/7
f 326/732/4 327/733/4 331/719/4 330/718/4
f 320/734/2 321/735/2 329/711/27 328/710/27
f 340/5/2 341/6/2 335/7/2 334/8/2
f 334/9/28 335/10/28 339/11/28 338/12/28
f 342/13/4 343/14/4 337/15/4 336/16/4
f 336/17/5 337/18/5 333/19/5 332/20/5
f 343/21/6 341/22/6 333/23/6 337/24/6
f 339/25/7 335/26/7 341/22/7 343/21/7
f 338/27/4 339/28/4 343/14/4 342/13/4
f 332/29/2 333/30/2 341/6/2 340/5/2
f 352/5/30 353/6/30 347/7/30 346/8/30
f 346/9/31 347/10/31 351/11/31 350/12/31
f 354/13/32 355/14/32 349/15/32 348/16/32
f 348/17/33 349/18/33 345/19/33 344/20/33
f 355/21/34 353/22/34 345/23/34 349/24/34
f 351/25/35 347/26/35 353/22/35 355/21/35
f 350/27/32 351/28/32 355/14/32 354/13/32
f 344/29/30 345/30/30 353/6/30 352/5/30
f 364/736/30 365/737/30 359/738/30 358/739/30
f 358/740/31 359/741/31 363/742/31 362/743/31
f 366/744/32 367/745/32 361/746/32 360/747/32
f 360/748/33 361/749/33 357/750/33 356/751/33
f 367/752/34 365/753/34 357/754/34 361/755/34
f 363/756/35 359/757/35 365/753/35 367/752/35
f 362/758/32 363/759/32 367/745/32 366/744/32
f 356/760/30 357/761/30 365/737/30 364/736/30
f 376/710/30 377/711/30 371/712/30 370/713/30
f 370/714/31 371/715/31 375/716/31 374/717/31
f 378/718/32 379/719/32 373/720/32 372/721/32
f 372/722/33 373/723/33 369/724/33 368/725/33
f 379/726/34 377/727/34 369/728/34 373/729/34
f 375/730/35 371/731/35 377/727/35 379/726/35
f 374/732/32 375/733/32 379/719/32 378/718/32
f 368/734/30 369/735/30 377/711/30 376/710/30
f 388/762/30 389/763/30 383/764/30 382/765/30
f 382/766/31 383/767/31 387/768/31 386/769/31
f 390/770/32 391/771/32 385/772/32 384/773/32
f 384/774/33 385/775/33 381/776/33 380/777/33
f 391/778/34 389/779/34 381/780/34 385/781/34
f 387/782/35 383/783/35 389/779/35 391/778/35
f 386/784/32 387/785/32 391/771/32 390/770/32
f 380/786/30 381/787/30 389/763/30 388/762/30
f 400/658/30 401/659/30 395/660/30 394/661/30
f 394/662/31 395/663/31 399/664/31 398/665/31
f 402/666/32 403/667/32 397/668/32 396/669/32
f 396/670/33 397/671/33 393/672/33 392/673/33
f 403/674/34 401/675/34 393/676/34 397/677/34
f 399/678/35 395/679/35 401/675/35 403/674/35
f 398/680/32 399/681/32 403/667/32 402/666/32
f 392/682/30 393/683/30 401/659/30 400/658/30
f 412/788/30 413/789/30 407/790/30 406/791/30
f 406/792/31 407/793/31 411/794/31 410/795/31
f 414/796/32 415/797/32 409/798/32 408/799/32
f 408/800/33 409/801/33 405/802/33 404/803/33
f 415/804/34 413/805/34 405/806/34 409/807/34
f 411/808/35 407/809/35 413/805/35 415/804/35
f 410/810/32 411/811/32 415/797/32 414/796/32
f 404/812/30 405/813/30 413/789/30 412/788/30
f 422/31/9 423/32/9 419/33/9 418/34/9
f 426/35/10 427/36/10 417/37/10 416/38/10
f 430/39/11 423/40/11 417/41/11 427/42/11
f 421/43/12 419/44/12 423/45/12 425/46/12
f 420/47/13 421/48/13 425/49/13 424/50/13
f 418/51/14 419/52/14 421/53/14 420/54/14
f 425/55/11 423/40/11 430/39/11 428/56/11
f 416/57/9 417/58/9 423/32/9 422/31/9
f 424/50/13 425/49/13 428/59/13 429/60/13
f 427/61/13 426/62/13 431/63/13 430/64/13
f 430/65/10 431/66/10 429/67/10 428/68/10
f 438/244/9 439/245/9 435/246/9 434/247/9
f 442/248/10 443/249/10 433/250/10 432/251/10
f 446/252/11 439/253/11 433/254/11 443/255/11
f 437/256/12 435/257/12 439/258/12 441/259/12
f 436/260/13 437/261/13 441/262/13 440/263/13
f 434/264/14 435/265/14 437/266/14 436/267/14
f 441/268/11 439/253/11 446/252/11 444/269/11
f 432/270/9 433/271/9 439/245/9 438/244/9
f 440/263/13 441/262/13 444/272/13 445/273/13
f 443/274/13 442/275/13 447/276/13 446/277/13
f 446/278/10 447/279/10 445/280/10 444/281/10
f 454/396/9 455/397/9 451/398/9 450/399/9
f 458/400/10 459/401/10 449/402/10 448/403/10
f 462/404/11 455/405/11 449/406/11 459/407/11
f 453/408/12 451/409/12 455/410/12 457/411/12
f 452/412/13 453/413/13 457/414/13 456/415/13
f 450/416/14 451/417/14 453/418/14 452/419/14
f 457/420/11 455/405/11 462/404/11 460/421/11
f 448/422/9 449/423/9 455/397/9 454/396/9
f 456/415/13 457/414/13 460/424/13 461/425/13
f 459/426/13 458/427/13 463/428/13 462/429/13
f 462/430/10 463/431/10 461/432/10 460/433/10
f 470/31/9 471/32/9 467/33/9 466/34/9
f 474/35/10 475/36/10 465/37/10 464/38/10
f 478/39/11 471/40/11 465/41/11 475/42/11
f 469/43/12 467/44/12 471/45/12 473/46/12
f 468/47/13 469/48/13 473/49/13 472/50/13
f 466/51/14 467/52/14 469/53/14 468/54/14
f 473/55/11 471/40/11 478/39/11 476/56/11
f 464/57/9 465/58/9 471/32/9 470/31/9
f 472/50/13 473/49/13 476/59/13 477/60/13
f 475/61/13 474/62/13 479/63/13 478/64/13
f 478/65/10 479/66/10 477/67/10 476/68/10
f 486/814/9 487/815/9 483/816/9 482/817/9
f 490/818/10 491/819/10 481/820/10 480/821/10
f 494/822/11 487/823/11 481/824/11 491/825/11
f 485/826/12 483/827/12 487/828/12 489/829/12
f 484/830/13 485/831/13 489/832/13 488/833/13
f 482/834/14 483/835/14 485/836/14 484/837/14
f 489/838/11 487/823/11 494/822/11 492/839/11
f 480/840/9 481/841/9 487/815/9 486/814/9
f 488/833/13 489/832/13 492/842/13 493/843/13
f 491/844/13 490/845/13 495/846/13 494/847/13
f 494/848/10 495/849/10 493/850/10 492/851/10
f 502/396/9 503/397/9 499/398/9 498/399/9
f 506/400/10 507/401/10 497/402/10 496/403/10
f 510/404/11 503/405/11 497/406/11 507/407/11
f 501/408/12 499/409/12 503/410/12 505/411/12
f 500/412/13 501/413/13 505/414/13 504/415/13
f 498/416/14 499/417/14 501/418/14 500/419/14
f 505/420/11 503/405/11 510/404/11 508/421/11
f 496/422/9 497/423/9 503/397/9 502/396/9
f 504/415/13 505/414/13 508/424/13 509/425/13
f 507/426/13 506/427/13 511/428/13 510/429/13
f 510/430/10 511/431/10 509/432/10 508/433/10
f 518/31/9 519/32/9 515/33/9 514/34/9
f 522/35/10 523/36/10 513/37/10 512/38/10
f 526/39/11 519/40/11 513/41/11 523/42/11
f 517/43/12 515/44/12 519/45/12 521/46/12
f 516/47/13 517/48/13 521/49/13 520/50/13
f 514/51/14 515/52/14 517/53/14 516/54/14
f 521/55/11 519/40/11 526/39/11 524/56/11
f 512/57/9 513/58/9 519/32/9 518/31/9
f 520/50/13 521/49/13 524/59/13 525/60/13
f 523/61/13 522/62/13 527/63/13 526/64/13
f 526/65/10 527/66/10 525/67/10 524/68/10
f 534/852/9 535/853/9 531/854/9 530/855/9
f 538/856/10 539/857/10 529/858/10 528/859/10
f 542/860/11 535/861/11 529/862/11 539/863/11
f 533/864/12 531/865/12 535/866/12 537/867/12
f 532/868/13 533/869/13 537/870/13 536/871/13
f 530/872/14 531/873/14 533/874/14 532/875/14
f 537/876/11 535/861/11 542/860/11 540/877/11
f 528/878/9 529/879/9 535/853/9 534/852/9
f 536/871/13 537/870/13 540/880/13 541/881/13
f 539/882/13 538/883/13 543/884/13 542/885/13
f 542/886/10 543/887/10 541/888/10 540/889/10
f 550/396/9 551/397/9 547/398/9 546/399/9
f 554/400/10 555/401/10 545/402/10 544/403/10
f 558/404/11 551/405/11 545/406/11 555/407/11
f 549/408/12 547/409/12 551/410/12 553/411/12
f 548/412/13 549/413/13 553/414/13 552/415/13
f 546/416/14 547/417/14 549/418/14 548/419/14
f 553/420/11 551/405/11 558/404/11 556/421/11
f 544/422/9 545/423/9 551/397/9 550/396/9
f 552/415/13 553/414/13 556/424/13 557/425/13
f 555/426/13 554/427/13 559/428/13 558/429/13
f 558/430/10 559/431/10 557/432/10 556/433/10
f 566/130/15 567/131/15 563/132/15 562/133/15
f 570/134/16 571/135/16 561/136/16 560/137/16
f 574/138/17 567/139/17 561/140/17 571/141/17
f 565/142/18 563/143/18 567/144/18 569/145/18
f 564/146/19 565/147/19 569/148/19 568/149/19
f 562/150/20 563/151/20 565/152/20 564/153/20
f 569/154/17 567/139/17 574/138/17 572/155/17
f 560/156/15 561/157/15 567/131/15 566/130/15
f 568/149/19 569/148/19 572/158/19 573/159/19
f 571/160/19 570/161/19 575/162/19 574/163/19
f 574/164/16 575/165/16 573/166/16 572/167/16
f 582/396/9 583/397/9 579/398/9 578/399/9
f 586/400/10 587/401/10 577/402/10 576/403/10
f 590/404/11 583/405/11 577/406/11 587/407/11
f 581/408/12 579/409/12 583/410/12 585/411/12
f 580/412/13 581/413/13 585/414/13 584/415/13
f 578/416/14 579/417/14 581/418/14 580/419/14
f 585/420/11 583/405/11 590/404/11 588/421/11
f 576/422/9 577/423/9 583/397/9 582/396/9
f 584/415/13 585/414/13 588/424/13 589/425/13
f 587/426/13 586/427/13 591/428/13 590/429/13
f 590/430/10 591/431/10 589/432/10 588/433/10
f 598/890/9 599/891/9 595/892/9 594/893/9
f 602/894/10 603/895/10 593/896/10 592/897/10
f 606/898/11 599/899/11 593/900/11 603/901/11
f 597/902/12 595/903/12 599/904/12 601/905/12
f 596/906/13 597/907/13 601/908/13 600/909/13
f 594/910/14 595/911/14 597/912/14 596/913/14
f 601/914/11 599/899/11 606/898/11 604/915/11
f 592/916/9 593/917/9 599/891/9 598/890/9
f 600/909/13 601/908/13 604/918/13 605/919/13
f 603/920/13 602/921/13 607/922/13 606/923/13
f 606/924/10 607/925/10 605/926/10 604/927/10
f 614/320/36 615/321/36 611/322/36 610/323/36
f 618/324/37 619/325/37 609/326/37 608/327/37
f 622/328/38 615/329/38 609/330/38 619/331/38
f 613/332/39 611/333/39 615/334/39 617/335/39
f 612/336/40 613/337/40 617/338/40 616/339/40
f 610/340/41 611/341/41 613/342/41 612/343/41
f 617/344/38 615/329/38 622/328/38 620/345/38
f 608/346/36 609/347/36 615/321/36 614/320/36
f 616/339/40 617/338/40 620/348/40 621/349/40
f 619/350/40 618/351/40 623/352/40 622/353/40
f 622/354/37 623/355/37 621/356/37 620/357/37
f 630/890/42 631/891/42 627/892/42 626/893/42
f 634/894/43 635/895/43 625/896/43 624/897/43
f 638/898/44 631/899/44 625/900/44 635/901/44
f 629/902/45 627/903/45 631/904/45 633/905/45
f 628/906/46 629/907/46 633/908/46 632/909/46
f 626/910/47 627/911/47 629/912/47 628/913/47
f 633/914/44 631/899/44 638/898/44 636/915/44
f 624/916/42 625/917/42 631/891/42 630/890/42
f 632/909/46 633/908/46 636/918/46 637/919/46
f 635/920/46 634/921/46 639/922/46 638/923/46
f 638/924/43 639/925/43 637/926/43 636/927/43
f 646/472/48 647/473/48 643/474/48 642/475/48
f 650/476/49 651/477/49 641/478/49 640/479/49
f 654/480/50 647/481/50 641/482/50 651/483/50
f 645/484/51 643/485/51 647/486/51 649/487/51
f 644/488/52 645/489/52 649/490/52 648/491/52
f 642/492/53 643/493/53 645/494/53 644/495/53
f 649/496/50 647/481/50 654/480/50 652/497/50
f 640/498/48 641/499/48 647/473/48 646/472/48
f 648/491/52 649/490/52 652/500/52 653/501/52
f 651/502/52 650/503/52 655/504/52 654/505/52
f 654/506/49 655/507/49 653/508/49 652/509/49
f 662/890/9 663/891/9 659/892/9 658/893/9
f 666/894/10 667/895/10 657/896/10 656/897/10
f 670/898/11 663/899/11 657/900/11 667/901/11
f 661/902/12 659/903/12 663/904/12 665/905/12
f 660/906/13 661/907/13 665/908/13 664/909/13
f 658/910/14 659/911/14 661/912/14 660/913/14
f 665/914/11 663/899/11 670/898/11 668/915/11
f 656/916/9 657/917/9 663/891/9 662/890/9
f 664/909/13 665/908/13 668/918/13 669/919/13
f 667/920/13 666/921/13 671/922/13 670/923/13
f 670/924/10 671/925/10 669/926/10 668/927/10
f 678/320/36 679/321/36 675/322/36 674/323/36
f 682/324/37 683/325/37 673/326/37 672/327/37
f 686/328/38 679/329/38 673/330/38 683/331/38
f 677/332/39 675/333/39 679/334/39 681/335/39
f 676/336/40 677/337/40 681/338/40 680/339/40
f 674/340/41 675/341/41 677/342/41 676/343/41
f 681/344/38 679/329/38 686/328/38 684/345/38
f 672/346/36 673/347/36 679/321/36 678/320/36
f 680/339/40 681/338/40 684/348/40 685/349/40
f 683/350/40 682/351/40 687/352/40 686/353/40
f 686/354/37 687/355/37 685/356/37 684/357/37
f 694/890/42 695/891/42 691/892/42 690/893/42
f 698/894/43 699/895/43 689/896/43 688/897/43
f 702/898/44 695/899/44 689/900/44 699/901/44
f 693/902/45 691/903/45 695/904/45 697/905/45
f 692/906/46 693/907/46 697/908/46 696/909/46
f 690/910/47 691/911/47 693/912/47 692/913/47
f 697/914/44 695/899/44 702/898/44 700/915/44
f 688/916/42 689/917/42 695/891/42 694/890/42
f 696/909/46 697/908/46 700/918/46 701/919/46
f 699/920/46 698/921/46 703/922/46 702/923/46
f 702/924/43 703/925/43 701/926/43 700/927/43
f 710/472/48 711/473/48 707/474/48 706/475/48
f 714/476/49 715/477/49 705/478/49 704/479/49
f 718/480/50 711/481/50 705/482/50 715/483/50
f 709/484/51 707/485/51 711/486/51 713/487/51
f 708/488/52 709/489/52 713/490/52 712/491/52
f 706/492/53 707/493/53 709/494/53 708/495/53
f 713/496/50 711/481/50 718/480/50 716/497/50
f 704/498/48 705/499/48 711/473/48 710/472/48
f 712/491/52 713/490/52 716/500/52 717/501/52
f 715/502/52 714/503/52 719/504/52 718/505/52
f 718/506/49 719/507/49 717/508/49 716/509/49
f 726/890/9 727/891/9 723/892/9 722/893/9
f 730/894/10 731/895/10 721/896/10 720/897/10
f 734/898/11 727/899/11 721/900/11 731/901/11
f 725/902/12 723/903/12 727/904/12 729/905/12
f 724/906/13 725/907/13 729/908/13 728/909/13
f 722/910/14 723/911/14 725/912/14 724/913/14
f 729/914/11 727/899/11 734/898/11 732/915/11
f 720/916/9 721/917/9 727/891/9 726/890/9
f 728/909/13 729/908/13 732/918/13 733/919/13
f 731/920/13 730/921/13 735/922/13 734/923/13
f 734/924/10 735/925/10 733/926/10 732/927/10
f 742/320/36 743/321/36 739/322/36 738/323/36
f 746/324/37 747/325/37 737/326/37 736/327/37
f 750/328/38 743/329/38 737/330/38 747/331/38
f 741/332/39 739/333/39 743/334/39 745/335/39
f 740/336/40 741/337/40 745/338/40 744/339/40
f 738/340/41 739/341/41 741/342/41 740/343/41
f 745/344/38 743/329/38 750/328/38 748/345/38
f 736/346/36 737/347/36 743/321/36 742/320/36
f 744/339/40 745/338/40 748/348/40 749/349/40
f 747/350/40 746/351/40 751/352/40 750/353/40
f 750/354/37 751/355/37 749/356/37 748/357/37
f 758/890/42 759/891/42 755/892/42 754/893/42
f 762/894/43 763/895/43 753/896/43 752/897/43
f 766/898/44 759/899/44 753/900/44 763/901/44
f 757/902/45 755/903/45 759/904/45 761/905/45
f 756/906/46 757/907/46 761/908/46 760/909/46
f 754/910/47 755/911/47 757/912/47 756/913/47
f 761/914/44 759/899/44 766/898/44 764/915/44
f 752/916/42 753/917/42 759/891/42 758/890/42
f 760/909/46 761/908/46 764/918/46 765/919/46
f 763/920/46 762/921/46 767/922/46 766/923/46
f 766/924/43 767/925/43 765/926/43 764/927/43
f 774/472/48 775/473/48 771/474/48 770/475/48
f 778/476/49 779/477/49 769/478/49 768/479/49
f 782/480/50 775/481/50 769/482/50 779/483/50
f 773/484/51 771/485/51 775/486/51 777/487/51
f 772/488/52 773/489/52 777/490/52 776/491/52
f 770/492/53 771/493/53 773/494/53 772/495/53
f 777/496/50 775/481/50 782/480/50 780/497/50
f 768/498/48 769/499/48 775/473/48 774/472/48
f 776/491/52 777/490/52 780/500/52 781/501/52
f 779/502/52 778/503/52 783/504/52 782/505/52
f 782/506/49 783/507/49 781/508/49 780/509/49
f 790/890/9 791/891/9 787/892/9 786/893/9
f 794/894/10 795/895/10 785/896/10 784/897/10
f 798/898/11 791/899/11 785/900/11 795/901/11
f 789/902/12 787/903/12 791/904/12 793/905/12
f 788/906/13 789/907/13 793/908/13 792/909/13
f 786/910/14 787/911/14 789/912/14 788/913/14
f 793/914/11 791/899/11 798/898/11 796/915/11
f 784/916/9 785/917/9 791/891/9 790/890/9
f 792/909/13 793/908/13 796/918/13 797/919/13
f 795/920/13 794/921/13 799/922/13 798/923/13
f 798/924/10 799/925/10 797/926/10 796/927/10
f 806/320/36 807/321/36 803/322/36 802/323/36
f 810/324/37 811/325/37 801/326/37 800/327/37
f 814/328/38 807/329/38 801/330/38 811/331/38
f 805/332/39 803/333/39 807/334/39 809/335/39
f 804/336/40 805/337/40 809/338/40 808/339/40
f 802/340/41 803/341/41 805/342/41 804/343/41
f 809/344/38 807/329/38 814/328/38 812/345/38
f 800/346/36 801/347/36 807/321/36 806/320/36
f 808/339/40 809/338/40 812/348/40 813/349/40
f 811/350/40 810/351/40 815/352/40 814/353/40
f 814/354/37 815/355/37 813/356/37 812/357/37
f 822/890/42 823/891/42 819/892/42 818/893/42
f 826/894/43 827/895/43 817/896/43 816/897/43
f 830/898/44 823/899/44 817/900/44 827/901/44
f 821/902/45 819/903/45 823/904/45 825/905/45
f 820/906/46 821/907/46 825/908/46 824/909/46
f 818/910/47 819/911/47 821/912/47 820/913/47
f 825/914/44 823/899/44 830/898/44 828/915/44
f 816/916/42 817/917/42 823/891/42 822/890/42
f 824/909/46 825/908/46 828/918/46 829/919/46
f 827/920/46 826/921/46 831/922/46 830/923/46
f 830/924/43 831/925/43 829/926/43 828/927/43
f 838/472/48 839/473/48 835/474/48 834/475/48
f 842/476/49 843/477/49 833/478/49 832/479/49
f 846/480/50 839/481/50 833/482/50 843/483/50
f 837/484/51 835/485/51 839/486/51 841/487/51
f 836/488/52 837/489/52 841/490/52 840/491/52
f 834/492/53 835/493/53 837/494/53 836/495/53
f 841/496/50 839/481/50 846/480/50 844/497/50
f 832/498/48 833/499/48 839/473/48 838/472/48
f 840/491/52 841/490/52 844/500/52 845/501/52
f 843/502/52 842/503/52 847/504/52 846/505/52
f 846/506/49 847/507/49 845/508/49 844/509/49
f 854/890/9 855/891/9 851/892/9 850/893/9
f 858/894/10 859/895/10 849/896/10 848/897/10
f 862/898/11 855/899/11 849/900/11 859/901/11
f 853/902/12 851/903/12 855/904/12 857/905/12
f 852/906/13 853/907/13 857/908/13 856/909/13
f 850/910/14 851/911/14 853/912/14 852/913/14
f 857/914/11 855/899/11 862/898/11 860/915/11
f 848/916/9 849/917/9 855/891/9 854/890/9
f 856/909/13 857/908/13 860/918/13 861/919/13
f 859/920/13 858/921/13 863/922/13 862/923/13
f 862/924/10 863/925/10 861/926/10 860/927/10
f 870/320/36 871/321/36 867/322/36 866/323/36
f 874/324/37 875/325/37 865/326/37 864/327/37
f 878/328/38 871/329/38 865/330/38 875/331/38
f 869/332/39 867/333/39 871/334/39 873/335/39
f 868/336/40 869/337/40 873/338/40 872/339/40
f 866/340/41 867/341/41 869/342/41 868/343/41
f 873/344/38 871/329/38 878/328/38 876/345/38
f 864/346/36 865/347/36 871/321/36 870/320/36
f 872/339/40 873/338/40 876/348/40 877/349/40
f 875/350/40 874/351/40 879/352/40 878/353/40
f 878/354/37 879/355/37 877/356/37 876/357/37
f 886/890/42 887/891/42 883/892/42 882/893/42
f 890/894/43 891/895/43 881/896/43 880/897/43
f 894/898/44 887/899/44 881/900/44 891/901/44
f 885/902/45 883/903/45 887/904/45 889/905/45
f 884/906/46 885/907/46 889/908/46 888/909/46
f 882/910/47 883/911/47 885/912/47 884/913/47
f 889/914/44 887/899/44 894/898/44 892/915/44
f 880/916/42 881/917/42 887/891/42 886/890/42
f 888/909/46 889/908/46 892/918/46 893/919/46
f 891/920/46 890/921/46 895/922/46 894/923/46
f 894/924/43 895/925/43 893/926/43 892/927/43
f 902/472/48 903/473/48 899/474/48 898/475/48
f 906/476/49 907/477/49 897/478/49 896/479/49
f 910/480/50 903/481/50 897/482/50 907/483/50
f 901/484/51 899/485/51 903/486/51 905/487/51
f 900/488/52 901/489/52 905/490/52 904/491/52
f 898/492/53 899/493/53 901/494/53 900/495/53
f 905/496/50 903/481/50 910/480/50 908/497/50
f 896/498/48 897/499/48 903/473/48 902/472/48
f 904/491/52 905/490/52 908/500/52 909/501/52
f 907/502/52 906/503/52 911/504/52 910/505/52
f 910/506/49 911/507/49 909/508/49 908/509/49
f 918/396/9 919/397/9 915/398/9 914/399/9
f 922/400/10 923/401/10 913/402/10 912/403/10
f 926/404/11 919/405/11 913/406/11 923/407/11
f 917/408/12 915/409/12 919/410/12 921/411/12
f 916/412/13 917/413/13 921/414/13 920/415/13
f 914/416/14 915/417/14 917/418/14 916/419/14
f 921/420/11 919/405/11 926/404/11 924/421/11
f 912/422/9 913/423/9 919/397/9 918/396/9
f 920/415/13 921/414/13 924/424/13 925/425/13
f 923/426/13 922/427/13 927/428/13 926/429/13
f 926/430/10 927/431/10 925/432/10 924/433/10
f 934/31/9 935/32/9 931/33/9 930/34/9
f 938/35/10 939/36/10 929/37/10 928/38/10
f 942/39/11 935/40/11 929/41/11 939/42/11
f 933/43/12 931/44/12 935/45/12 937/46/12
f 932/47/13 933/48/13 937/49/13 936/50/13
f 930/51/14 931/52/14 933/53/14 932/54/14
f 937/55/11 935/40/11 942/39/11 940/56/11
f 928/57/9 929/58/9 935/32/9 934/31/9
f 936/50/13 937/49/13 940/59/13 941/60/13
f 939/61/13 938/62/13 943/63/13 942/64/13
f 942/65/10 943/66/10 941/67/10 940/68/10
f 950/852/9 951/853/9 947/854/9 946/855/9
f 954/856/10 955/857/10 945/858/10 944/859/10
f 958/860/11 951/861/11 945/862/11 955/863/11
f 949/864/12 947/865/12 951/866/12 953/867/12
f 948/868/13 949/869/13 953/870/13 952/871/13
f 946/872/14 947/873/14 949/874/14 948/875/14
f 953/876/11 951/861/11 958/860/11 956/877/11
f 944/878/9 945/879/9 951/853/9 950/852/9
f 952/871/13 953/870/13 956/880/13 957/881/13
f 955/882/13 954/883/13 959/884/13 958/885/13
f 958/886/10 959/887/10 957/888/10 956/889/10
f 966/396/9 967/397/9 963/398/9 962/399/9
f 970/400/10 971/401/10 961/402/10 960/403/10
f 974/404/11 967/405/11 961/406/11 971/407/11
f 965/408/12 963/409/12 967/410/12 969/411/12
f 964/412/13 965/413/13 969/414/13 968/415/13
f 962/416/14 963/417/14 965/418/14 964/419/14
f 969/420/11 967/405/11 974/404/11 972/421/11
f 960/422/9 961/423/9 967/397/9 966/396/9
f 968/415/13 969/414/13 972/424/13 973/425/13
f 971/426/13 970/427/13 975/428/13 974/429/13
f 974/430/10 975/431/10 973/432/10 972/433/10
f 982/396/9 983/397/9 979/398/9 978/399/9
f 986/400/10 987/401/10 977/402/10 976/403/10
f 990/404/11 983/405/11 977/406/11 987/407/11
f 981/408/12 979/409/12 983/410/12 985/411/12
f 980/412/13 981/413/13 985/414/13 984/415/13
f 978/416/14 979/417/14 981/418/14 980/419/14
f 985/420/11 983/405/11 990/404/11 988/421/11
f 976/422/9 977/423/9 983/397/9 982/396/9
f 984/415/13 985/414/13 988/424/13 989/425/13
f 987/426/13 986/427/13 991/428/13 990/429/13
f 990/430/10 991/431/10 989/432/10 988/433/10
f 998/31/9 999/32/9 995/33/9 994/34/9
f 1002/35/10 1003/36/10 993/37/10 992/38/10
f 1006/39/11 999/40/11 993/41/11 1003/42/11
f 997/43/12 995/44/12 999/45/12 1001/46/12
f 996/47/13 997/48/13 1001/49/13 1000/50/13
f 994/51/14 995/52/14 997/53/14 996/54/14
f 1001/55/11 999/40/11 1006/39/11 1004/56/11
f 992/57/9 993/58/9 999/32/9 998/31/9
f 1000/50/13 1001/49/13 1004/59/13 1005/60/13
f 1003/61/13 1002/62/13 1007/63/13 1006/64/13
f 1006/65/10 1007/66/10 1005/67/10 1004/68/10
f 1014/852/9 1015/853/9 1011/854/9 1010/855/9
f 1018/856/10 1019/857/10 1009/858/10 1008/859/10
f 1022/860/11 1015/861/11 1009/862/11 1019/863/11
f 1013/864/12 1011/865/12 1015/866/12 1017/867/12
f 1012/868/13 1013/869/13 1017/870/13 1016/871/13
f 1010/872/14 1011/873/14 1013/874/14 1012/875/14
f 1017/876/11 1015/861/11 1022/860/11 1020/877/11
f 1008/878/9 1009/879/9 1015/853/9 1014/852/9
f 1016/871/13 1017/870/13 1020/880/13 1021/881/13
f 1019/882/13 1018/883/13 1023/884/13 1022/885/13
f 1022/886/10 1023/887/10 1021/888/10 1020/889/10
f 1030/396/9 1031/397/9 1027/398/9 1026/399/9
f 1034/400/10 1035/401/10 1025/402/10 1024/403/10
f 1038/404/11 1031/405/11 1025/406/11 1035/407/11
f 1029/408/12 1027/409/12 1031/410/12 1033/411/12
f 1028/412/13 1029/413/13 1033/414/13 1032/415/13
f 1026/416/14 1027/417/14 1029/418/14 1028/419/14
f 1033/420/11 1031/405/11 1038/404/11 1036/421/11
f 1024/422/9 1025/423/9 1031/397/9 1030/396/9
f 1032/415/13 1033/414/13 1036/424/13 1037/425/13
f 1035/426/13 1034/427/13 1039/428/13 1038/429/13
f 1038/430/10 1039/431/10 1037/432/10 1036/433/10
f 1046/396/9 1047/397/9 1043/398/9 1042/399/9
f 1050/400/10 1051/401/10 1041/402/10 1040/403/10
f 1054/404/11 1047/405/11 1041/406/11 1051/407/11
f 1045/408/12 1043/409/12 1047/410/12 1049/411/12
f 1044/412/13 1045/413/13 1049/414/13 1048/415/13
f 1042/416/14 1043/417/14 1045/418/14 1044/419/14
f 1049/420/11 1047/405/11 1054/404/11 1052/421/11
f 1040/422/9 1041/423/9 1047/397/9 1046/396/9
f 1048/415/13 1049/414/13 1052/424/13 1053/425/13
f 1051/426/13 1050/427/13 1055/428/13 1054/429/13
f 1054/430/10 1055/431/10 1053/432/10 1052/433/10
f 1062/31/9 1063/32/9 1059/33/9 1058/34/9
f 1066/35/10 1067/36/10 1057/37/10 1056/38/10
f 1070/39/11 1063/40/11 1057/41/11 1067/42/11
f 1061/43/12 1059/44/12 1063/45/12 1065/46/12
f 1060/47/13 1061/48/13 1065/49/13 1064/50/13
f 1058/51/14 1059/52/14 1061/53/14 1060/54/14
f 1065/55/11 1063/40/11 1070/39/11 1068/56/11
f 1056/57/9 1057/58/9 1063/32/9 1062/31/9
f 1064/50/13 1065/49/13 1068/59/13 1069/60/13
f 1067/61/13 1066/62/13 1071/63/13 1070/64/13
f 1070/65/10 1071/66/10 1069/67/10 1068/68/10
f 1078/852/9 1079/853/9 1075/854/9 1074/855/9
f 1082/856/10 1083/857/10 1073/858/10 1072/859/10
f 1086/860/11 1079/861/11 1073/862/11 1083/863/11
f 1077/864/12 1075/865/12 1079/866/12 1081/867/12
f 1076/868/13 1077/869/13 1081/870/13 1080/871/13
f 1074/872/14 1075/873/14 1077/874/14 1076/875/14
f 1081/876/11 1079/861/11 1086/860/11 1084/877/11
f 1072/878/9 1073/879/9 1079/853/9 1078/852/9
f 1080/871/13 1081/870/13 1084/880/13 1085/881/13
f 1083/882/13 1082/883/13 1087/884/13 1086/885/13
f 1086/886/10 1087/887/10 1085/888/10 1084/889/10
f 1094/396/9 1095/397/9 1091/398/9 1090/399/9
f 1098/400/10 1099/401/10 1089/402/10 1088/403/10
f 1102/404/11 1095/405/11 1089/406/11 1099/407/11
f 1093/408/12 1091/409/12 1095/410/12 1097/411/12
f 1092/412/13 1093/413/13 1097/414/13 1096/415/13
f 1090/416/14 1091/417/14 1093/418/14 1092/419/14
f 1097/420/11 1095/405/11 1102/404/11 1100/421/11
f 1088/422/9 1089/423/9 1095/397/9 1094/396/9
f 1096/415/13 1097/414/13 1100/424/13 1101/425/13
f 1099/426/13 1098/427/13 1103/428/13 1102/429/13
f 1102/430/10 1103/431/10 1101/432/10 1100/433/10
f 1110/396/9 1111/397/9 1107/398/9 1106/399/9
f 1114/400/10 1115/401/10 1105/402/10 1104/403/10
f 1118/404/11 1111/405/11 1105/406/11 1115/407/11
f 1109/408/12 1107/409/12 1111/410/12 1113/411/12
f 1108/412/13 1109/413/13 1113/414/13 1112/415/13
f 1106/416/14 1107/417/14 1109/418/14 1108/419/14
f 1113/420/11 1111/405/11 1118/404/11 1116/421/11
f 1104/422/9 1105/423/9 1111/397/9 1110/396/9
f 1112/415/13 1113/414/13 1116/424/13 1117/425/13
f 1115/426/13 1114/427/13 1119/428/13 1118/429/13
f 1118/430/10 1119/431/10 1117/432/10 1116/433/10
f 1126/31/9 1127/32/9 1123/33/9 1122/34/9
f 1130/35/10 1131/36/10 1121/37/10 1120/38/10
f 1134/39/11 1127/40/11 1121/41/11 1131/42/11
f 1125/43/12 1123/44/12 1127/45/12 1129/46/12
f 1124/47/13 1125/48/13 1129/49/13 1128/50/13
f 1122/51/14 1123/52/14 1125/53/14 1124/54/14
f 1129/55/11 1127/40/11 1134/39/11 1132/56/11
f 1120/57/9 1121/58/9 1127/32/9 1126/31/9
f 1128/50/13 1129/49/13 1132/59/13 1133/60/13
f 1131/61/13 1130/62/13 1135/63/13 1134/64/13
f 1134/65/10 1135/66/10 1133/67/10 1132/68/10
f 1142/852/9 1143/853/9 1139/854/9 1138/855/9
f 1146/856/10 1147/857/10 1137/858/10 1136/859/10
f 1150/860/11 1143/861/11 1137/862/11 1147/863/11
f 1141/864/12 1139/865/12 1143/866/12 1145/867/12
f 1140/868/13 1141/869/13 1145/870/13 1144/871/13
f 1138/872/14 1139/873/14 1141/874/14 1140/875/14
f 1145/876/11 1143/861/11 1150/860/11 1148/877/11
f 1136/878/9 1137/879/9 1143/853/9 1142/852/9
f 1144/871/13 1145/870/13 1148/880/13 1149/881/13
f 1147/882/13 1146/883/13 1151/884/13 1150/885/13
f 1150/886/10 1151/887/10 1149/888/10 1148/889/10
f 1158/396/9 1159/397/9 1155/398/9 1154/399/9
f 1162/400/10 1163/401/10 1153/402/10 1152/403/10
f 1166/404/11 1159/405/11 1153/406/11 1163/407/11
f 1157/408/12 1155/409/12 1159/410/12 1161/411/12
f 1156/412/13 1157/413/13 1161/414/13 1160/415/13
f 1154/416/14 1155/417/14 1157/418/14 1156/419/14
f 1161/420/11 1159/405/11 1166/404/11 1164/421/11
f 1152/422/9 1153/423/9 1159/397/9 1158/396/9
f 1160/415/13 1161/414/13 1164/424/13 1165/425/13
f 1163/426/13 1162/427/13 1167/428/13 1166/429/13
f 1166/430/10 1167/431/10 1165/432/10 1164/433/10
f 1174/396/9 1175/397/9 1171/398/9 1170/399/9
f 1178/400/10 1179/401/10 1169/402/10 1168/403/10
f 1182/404/11 1175/405/11 1169/406/11 1179/407/11
f 1173/408/12 1171/409/12 1175/410/12 1177/411/12
f 1172/412/13 1173/413/13 1177/414/13 1176/415/13
f 1170/416/14 1171/417/14 1173/418/14 1172/419/14
f 1177/420/11 1175/405/11 1182/404/11 1180/421/11
f 1168/422/9 1169/423/9 1175/397/9 1174/396/9
f 1176/415/13 1177/414/13 1180/424/13 1181/425/13
f 1179/426/13 1178/427/13 1183/428/13 1182/429/13
f 1182/430/10 1183/431/10 1181/432/10 1180/433/10
f 1190/31/9 1191/32/9 1187/33/9 1186/34/9
f 1194/35/10 1195/36/10 1185/37/10 1184/38/10
f 1198/39/11 1191/40/11 1185/41/11 1195/42/11
f 1189/43/12 1187/44/12 1191/45/12 1193/46/12
f 1188/47/13 1189/48/13 1193/49/13 1192/50/13
f 1186/51/14 1187/52/14 1189/53/14 1188/54/14
f 1193/55/11 1191/40/11 1198/39/11 1196/56/11
f 1184/57/9 1185/58/9 1191/32/9 1190/31/9
f 1192/50/13 1193/49/13 1196/59/13 1197/60/13
f 1195/61/13 1194/62/13 1199/63/13 1198/64/13
f 1198/65/10 1199/66/10 1197/67/10 1196/68/10
f 1206/852/9 1207/853/9 1203/854/9 1202/855/9
f 1210/856/10 1211/857/10 1201/858/10 1200/859/10
f 1214/860/11 1207/861/11 1201/862/11 1211/863/11
f 1205/864/12 1203/865/12 1207/866/12 1209/867/12
f 1204/868/13 1205/869/13 1209/870/13 1208/871/13
f 1202/872/14 1203/873/14 1205/874/14 1204/875/14
f 1209/876/11 1207/861/11 1214/860/11 1212/877/11
f 1200/878/9 1201/879/9 1207/853/9 1206/852/9
f 1208/871/13 1209/870/13 1212/880/13 1213/881/13
f 1211/882/13 1210/883/13 1215/884/13 1214/885/13
f 1214/886/10 1215/887/10 1213/888/10 1212/889/10
f 1222/396/9 1223/397/9 1219/398/9 1218/399/9
f 1226/400/10 1227/401/10 1217/402/10 1216/403/10
f 1230/404/11 1223/405/11 1217/406/11 1227/407/11
f 1221/408/12 1219/409/12 1223/410/12 1225/411/12
f 1220/412/13 1221/413/13 1225/414/13 1224/415/13
f 1218/416/14 1219/417/14 1221/418/14 1220/419/14
f 1225/420/11 1223/405/11 1230/404/11 1228/421/11
f 1216/422/9 1217/423/9 1223/397/9 1222/396/9
f 1224/415/13 1225/414/13 1228/424/13 1229/425/13
f 1227/426/13 1226/427/13 1231/428/13 1230/429/13
f 1230/430/10 1231/431/10 1229/432/10 1228/433/10
f 1238/396/9 1239/397/9 1235/398/9 1234/399/9
f 1242/400/10 1243/401/10 1233/402/10 1232/403/10
f 1246/404/11 1239/405/11 1233/406/11 1243/407/11
f 1237/408/12 1235/409/12 1239/410/12 1241/411/12
f 1236/412/13 1237/413/13 1241/414/13 1240/415/13
f 1234/416/14 1235/417/14 1237/418/14 1236/419/14
f 1241/420/11 1239/405/11 1246/404/11 1244/421/11
f 1232/422/9 1233/423/9 1239/397/9 1238/396/9
f 1240/415/13 1241/414/13 1244/424/13 1245/425/13
f 1243/426/13 1242/427/13 1247/428/13 1246/429/13
f 1246/430/10 1247/431/10 1245/432/10 1244/433/10
f 1254/31/9 1255/32/9 1251/33/9 1250/34/9
f 1258/35/10 1259/36/10 1249/37/10 1248/38/10
f 1262/39/11 1255/40/11 1249/41/11 1259/42/11
f 1253/43/12 1251/44/12 1255/45/12 1257/46/12
f 1252/47/13 1253/48/13 1257/49/13 1256/50/13
f 1250/51/14 1251/52/14 1253/53/14 1252/54/14
f 1257/55/11 1255/40/11 1262/39/11 1260/56/11
f 1248/57/9 1249/58/9 1255/32/9 1254/31/9
f 1256/50/13 1257/49/13 1260/59/13 1261/60/13
f 1259/61/13 1258/62/13 1263/63/13 1262/64/13
f 1262/65/10 1263/66/10 1261/67/10 1260/68/10
f 1270/852/9 1271/853/9 1267/854/9 1266/855/9
f 1274/856/10 1275/857/10 1265/858/10 1264/859/10
f 1278/860/11 1271/861/11 1265/862/11 1275/863/11
f 1269/864/12 1267/865/12 1271/866/12 1273/867/12
f 1268/868/13 1269/869/13 1273/870/13 1272/871/13
f 1266/872/14 1267/873/14 1269/874/14 1268/875/14
f 1273/876/11 1271/861/11 1278/860/11 1276/877/11
f 1264/878/9 1265/879/9 1271/853/9 1270/852/9
f 1272/871/13 1273/870/13 1276/880/13 1277/881/13
f 1275/882/13 1274/883/13 1279/884/13 1278/885/13
f 1278/886/10 1279/887/10 1277/888/10 1276/889/10
f 1286/396/9 1287/397/9 1283/398/9 1282/399/9
f 1290/400/10 1291/401/10 1281/402/10 1280/403/10
f 1294/404/11 1287/405/11 1281/406/11 1291/407/11
f 1285/408/12 1283/409/12 1287/410/12 1289/411/12
f 1284/412/13 1285/413/13 1289/414/13 1288/415/13
f 1282/416/14 1283/417/14 1285/418/14 1284/419/14
f 1289/420/11 1287/405/11 1294/404/11 1292/421/11
f 1280/422/9 1281/423/9 1287/397/9 1286/396/9
f 1288/415/13 1289/414/13 1292/424/13 1293/425/13
f 1291/426/13 1290/427/13 1295/428/13 1294/429/13
f 1294/430/10 1295/431/10 1293/432/10 1292/433/10
f 1302/396/9 1303/397/9 1299/398/9 1298/399/9
f 1306/400/10 1307/401/10 1297/402/10 1296/403/10
f 1310/404/11 1303/405/11 1297/406/11 1307/407/11
f 1301/408/12 1299/409/12 1303/410/12 1305/411/12
f 1300/412/13 1301/413/13 1305/414/13 1304/415/13
f 1298/416/14 1299/417/14 1301/418/14 1300/419/14
f 1305/420/11 1303/405/11 1310/404/11 1308/421/11
f 1296/422/9 1297/423/9 1303/397/9 1302/396/9
f 1304/415/13 1305/414/13 1308/424/13 1309/425/13
f 1307/426/13 1306/427/13 1311/428/13 1310/429/13
f 1310/430/10 1311/431/10 1309/432/10 1308/433/10
f 1318/31/9 1319/32/9 1315/33/9 1314/34/9
f 1322/35/10 1323/36/10 1313/37/10 1312/38/10
f 1326/39/11 1319/40/11 1313/41/11 1323/42/11
f 1317/43/12 1315/44/12 1319/45/12 1321/46/12
f 1316/47/13 1317/48/13 1321/49/13 1320/50/13
f 1314/51/14 1315/52/14 1317/53/14 1316/54/14
f 1321/55/11 1319/40/11 1326/39/11 1324/56/11
f 1312/57/9 1313/58/9 1319/32/9 1318/31/9
f 1320/50/13 1321/49/13 1324/59/13 1325/60/13
f 1323/61/13 1322/62/13 1327/63/13 1326/64/13
f 1326/65/10 1327/66/10 1325/67/10 1324/68/10
f 1334/852/9 1335/853/9 1331/854/9 1330/855/9
f 1338/856/10 1339/857/10 1329/858/10 1328/859/10
f 1342/860/11 1335/861/11 1329/862/11 1339/863/11
f 1333/864/12 1331/865/12 1335/866/12 1337/867/12
f 1332/868/13 1333/869/13 1337/870/13 1336/871/13
f 1330/872/14 1331/873/14 1333/874/14 1332/875/14
f 1337/876/11 1335/861/11 1342/860/11 1340/877/11
f 1328/878/9 1329/879/9 1335/853/9 1334/852/9
f 1336/871/13 1337/870/13 1340/880/13 1341/881/13
f 1339/882/13 1338/883/13 1343/884/13 1342/885/13
f 1342/886/10 1343/887/10 1341/888/10 1340/889/10
f 1350/396/9 1351/397/9 1347/398/9 1346/399/9
f 1354/400/10 1355/401/10 1345/402/10 1344/403/10
f 1358/404/11 1351/405/11 1345/406/11 1355/407/11
f 1349/408/12 1347/409/12 1351/410/12 1353/411/12
f 1348/412/13 1349/413/13 1353/414/13 1352/415/13
f 1346/416/14 1347/417/14 1349/418/14 1348/419/14
f 1353/420/11 1351/405/11 1358/404/11 1356/421/11
f 1344/422/9 1345/423/9 1351/397/9 1350/396/9
f 1352/415/13 1353/414/13 1356/424/13 1357/425/13
f 1355/426/13 1354/427/13 1359/428/13 1358/429/13
f 1358/430/10 1359/431/10 1357/432/10 1356/433/10
f 1366/396/9 1367/397/9 1363/398/9 1362/399/9
f 1370/400/10 1371/401/10 1361/402/10 1360/403/10
f 1374/404/11 1367/405/11 1361/406/11 1371/407/11
f 1365/408/12 1363/409/12 1367/410/12 1369/411/12
f 1364/412/13 1365/413/13 1369/414/13 1368/415/13
f 1362/416/14 1363/417/14 1365/418/14 1364/419/14
f 1369/420/11 1367/405/11 1374/404/11 1372/421/11
f 1360/422/9 1361/423/9 1367/397/9 1366/396/9
f 1368/415/13 1369/414/13 1372/424/13 1373/425/13
f 1371/426/13 1370/427/13 1375/428/13 1374/429/13
f 1374/430/10 1375/431/10 1373/432/10 1372/433/10
f 1382/31/9 1383/32/9 1379/33/9 1378/34/9
f 1386/35/10 1387/36/10 1377/37/10 1376/38/10
f 1390/39/11 1383/40/11 1377/41/11 1387/42/11
f 1381/43/12 1379/44/12 1383/45/12 1385/46/12
f 1380/47/13 1381/48/13 1385/49/13 1384/50/13
f 1378/51/14 1379/52/14 1381/53/14 1380/54/14
f 1385/55/11 1383/40/11 1390/39/11 1388/56/11
f 1376/57/9 1377/58/9 1383/32/9 1382/31/9
f 1384/50/13 1385/49/13 1388/59/13 1389/60/13
f 1387/61/13 1386/62/13 1391/63/13 1390/64/13
f 1390/65/10 1391/66/10 1389/67/10 1388/68/10
f 1398/852/9 1399/853/9 1395/854/9 1394/855/9
f 1402/856/10 1403/857/10 1393/858/10 1392/859/10
f 1406/860/11 1399/861/11 1393/862/11 1403/863/11
f 1397/864/12 1395/865/12 1399/866/12 1401/867/12
f 1396/868/13 1397/869/13 1401/870/13 1400/871/13
f 1394/872/14 1395/873/14 1397/874/14 1396/875/14
f 1401/876/11 1399/861/11 1406/860/11 1404/877/11
f 1392/878/9 1393/879/9 1399/853/9 1398/852/9
f 1400/871/13 1401/870/13 1404/880/13 1405/881/13
f 1403/882/13 1402/883/13 1407/884/13 1406/885/13
f 1406/886/10 1407/887/10 1405/888/10 1404/889/10
f 1414/396/9 1415/397/9 1411/398/9 1410/399/9
f 1418/400/10 1419/401/10 1409/402/10 1408/403/10
f 1422/404/11 1415/405/11 1409/406/11 1419/407/11
f 1413/408/12 1411/409/12 1415/410/12 1417/411/12
f 1412/412/13 1413/413/13 1417/414/13 1416/415/13
f 1410/416/14 1411/417/14 1413/418/14 1412/419/14
f 1417/420/11 1415/405/11 1422/404/11 1420/421/11
f 1408/422/9 1409/423/9 1415/397/9 1414/396/9
f 1416/415/13 1417/414/13 1420/424/13 1421/425/13
f 1419/426/13 1418/427/13 1423/428/13 1422/429/13
f 1422/430/10 1423/431/10 1421/432/10 1420/433/10
f 1430/396/9 1431/397/9 1427/398/9 1426/399/9
f 1434/400/10 1435/401/10 1425/402/10 1424/403/10
f 1438/404/11 1431/405/11 1425/406/11 1435/407/11
f 1429/408/12 1427/409/12 1431/410/12 1433/411/12
f 1428/412/13 1429/413/13 1433/414/13 1432/415/13
f 1426/416/14 1427/417/14 1429/418/14 1428/419/14
f 1433/420/11 1431/405/11 1438/404/11 1436/421/11
f 1424/422/9 1425/423/9 1431/397/9 1430/396/9
f 1432/415/13 1433/414/13 1436/424/13 1437/425/13
f 1435/426/13 1434/427/13 1439/428/13 1438/429/13
f 1438/430/10 1439/431/10 1437/432/10 1436/433/10
f 1446/31/9 1447/32/9 1443/33/9 1442/34/9
f 1450/35/10 1451/36/10 1441/37/10 1440/38/10
f 1454/39/11 1447/40/11 1441/41/11 1451/42/11
f 1445/43/12 1443/44/12 1447/45/12 1449/46/12
f 1444/47/13 1445/48/13 1449/49/13 1448/50/13
f 1442/51/14 1443/52/14 1445/53/14 1444/54/14
f 1449/55/11 1447/40/11 1454/39/11 1452/56/11
f 1440/57/9 1441/58/9 1447/32/9 1446/31/9
f 1448/50/13 1449/49/13 1452/59/13 1453/60/13
f 1451/61/13 1450/62/13 1455/63/13 1454/64/13
f 1454/65/10 1455/66/10 1453/67/10 1452/68/10
f 1462/852/9 1463/853/9 1459/854/9 1458/855/9
f 1466/856/10 1467/857/10 1457/858/10 1456/859/10
f 1470/860/11 1463/861/11 1457/862/11 1467/863/11
f 1461/864/12 1459/865/12 1463/866/12 1465/867/12
f 1460/868/13 1461/869/13 1465/870/13 1464/871/13
f 1458/872/14 1459/873/14 1461/874/14 1460/875/14
f 1465/876/11 1463/861/11 1470/860/11 1468/877/11
f 1456/878/9 1457/879/9 1463/853/9 1462/852/9
f 1464/871/13 1465/870/13 1468/880/13 1469/881/13
f 1467/882/13 1466/883/13 1471/884/13 1470/885/13
f 1470/886/10 1471/887/10 1469/888/10 1468/889/10
f 1478/396/9 1479/397/9 1475/398/9 1474/399/9
f 1482/400/10 1483/401/10 1473/402/10 1472/403/10
f 1486/404/11 1479/405/11 1473/406/11 1483/407/11
f 1477/408/12 1475/409/12 1479/410/12 1481/411/12
f 1476/412/13 1477/413/13 1481/414/13 1480/415/13
f 1474/416/14 1475/417/14 1477/418/14 1476/419/14
f 1481/420/11 1479/405/11 1486/404/11 1484/421/11
f 1472/422/9 1473/423/9 1479/397/9 1478/396/9
f 1480/415/13 1481/414/13 1484/424/13 1485/425/13
f 1483/426/13 1482/427/13 1487/428/13 1486/429/13
f 1486/430/10 1487/431/10 1485/432/10 1484/433/10
f 1494/396/9 1495/397/9 1491/398/9 1490/399/9
f 1498/400/10 1499/401/10 1489/402/10 1488/403/10
f 1502/404/11 1495/405/11 1489/406/11 1499/407/11
f 1493/408/12 1491/409/12 1495/410/12 1497/411/12
f 1492/412/13 1493/413/13 1497/414/13 1496/415/13
f 1490/416/14 1491/417/14 1493/418/14 1492/419/14
f 1497/420/11 1495/405/11 1502/404/11 1500/421/11
f 1488/422/9 1489/423/9 1495/397/9 1494/396/9
f 1496/415/13 1497/414/13 1500/424/13 1501/425/13
f 1499/426/13 1498/427/13 1503/428/13 1502/429/13
f 1502/430/10 1503/431/10 1501/432/10 1500/433/10
f 1510/31/9 1511/32/9 1507/33/9 1506/34/9
f 1514/35/10 1515/36/10 1505/37/10 1504/38/10
f 1518/39/11 1511/40/11 1505/41/11 1515/42/11
f 1509/43/12 1507/44/12 1511/45/12 1513/46/12
f 1508/47/13 1509/48/13 1513/49/13 1512/50/13
f 1506/51/14 1507/52/14 1509/53/14 1508/54/14
f 1513/55/11 1511/40/11 1518/39/11 1516/56/11
f 1504/57/9 1505/58/9 1511/32/9 1510/31/9
f 1512/50/13 1513/49/13 1516/59/13 1517/60/13
f 1515/61/13 1514/62/13 1519/63/13 1518/64/13
f 1518/65/10 1519/66/10 1517/67/10 1516/68/10
f 1526/852/9 1527/853/9 1523/854/9 1522/855/9
f 1530/856/10 1531/857/10 1521/858/10 1520/859/10
f 1534/860/11 1527/861/11 1521/862/11 1531/863/11
f 1525/864/12 1523/865/12 1527/866/12 1529/867/12
f 1524/868/13 1525/869/13 1529/870/13 1528/871/13
f 1522/872/14 1523/873/14 1525/874/14 1524/875/14
f 1529/876/11 1527/861/11 1534/860/11 1532/877/11
f 1520/878/9 1521/879/9 1527/853/9 1526/852/9
f 1528/871/13 1529/870/13 1532/880/13 1533/881/13
f 1531/882/13 1530/883/13 1535/884/13 1534/885/13
f 1534/886/10 1535/887/10 1533/888/10 1532/889/10
f 1542/396/9 1543/397/9 1539/398/9 1538/399/9
f 1546/400/10 1547/401/10 1537/402/10 1536/403/10
f 1550/404/11 1543/405/11 1537/406/11 1547/407/11
f 1541/408/12 1539/409/12 1543/410/12 1545/411/12
f 1540/412/13 1541/413/13 1545/414/13 1544/415/13
f 1538/416/14 1539/417/14 1541/418/14 1540/419/14
f 1545/420/11 1543/405/11 1550/404/11 1548/421/11
f 1536/422/9 1537/423/9 1543/397/9 1542/396/9
f 1544/415/13 1545/414/13 1548/424/13 1549/425/13
f 1547/426/13 1546/427/13 1551/428/13 1550/429/13
f 1550/430/10 1551/431/10 1549/432/10 1548/433/10
f 1558/396/9 1559/397/9 1555/398/9 1554/399/9
f 1562/400/10 1563/401/10 1553/402/10 1552/403/10
f 1566/404/11 1559/405/11 1553/406/11 1563/407/11
f 1557/408/12 1555/409/12 1559/410/12 1561/411/12
f 1556/412/13 1557/413/13 1561/414/13 1560/415/13
f 1554/416/14 1555/417/14 1557/418/14 1556/419/14
f 1561/420/11 1559/405/11 1566/404/11 1564/421/11
f 1552/422/9 1553/423/9 1559/397/9 1558/396/9
f 1560/415/13 1561/414/13 1564/424/13 1565/425/13
f 1563/426/13 1562/427/13 1567/428/13 1566/429/13
f 1566/430/10 1567/431/10 1565/432/10 1564/433/10
f 1574/31/9 1575/32/9 1571/33/9 1570/34/9
f 1578/35/10 1579/36/10 1569/37/10 1568/38/10
f 1582/39/11 1575/40/11 1569/41/11 1579/42/11
f 1573/43/12 1571/44/12 1575/45/12 1577/46/12
f 1572/47/13 1573/48/13 1577/49/13 1576/50/13
f 1570/51/14 1571/52/14 1573/53/14 1572/54/14
f 1577/55/11 1575/40/11 1582/39/11 1580/56/11
f 1568/57/9 1569/58/9 1575/32/9 1574/31/9
f 1576/50/13 1577/49/13 1580/59/13 1581/60/13
f 1579/61/13 1578/62/13 1583/63/13 1582/64/13
f 1582/65/10 1583/66/10 1581/67/10 1580/68/10
f 1590/852/9 1591/853/9 1587/854/9 1586/855/9
f 1594/856/10 1595/857/10 1585/858/10 1584/859/10
f 1598/860/11 1591/861/11 1585/862/11 1595/863/11
f 1589/864/12 1587/865/12 1591/866/12 1593/867/12
f 1588/868/13 1589/869/13 1593/870/13 1592/871/13
f 1586/872/14 1587/873/14 1589/874/14 1588/875/14
f 1593/876/11 1591/861/11 1598/860/11 1596/877/11
f 1584/878/9 1585/879/9 1591/853/9 1590/852/9
f 1592/871/13 1593/870/13 1596/880/13 1597/881/13
f 1595/882/13 1594/883/13 1599/884/13 1598/885/13
f 1598/886/10 1599/887/10 1597/888/10 1596/889/10
f 1606/396/9 1607/397/9 1603/398/9 1602/399/9
f 1610/400/10 1611/401/10 1601/402/10 1600/403/10
f 1614/404/11 1607/405/11 1601/406/11 1611/407/11
f 1605/408/12 1603/409/12 1607/410/12 1609/411/12
f 1604/412/13 1605/413/13 1609/414/13 1608/415/13
f 1602/416/14 1603/417/14 1605/418/14 1604/419/14
f 1609/420/11 1607/405/11 1614/404/11 1612/421/11
f 1600/422/9 1601/423/9 1607/397/9 1606/396/9
f 1608/415/13 1609/414/13 1612/424/13 1613/425/13
f 1611/426/13 1610/427/13 1615/428/13 1614/429/13
f 1614/430/10 1615/431/10 1613/432/10 1612/433/10
f 1622/396/9 1623/397/9 1619/398/9 1618/399/9
f 1626/400/10 1627/401/10 1617/402/10 1616/403/10
f 1630/404/11 1623/405/11 1617/406/11 1627/407/11
f 1621/408/12 1619/409/12 1623/410/12 1625/411/12
f 1620/412/13 1621/413/13 1625/414/13 1624/415/13
f 1618/416/14 1619/417/14 1621/418/14 1620/419/14
f 1625/420/11 1623/405/11 1630/404/11 1628/421/11
f 1616/422/9 1617/423/9 1623/397/9 1622/396/9
f 1624/415/13 1625/414/13 1628/424/13 1629/425/13
f 1627/426/13 1626/427/13 1631/428/13 1630/429/13
f 1630/430/10 1631/431/10 1629/432/10 1628/433/10
f 1638/31/9 1639/32/9 1635/33/9 1634/34/9
f 1642/35/10 1643/36/10 1633/37/10 1632/38/10
f 1646/39/11 1639/40/11 1633/41/11 1643/42/11
f 1637/43/12 1635/44/12 1639/45/12 1641/46/12
f 1636/47/13 1637/48/13 1641/49/13 1640/50/13
f 1634/51/14 1635/52/14 1637/53/14 1636/54/14
f 1641/55/11 1639/40/11 1646/39/11 1644/56/11
f 1632/57/9 1633/58/9 1639/32/9 1638/31/9
f 1640/50/13 1641/49/13 1644/59/13 1645/60/13
f 1643/61/13 1642/62/13 1647/63/13 1646/64/13
f 1646/65/10 1647/66/10 1645/67/10 1644/68/10
f 1654/852/9 1655/853/9 1651/854/9 1650/855/9
f 1658/856/10 1659/857/10 1649/858/10 1648/859/10
f 1662/860/11 1655/861/11 1649/862/11 1659/863/11
f 1653/864/12 1651/865/12 1655/866/12 1657/867/12
f 1652/868/13 1653/869/13 1657/870/13 1656/871/13
f 1650/872/14 1651/873/14 1653/874/14 1652/875/14
f 1657/876/11 1655/861/11 1662/860/11 1660/877/11
f 1648/878/9 1649/879/9 1655/853/9 1654/852/9
f 1656/871/13 1657/870/13 1660/880/13 1661/881/13
f 1659/882/13 1658/883/13 1663/884/13 1662/885/13
f 1662/886/10 1663/887/10 1661/888/10 1660/889/10
f 1670/396/9 1671/397/9 1667/398/9 1666/399/9
f 1674/400/10 1675/401/10 1665/402/10 1664/403/10
f 1678/404/11 1671/405/11 1665/406/11 1675/407/11
f 1669/408/12 1667/409/12 1671/410/12 1673/411/12
f 1668/412/13 1669/413/13 1673/414/13 1672/415/13
f 1666/416/14 1667/417/14 1669/418/14 1668/419/14
f 1673/420/11 1671/405/11 1678/404/11 1676/421/11
f 1664/422/9 1665/423/9 1671/397/9 1670/396/9
f 1672/415/13 1673/414/13 1676/424/13 1677/425/13
f 1675/426/13 1674/427/13 1679/428/13 1678/429/13
f 1678/430/10 1679/431/10 1677/432/10 1676/433/10
f 1686/396/54 1687/397/54 1683/398/54 1682/399/54
f 1690/400/55 1691/401/55 1681/402/55 1680/403/55
f 1694/404/56 1687/405/56 1681/406/56 1691/407/56
f 1685/408/57 1683/409/57 1687/410/57 1689/411/57
f 1684/412/58 1685/413/58 1689/414/58 1688/415/58
f 1682/416/59 1683/417/59 1685/418/59 1684/419/59
f 1689/420/56 1687/405/56 1694/404/56 1692/421/56
f 1680/422/54 1681/423/54 1687/397/54 1686/396/54
f 1688/415/58 1689/414/58 1692/424/58 1693/425/58
f 1691/426/58 1690/427/58 1695/428/58 1694/429/58
f 1694/430/55 1695/431/55 1693/432/55 1692/433/55
f 1702/31/54 1703/32/54 1699/33/54 1698/34/54
f 1706/35/55 1707/36/55 1697/37/55 1696/38/55
f 1710/39/56 1703/40/56 1697/41/56 1707/42/56
f 1701/43/57 1699/44/57 1703/45/57 1705/46/57
f 1700/47/58 1701/48/58 1705/49/58 1704/50/58
f 1698/51/59 1699/52/59 1701/53/59 1700/54/59
f 1705/55/56 1703/40/56 1710/39/56 1708/56/56
f 1696/57/54 1697/58/54 1703/32/54 1702/31/54
f 1704/50/58 1705/49/58 1708/59/58 1709/60/58
f 1707/61/58 1706/62/58 1711/63/58 1710/64/58
f 1710/65/55 1711/66/55 1709/67/55 1708/68/55
f 1718/852/54 1719/853/54 1715/854/54 1714/855/54
f 1722/856/55 1723/857/55 1713/858/55 1712/859/55
f 1726/860/56 1719/861/56 1713/862/56 1723/863/56
f 1717/864/57 1715/865/57 1719/866/57 1721/867/57
f 1716/868/58 1717/869/58 1721/870/58 1720/871/58
f 1714/872/59 1715/873/59 1717/874/59 1716/875/59
f 1721/876/56 1719/861/56 1726/860/56 1724/877/56
f 1712/878/54 1713/879/54 1719/853/54 1718/852/54
f 1720/871/58 1721/870/58 1724/880/58 1725/881/58
f 1723/882/58 1722/883/58 1727/884/58 1726/885/58
f 1726/886/55 1727/887/55 1725/888/55 1724/889/55
f 1734/396/54 1735/397/54 1731/398/54 1730/399/54
f 1738/400/55 1739/401/55 1729/402/55 1728/403/55
f 1742/404/56 1735/405/56 1729/406/56 1739/407/56
f 1733/408/57 1731/409/57 1735/410/57 1737/411/57
f 1732/412/58 1733/413/58 1737/414/58 1736/415/58
f 1730/416/59 1731/417/59 1733/418/59 1732/419/59
f 1737/420/56 1735/405/56 1742/404/56 1740/421/56
f 1728/422/54 1729/423/54 1735/397/54 1734/396/54
f 1736/415/58 1737/414/58 1740/424/58 1741/425/58
f 1739/426/58 1738/427/58 1743/428/58 1742/429/58
f 1742/430/55 1743/431/55 1741/432/55 1740/433/55
f 1750/396/54 1751/397/54 1747/398/54 1746/399/54
f 1754/400/55 1755/401/55 1745/402/55 1744/403/55
f 1758/404/56 1751/405/56 1745/406/56 1755/407/56
f 1749/408/57 1747/409/57 1751/410/57 1753/411/57
f 1748/412/58 1749/413/58 1753/414/58 1752/415/58
f 1746/416/59 1747/417/59 1749/418/59 1748/419/59
f 1753/420/56 1751/405/56 1758/404/56 1756/421/56
f 1744/422/54 1745/423/54 1751/397/54 1750/396/54
f 1752/415/58 1753/414/58 1756/424/58 1757/425/58
f 1755/426/58 1754/427/58 1759/428/58 1758/429/58
f 1758/430/55 1759/431/55 1757/432/55 1756/433/55
f 1766/31/54 1767/32/54 1763/33/54 1762/34/54
f 1770/35/55 1771/36/55 1761/37/55 1760/38/55
f 1774/39/56 1767/40/56 1761/41/56 1771/42/56
f 1765/43/57 1763/44/57 1767/45/57 1769/46/57
f 1764/47/58 1765/48/58 1769/49/58 1768/50/58
f 1762/51/59 1763/52/59 1765/53/59 1764/54/59
f 1769/55/56 1767/40/56 1774/39/56 1772/56/56
f 1760/57/54 1761/58/54 1767/32/54 1766/31/54
f 1768/50/58 1769/49/58 1772/59/58 1773/60/58
f 1771/61/58 1770/62/58 1775/63/58 1774/64/58
f 1774/65/55 1775/66/55 1773/67/55 1772/68/55
f 1782/852/54 1783/853/54 1779/854/54 1778/855/54
f 1786/856/55 1787/857/55 1777/858/55 1776/859/55
f 1790/860/56 1783/861/56 1777/862/56 1787/863/56
f 1781/864/57 1779/865/57 1783/866/57 1785/867/57
f 1780/868/58 1781/869/58 1785/870/58 1784/871/58
f 1778/872/59 1779/873/59 1781/874/59 1780/875/59
f 1785/876/56 1783/861/56 1790/860/56 1788/877/56
f 1776/878/54 1777/879/54 1783/853/54 1782/852/54
f 1784/871/58 1785/870/58 1788/880/58 1789/881/58
f 1787/882/58 1786/883/58 1791/884/58 1790/885/58
f 1790/886/55 1791/887/55 1789/888/55 1788/889/55
f 1798/396/54 1799/397/54 1795/398/54 1794/399/54
f 1802/400/55 1803/401/55 1793/402/55 1792/403/55
f 1806/404/56 1799/405/56 1793/406/56 1803/407/56
f 1797/408/57 1795/409/57 1799/410/57 1801/411/57
f 1796/412/58 1797/413/58 1801/414/58 1800/415/58
f 1794/416/59 1795/417/59 1797/418/59 1796/419/59
f 1801/420/56 1799/405/56 1806/404/56 1804/421/56
f 1792/422/54 1793/423/54 1799/397/54 1798/396/54
f 1800/415/58 1801/414/58 1804/424/58 1805/425/58
f 1803/426/58 1802/427/58 1807/428/58 1806/429/58
f 1806/430/55 1807/431/55 1805/432/55 1804/433/55
f 1814/396/54 1815/397/54 1811/398/54 1810/399/54
f 1818/400/55 1819/401/55 1809/402/55 1808/403/55
f 1822/404/56 1815/405/56 1809/406/56 1819/407/56
f 1813/408/57 1811/409/57 1815/410/57 1817/411/57
f 1812/412/58 1813/413/58 1817/414/58 1816/415/58
f 1810/416/59 1811/417/59 1813/418/59 1812/419/59
f 1817/420/56 1815/405/56 1822/404/56 1820/421/56
f 1808/422/54 1809/423/54 1815/397/54 1814/396/54
f 1816/415/58 1817/414/58 1820/424/58 1821/425/58
f 1819/426/58 1818/427/58 1823/428/58 1822/429/58
f 1822/430/55 1823/431/55 1821/432/55 1820/433/55
f 1830/31/54 1831/32/54 1827/33/54 1826/34/54
f 1834/35/55 1835/36/55 1825/37/55 1824/38/55
f 1838/39/56 1831/40/56 1825/41/56 1835/42/56
f 1829/43/57 1827/44/57 1831/45/57 1833/46/57
f 1828/47/58 1829/48/58 1833/49/58 1832/50/58
f 1826/51/59 1827/52/59 1829/53/59 1828/54/59
f 1833/55/56 1831/40/56 1838/39/56 1836/56/56
f 1824/57/54 1825/58/54 1831/32/54 1830/31/54
f 1832/50/58 1833/49/58 1836/59/58 1837/60/58
f 1835/61/58 1834/62/58 1839/63/58 1838/64/58
f 1838/65/55 1839/66/55 1837/67/55 1836/68/55
f 1846/852/54 1847/853/54 1843/854/54 1842/855/54
f 1850/856/55 1851/857/55 1841/858/55 1840/859/55
f 1854/860/56 1847/861/56 1841/862/56 1851/863/56
f 1845/864/57 1843/865/57 1847/866/57 1849/867/57
f 1844/868/58 1845/869/58 1849/870/58 1848/871/58
f 1842/872/59 1843/873/59 1845/874/59 1844/875/59
f 1849/876/56 1847/861/56 1854/860/56 1852/877/56
f 1840/878/54 1841/879/54 1847/853/54 1846/852/54
f 1848/871/58 1849/870/58 1852/880/58 1853/881/58
f 1851/882/58 1850/883/58 1855/884/58 1854/885/58
f 1854/886/55 1855/887/55 1853/888/55 1852/889/55
f 1862/396/54 1863/397/54 1859/398/54 1858/399/54
f 1866/400/55 1867/401/55 1857/402/55 1856/403/55
f 1870/404/56 1863/405/56 1857/406/56 1867/407/56
f 1861/408/57 1859/409/57 1863/410/57 1865/411/57
f 1860/412/58 1861/413/58 1865/414/58 1864/415/58
f 1858/416/59 1859/417/59 1861/418/59 1860/419/59
f 1865/420/56 1863/405/56 1870/404/56 1868/421/56
f 1856/422/54 1857/423/54 1863/397/54 1862/396/54
f 1864/415/58 1865/414/58 1868/424/58 1869/425/58
f 1867/426/58 1866/427/58 1871/428/58 1870/429/58
f 1870/430/55 1871/431/55 1869/432/55 1868/433/55
f 1878/396/54 1879/397/54 1875/398/54 1874/399/54
f 1882/400/55 1883/401/55 1873/402/55 1872/403/55
f 1886/404/56 1879/405/56 1873/406/56 1883/407/56
f 1877/408/57 1875/409/57 1879/410/57 1881/411/57
f 1876/412/58 1877/413/58 1881/414/58 1880/415/58
f 1874/416/59 1875/417/59 1877/418/59 1876/419/59
f 1881/420/56 1879/405/56 1886/404/56 1884/421/56
f 1872/422/54 1873/423/54 1879/397/54 1878/396/54
f 1880/415/58 1881/414/58 1884/424/58 1885/425/58
f 1883/426/58 1882/427/58 1887/428/58 1886/429/58
f 1886/430/55 1887/431/55 1885/432/55 1884/433/55
f 1894/31/54 1895/32/54 1891/33/54 1890/34/54
f 1898/35/55 1899/36/55 1889/37/55 1888/38/55
f 1902/39/56 1895/40/56 1889/41/56 1899/42/56
f 1893/43/57 1891/44/57 1895/45/57 1897/46/57
f 1892/47/58 1893/48/58 1897/49/58 1896/50/58
f 1890/51/59 1891/52/59 1893/53/59 1892/54/59
f 1897/55/56 1895/40/56 1902/39/56 1900/56/56
f 1888/57/54 1889/58/54 1895/32/54 1894/31/54
f 1896/50/58 1897/49/58 1900/59/58 1901/60/58
f 1899/61/58 1898/62/58 1903/63/58 1902/64/58
f 1902/65/55 1903/66/55 1901/67/55 1900/68/55
f 1910/852/54 1911/853/54 1907/854/54 1906/855/54
f 1914/856/55 1915/857/55 1905/858/55 1904/859/55
f 1918/860/56 1911/861/56 1905/862/56 1915/863/56
f 1909/864/57 1907/865/57 1911/866/57 1913/867/57
f 1908/868/58 1909/869/58 1913/870/58 1912/871/58
f 1906/872/59 1907/873/59 1909/874/59 1908/875/59
f 1913/876/56 1911/861/56 1918/860/56 1916/877/56
f 1904/878/54 1905/879/54 1911/853/54 1910/852/54
f 1912/871/58 1913/870/58 1916/880/58 1917/881/58
f 1915/882/58 1914/883/58 1919/884/58 1918/885/58
f 1918/886/55 1919/887/55 1917/888/55 1916/889/55
f 1926/396/54 1927/397/54 1923/398/54 1922/399/54
f 1930/400/55 1931/401/55 1921/402/55 1920/403/55
f 1934/404/56 1927/405/56 1921/406/56 1931/407/56
f 1925/408/57 1923/409/57 1927/410/57 1929/411/57
f 1924/412/58 1925/413/58 1929/414/58 1928/415/58
f 1922/416/59 1923/417/59 1925/418/59 1924/419/59
f 1929/420/56 1927/405/56 1934/404/56 1932/421/56
f 1920/422/54 1921/423/54 1927/397/54 1926/396/54
f 1928/415/58 1929/414/58 1932/424/58 1933/425/58
f 1931/426/58 1930/427/58 1935/428/58 1934/429/58
f 1934/430/55 1935/431/55 1933/432/55 1932/433/55
f 1942/396/54 1943/397/54 1939/398/54 1938/399/54
f 1946/400/55 1947/401/55 1937/402/55 1936/403/55
f 1950/404/56 1943/405/56 1937/406/56 1947/407/56
f 1941/408/57 1939/409/57 1943/410/57 1945/411/57
f 1940/412/58 1941/413/58 1945/414/58 1944/415/58
f 1938/416/59 1939/417/59 1941/418/59 1940/419/59
f 1945/420/56 1943/405/56 1950/404/56 1948/421/56
f 1936/422/54 1937/423/54 1943/397/54 1942/396/54
f 1944/415/58 1945/414/58 1948/424/58 1949/425/58
f 1947/426/58 1946/427/58 1951/428/58 1950/429/58
f 1950/430/55 1951/431/55 1949/432/55 1948/433/55
f 1958/31/54 1959/32/54 1955/33/54 1954/34/54
f 1962/35/55 1963/36/55 1953/37/55 1952/38/55
f 1966/39/56 1959/40/56 1953/41/56 1963/42/56
f 1957/43/57 1955/44/57 1959/45/57 1961/46/57
f 1956/47/58 1957/48/58 1961/49/58 1960/50/58
f 1954/51/59 1955/52/59 1957/53/59 1956/54/59
f 1961/55/56 1959/40/56 1966/39/56 1964/56/56
f 1952/57/54 1953/58/54 1959/32/54 1958/31/54
f 1960/50/58 1961/49/58 1964/59/58 1965/60/58
f 1963/61/58 1962/62/58 1967/63/58 1966/64/58
f 1966/65/55 1967/66/55 1965/67/55 1964/68/55
f 1974/852/54 1975/853/54 1971/854/54 1970/855/54
f 1978/856/55 1979/857/55 1969/858/55 1968/859/55
f 1982/860/56 1975/861/56 1969/862/56 1979/863/56
f 1973/864/57 1971/865/57 1975/866/57 1977/867/57
f 1972/868/58 1973/869/58 1977/870/58 1976/871/58
f 1970/872/59 1971/873/59 1973/874/59 1972/875/59
f 1977/876/56 1975/861/56 1982/860/56 1980/877/56
f 1968/878/54 1969/879/54 1975/853/54 1974/852/54
f 1976/871/58 1977/870/58 1980/880/58 1981/881/58
f 1979/882/58 1978/883/58 1983/884/58 1982/885/58
f 1982/886/55 1983/887/55 1981/888/55 1980/889/55
f 1990/396/54 1991/397/54 1987/398/54 1986/399/54
f 1994/400/55 1995/401/55 1985/402/55 1984/403/55
f 1998/404/56 1991/405/56 1985/406/56 1995/407/56
f 1989/408/57 1987/409/57 1991/410/57 1993/411/57
f 1988/412/58 1989/413/58 1993/414/58 1992/415/58
f 1986/416/59 1987/417/59 1989/418/59 1988/419/59
f 1993/420/56 1991/405/56 1998/404/56 1996/421/56
f 1984/422/54 1985/423/54 1991/397/54 1990/396/54
f 1992/415/58 1993/414/58 1996/424/58 1997/425/58
f 1995/426/58 1994/427/58 1999/428/58 1998/429/58
f 1998/430/55 1999/431/55 1997/432/55 1996/433/55
f 2006/396/54 2007/397/54 2003/398/54 2002/399/54
f 2010/400/55 2011/401/55 2001/402/55 2000/403/55
f 2014/404/56 2007/405/56 2001/406/56 2011/407/56
f 2005/408/57 2003/409/57 2007/410/57 2009/411/57
f 2004/412/58 2005/413/58 2009/414/58 2008/415/58
f 2002/416/59 2003/417/59 2005/418/59 2004/419/59
f 2009/420/56 2007/405/56 2014/404/56 2012/421/56
f 2000/422/54 2001/423/54 2007/397/54 2006/396/54
f 2008/415/58 2009/414/58 2012/424/58 2013/425/58
f 2011/426/58 2010/427/58 2015/428/58 2014/429/58
f 2014/430/55 2015/431/55 2013/432/55 2012/433/55
f 2022/31/54 2023/32/54 2019/33/54 2018/34/54
f 2026/35/55 2027/36/55 2017/37/55 2016/38/55
f 2030/39/56 2023/40/56 2017/41/56 2027/42/56
f 2021/43/57 2019/44/57 2023/45/57 2025/46/57
f 2020/47/58 2021/48/58 2025/49/58 2024/50/58
f 2018/51/59 2019/52/59 2021/53/59 2020/54/59
f 2025/55/56 2023/40/56 2030/39/56 2028/56/56
f 2016/57/54 2017/58/54 2023/32/54 2022/31/54
f 2024/50/58 2025/49/58 2028/59/58 2029/60/58
f 2027/61/58 2026/62/58 2031/63/58 2030/64/58
f 2030/65/55 2031/66/55 2029/67/55 2028/68/55
f 2038/852/54 2039/853/54 2035/854/54 2034/855/54
f 2042/856/55 2043/857/55 2033/858/55 2032/859/55
f 2046/860/56 2039/861/56 2033/862/56 2043/863/56
f 2037/864/57 2035/865/57 2039/866/57 2041/867/57
f 2036/868/58 2037/869/58 2041/870/58 2040/871/58
f 2034/872/59 2035/873/59 2037/874/59 2036/875/59
f 2041/876/56 2039/861/56 2046/860/56 2044/877/56
f 2032/878/54 2033/879/54 2039/853/54 2038/852/54
f 2040/871/58 2041/870/58 2044/880/58 2045/881/58
f 2043/882/58 2042/883/58 2047/884/58 2046/885/58
f 2046/886/55 2047/887/55 2045/888/55 2044/889/55
f 2054/396/54 2055/397/54 2051/398/54 2050/399/54
f 2058/400/55 2059/401/55 2049/402/55 2048/403/55
f 2062/404/56 2055/405/56 2049/406/56 2059/407/56
f 2053/408/57 2051/409/57 2055/410/57 2057/411/57
f 2052/412/58 2053/413/58 2057/414/58 2056/415/58
f 2050/416/59 2051/417/59 2053/418/59 2052/419/59
f 2057/420/56 2055/405/56 2062/404/56 2060/421/56
f 2048/422/54 2049/423/54 2055/397/54 2054/396/54
f 2056/415/58 2057/414/58 2060/424/58 2061/425/58
f 2059/426/58 2058/427/58 2063/428/58 2062/429/58
f 2062/430/55 2063/431/55 2061/432/55 2060/433/55
f 2070/396/54 2071/397/54 2067/398/54 2066/399/54
f 2074/400/55 2075/401/55 2065/402/55 2064/403/55
f 2078/404/56 2071/405/56 2065/406/56 2075/407/56
f 2069/408/57 2067/409/57 2071/410/57 2073/411/57
f 2068/412/58 2069/413/58 2073/414/58 2072/415/58
f 2066/416/59 2067/417/59 2069/418/59 2068/419/59
f 2073/420/56 2071/405/56 2078/404/56 2076/421/56
f 2064/422/54 2065/423/54 2071/397/54 2070/396/54
f 2072/415/58 2073/414/58 2076/424/58 2077/425/58
f 2075/426/58 2074/427/58 2079/428/58 2078/429/58
f 2078/430/55 2079/431/55 2077/432/55 2076/433/55
f 2086/31/54 2087/32/54 2083/33/54 2082/34/54
f 2090/35/55 2091/36/55 2081/37/55 2080/38/55
f 2094/39/56 2087/40/56 2081/41/56 2091/42/56
f 2085/43/57 2083/44/57 2087/45/57 2089/46/57
f 2084/47/58 2085/48/58 2089/49/58 2088/50/58
f 2082/51/59 2083/52/59 2085/53/59 2084/54/59
f 2089/55/56 2087/40/56 2094/39/56 2092/56/56
f 2080/57/54 2081/58/54 2087/32/54 2086/31/54
f 2088/50/58 2089/49/58 2092/59/58 2093/60/58
f 2091/61/58 2090/62/58 2095/63/58 2094/64/58
f 2094/65/55 2095/66/55 2093/67/55 2092/68/55
f 2102/852/54 2103/853/54 2099/854/54 2098/855/54
f 2106/856/55 2107/857/55 2097/858/55 2096/859/55
f 2110/860/56 2103/861/56 2097/862/56 2107/863/56
f 2101/864/57 2099/865/57 2103/866/57 2105/867/57
f 2100/868/58 2101/869/58 2105/870/58 2104/871/58
f 2098/872/59 2099/873/59 2101/874/59 2100/875/59
f 2105/876/56 2103/861/56 2110/860/56 2108/877/56
f 2096/878/54 2097/879/54 2103/853/54 2102/852/54
f 2104/871/58 2105/870/58 2108/880/58 2109/881/58
f 2107/882/58 2106/883/58 2111/884/58 2110/885/58
f 2110/886/55 2111/887/55 2109/888/55 2108/889/55
f 2118/396/54 2119/397/54 2115/398/54 2114/399/54
f 2122/400/55 2123/401/55 2113/402/55 2112/403/55
f 2126/404/56 2119/405/56 2113/406/56 2123/407/56
f 2117/408/57 2115/409/57 2119/410/57 2121/411/57
f 2116/412/58 2117/413/58 2121/414/58 2120/415/58
f 2114/416/59 2115/417/59 2117/418/59 2116/419/59
f 2121/420/56 2119/405/56 2126/404/56 2124/421/56
f 2112/422/54 2113/423/54 2119/397/54 2118/396/54
f 2120/415/58 2121/414/58 2124/424/58 2125/425/58
f 2123/426/58 2122/427/58 2127/428/58 2126/429/58
f 2126/430/55 2127/431/55 2125/432/55 2124/433/55
f 2134/396/54 2135/397/54 2131/398/54 2130/399/54
f 2138/400/55 2139/401/55 2129/402/55 2128/403/55
f 2142/404/56 2135/405/56 2129/406/56 2139/407/56
f 2133/408/57 2131/409/57 2135/410/57 2137/411/57
f 2132/412/58 2133/413/58 2137/414/58 2136/415/58
f 2130/416/59 2131/417/59 2133/418/59 2132/419/59
f 2137/420/56 2135/405/56 2142/404/56 2140/421/56
f 2128/422/54 2129/423/54 2135/397/54 2134/396/54
f 2136/415/58 2137/414/58 2140/424/58 2141/425/58
f 2139/426/58 2138/427/58 2143/428/58 2142/429/58
f 2142/430/55 2143/431/55 2141/432/55 2140/433/55
f 2150/31/54 2151/32/54 2147/33/54 2146/34/54
f 2154/35/55 2155/36/55 2145/37/55 2144/38/55
f 2158/39/56 2151/40/56 2145/41/56 2155/42/56
f 2149/43/57 2147/44/57 2151/45/57 2153/46/57
f 2148/47/58 2149/48/58 2153/49/58 2152/50/58
f 2146/51/59 2147/52/59 2149/53/59 2148/54/59
f 2153/55/56 2151/40/56 2158/39/56 2156/56/56
f 2144/57/54 2145/58/54 2151/32/54 2150/31/54
f 2152/50/58 2153/49/58 2156/59/58 2157/60/58
f 2155/61/58 2154/62/58 2159/63/58 2158/64/58
f 2158/65/55 2159/66/55 2157/67/55 2156/68/55
f 2166/852/54 2167/853/54 2163/854/54 2162/855/54
f 2170/856/55 2171/857/55 2161/858/55 2160/859/55
f 2174/860/56 2167/861/56 2161/862/56 2171/863/56
f 2165/864/57 2163/865/57 2167/866/57 2169/867/57
f 2164/868/58 2165/869/58 2169/870/58 2168/871/58
f 2162/872/59 2163/873/59 2165/874/59 2164/875/59
f 2169/876/56 2167/861/56 2174/860/56 2172/877/56
f 2160/878/54 2161/879/54 2167/853/54 2166/852/54
f 2168/871/58 2169/870/58 2172/880/58 2173/881/58
f 2171/882/58 2170/883/58 2175/884/58 2174/885/58
f 2174/886/55 2175/887/55 2173/888/55 2172/889/55
f 2182/396/54 2183/397/54 2179/398/54 2178/399/54
f 2186/400/55 2187/401/55 2177/402/55 2176/403/55
f 2190/404/56 2183/405/56 2177/406/56 2187/407/56
f 2181/408/57 2179/409/57 2183/410/57 2185/411/57
f 2180/412/58 2181/413/58 2185/414/58 2184/415/58
f 2178/416/59 2179/417/59 2181/418/59 2180/419/59
f 2185/420/56 2183/405/56 2190/404/56 2188/421/56
f 2176/422/54 2177/423/54 2183/397/54 2182/396/54
f 2184/415/58 2185/414/58 2188/424/58 2189/425/58
f 2187/426/58 2186/427/58 2191/428/58 2190/429/58
f 2190/430/55 2191/431/55 2189/432/55 2188/433/55
f 2200/632/2 2201/633/2 2195/634/2 2194/635/2
f 2194/636/3 2195/637/3 2199/638/3 2198/639/3
f 2202/640/4 2203/641/4 2197/642/8 2196/643/8
f 2196/644/5 2197/645/5 2193/646/5 2192/647/5
f 2203/648/6 2201/649/6 2193/650/6 2197/651/6
f 2199/652/7 2195/653/7 2201/649/7 2203/648/7
f 2198/654/4 2199/655/4 2203/641/4 2202/640/4
f 2192/656/2 2193/657/2 2201/633/2 2200/632/2
f 2212/658/2 2213/659/2 2207/660/2 2206/661/2
f 2206/662/28 2207/663/28 2211/664/28 2210/665/28
f 2214/666/8 2215/667/8 2209/668/8 2208/669/8
f 2208/670/29 2209/671/29 2205/672/29 2204/673/29
f 2215/674/6 2213/675/6 2205/676/6 2209/677/6
f 2211/678/7 2207/679/7 2213/675/7 2215/674/7
f 2210/680/4 2211/681/4 2215/667/8 2214/666/8
f 2204/682/2 2205/683/2 2213/659/2 2212/658/2
f 2224/710/2 2225/711/2 2219/712/2 2218/713/2
f 2218/714/3 2219/715/3 2223/716/3 2222/717/3
f 2226/718/4 2227/719/4 2221/720/4 2220/721/4
f 2220/722/5 2221/723/5 2217/724/5 2216/725/5
f 2227/726/6 2225/727/6 2217/728/6 2221/729/6
f 2223/730/7 2219/731/7 2225/727/7 2227/726/7
f 2222/732/8 2223/733/8 2227/719/4 2226/718/4
f 2216/734/2 2217/735/2 2225/711/2 2224/710/2
f 2236/5/27 2237/6/27 2231/7/2 2230/8/2
f 2230/9/28 2231/10/28 2235/11/28 2234/12/28
f 2238/13/4 2239/14/4 2233/15/4 2232/16/4
f 2232/17/5 2233/18/5 2229/19/5 2228/20/5
f 2239/21/6 2237/22/6 2229/23/6 2233/24/6
f 2235/25/7 2231/26/7 2237/22/7 2239/21/7
f 2234/27/4 2235/28/4 2239/14/4 2238/13/4
f 2228/29/27 2229/30/27 2237/6/27 2236/5/27
f 2248/762/30 2249/763/30 2243/764/30 2242/765/30
f 2242/766/31 2243/767/31 2247/768/31 2246/769/31
f 2250/770/32 2251/771/32 2245/772/32 2244/773/32
f 2244/774/33 2245/775/33 2241/776/33 2240/777/33
f 2251/778/34 2249/779/34 2241/780/34 2245/781/34
f 2247/782/35 2243/783/35 2249/779/35 2251/778/35
f 2246/784/32 2247/785/32 2251/771/32 2250/770/32
f 2240/786/30 2241/787/30 2249/763/30 2248/762/30
f 2260/658/30 2261/659/30 2255/660/30 2254/661/30
f 2254/662/31 2255/663/31 2259/664/31 2258/665/31
f 2262/666/32 2263/667/32 2257/668/32 2256/669/32
f 2256/670/33 2257/671/33 2253/672/33 2252/673/33
f 2263/674/34 2261/675/34 2253/676/34 2257/677/34
f 2259/678/35 2255/679/35 2261/675/35 2263/674/35
f 2258/680/60 2259/681/60 2263/667/32 2262/666/32
f 2252/682/30 2253/683/30 2261/659/30 2260/658/30
s 0
f 2264/928/9 2265/929/9 2267/930/9 2266/931/9
f 2266/931/14 2267/930/14 2271/932/14 2270/933/14
f 2270/933/13 2271/932/13 2269/934/13 2268/935/13
f 2268/935/10 2269/934/10 2265/936/10 2264/937/10
f 2266/938/61 2270/933/61 2268/935/61 2264/939/61
f 2271/932/1 2267/940/1 2265/941/1 2269/934/1
s 1
f 2280/788/30 2281/789/30 2275/790/30 2274/791/30
f 2274/792/31 2275/793/31 2279/794/31 2278/795/31
f 2282/796/32 2283/797/32 2277/798/32 2276/799/32
f 2276/800/33 2277/801/33 2273/802/33 2272/803/33
f 2283/804/34 2281/805/34 2273/806/34 2277/807/34
f 2279/808/35 2275/809/35 2281/805/35 2283/804/35
f 2278/810/32 2279/811/32 2283/797/32 2282/796/32
f 2272/812/30 2273/813/30 2281/789/30 2280/788/30
f 2292/632/2 2293/633/2 2287/634/2 2286/635/2
f 2286/636/28 2287/637/28 2291/638/28 2290/639/28
f 2294/640/8 2295/641/8 2289/642/4 2288/643/4
f 2288/644/29 2289/645/29 2285/646/29 2284/647/29
f 2295/648/6 2293/649/6 2285/650/6 2289/651/6
f 2291/652/7 2287/653/7 2293/649/7 2295/648/7
f 2290/654/8 2291/655/8 2295/641/8 2294/640/8
f 2284/656/2 2285/657/2 2293/633/2 2292/632/2
f 2304/658/27 2305/659/27 2299/660/2 2298/661/2
f 2298/662/28 2299/663/28 2303/664/28 2302/665/28
f 2306/666/4 2307/667/4 2301/668/4 2300/669/4
f 2300/670/29 2301/671/29 2297/672/29 2296/673/29
f 2307/674/6 2305/675/6 2297/676/6 2301/677/6
f 2303/678/7 2299/679/7 2305/675/7 2307/674/7
f 2302/680/4 2303/681/4 2307/667/4 2306/666/4
f 2296/682/27 2297/683/27 2305/659/27 2304/658/27
f 2316/710/2 2317/711/2 2311/712/2 2310/713/2
f 2310/714/3 2311/715/3 2315/716/3 2314/717/3
f 2318/718/4 2319/719/4 2313/720/4 2312/721/4
f 2312/722/5 2313/723/5 2309/724/5 2308/725/5
f 2319/726/6 2317/727/6 2309/728/6 2313/729/6
f 2315/730/7 2311/731/7 2317/727/7 2319/726/7
f 2314/732/4 2315/733/4 2319/719/4 2318/718/4
f 2308/734/27 2309/735/27 2317/711/2 2316/710/2
f 2328/5/27 2329/6/27 2323/7/2 2322/8/2
f 2322/9/28 2323/10/28 2327/11/28 2326/12/28
f 2330/13/4 2331/14/4 2325/15/4 2324/16/4
f 2324/17/29 2325/18/29 2321/19/29 2320/20/29
f 2331/21/6 2329/22/6 2321/23/6 2325/24/6
f 2327/25/7 2323/26/7 2329/22/7 2331/21/7
f 2326/27/8 2327/28/8 2331/14/4 2330/13/4
f 2320/29/27 2321/30/27 2329/6/27 2328/5/27
f 2340/762/30 2341/763/30 2335/764/30 2334/765/30
f 2334/766/31 2335/767/31 2339/768/31 2338/769/31
f 2342/770/32 2343/771/32 2337/772/32 2336/773/32
f 2336/774/33 2337/775/33 2333/776/33 2332/777/33
f 2343/778/34 2341/779/34 2333/780/34 2337/781/34
f 2339/782/35 2335/783/35 2341/779/35 2343/778/35
f 2338/784/60 2339/785/60 2343/771/32 2342/770/32
f 2332/786/30 2333/787/30 2341/763/30 2340/762/30
f 2352/658/30 2353/659/30 2347/660/30 2346/661/30
f 2346/662/31 2347/663/31 2351/664/31 2350/665/31
f 2354/666/32 2355/667/32 2349/668/32 2348/669/32
f 2348/670/33 2349/671/33 2345/672/33 2344/673/33
f 2355/674/34 2353/675/34 2345/676/34 2349/677/34
f 2351/678/35 2347/679/35 2353/675/35 2355/674/35
f 2350/680/32 2351/681/32 2355/667/32 2354/666/32
f 2344/682/62 2345/683/62 2353/659/30 2352/658/30
s 0
f 2356/928/9 2357/929/9 2359/930/9 2358/931/9
f 2358/931/14 2359/930/14 2363/932/14 2362/933/14
f 2362/933/13 2363/932/13 2361/934/13 2360/935/13
f 2360/935/10 2361/934/10 2357/936/10 2356/937/10
f 2358/938/61 2362/933/61 2360/935/61 2356/939/61
f 2363/932/1 2359/940/1 2357/941/1 2361/934/1
s 1
f 2372/788/30 2373/789/30 2367/790/30 2366/791/30
f 2366/792/31 2367/793/31 2371/794/31 2370/795/31
f 2374/796/32 2375/797/32 2369/798/32 2368/799/32
f 2368/800/33 2369/801/33 2365/802/33 2364/803/33
f 2375/804/34 2373/805/34 2365/806/34 2369/807/34
f 2371/808/35 2367/809/35 2373/805/35 2375/804/35
f 2370/810/60 2371/811/60 2375/797/32 2374/796/32
f 2364/812/30 2365/813/30 2373/789/30 2372/788/30
f 2384/632/2 2385/633/2 2379/634/2 2378/635/2
f 2378/636/3 2379/637/3 2383/638/3 2382/639/3
f 2386/640/4 2387/641/4 2381/642/4 2380/643/4
f 2380/644/5 2381/645/5 2377/646/5 2376/647/5
f 2387/648/6 2385/649/6 2377/650/6 2381/651/6
f 2383/652/7 2379/653/7 2385/649/7 2387/648/7
f 2382/654/4 2383/655/4 2387/641/4 2386/640/4
f 2376/656/2 2377/657/2 2385/633/2 2384/632/2
f 2396/658/2 2397/659/2 2391/660/2 2390/661/2
f 2390/662/28 2391/663/28 2395/664/28 2394/665/28
f 2398/666/4 2399/667/4 2393/668/4 2392/669/4
f 2392/670/29 2393/671/29 2389/672/29 2388/673/29
f 2399/674/6 2397/675/6 2389/676/6 2393/677/6
f 2395/678/7 2391/679/7 2397/675/7 2399/674/7
f 2394/680/4 2395/681/4 2399/667/4 2398/666/4
f 2388/682/27 2389/683/27 2397/659/2 2396/658/2
f 2408/710/27 2409/711/27 2403/712/2 2402/713/2
f 2402/714/28 2403/715/28 2407/716/28 2406/717/28
f 2410/718/4 2411/719/4 2405/720/4 2404/721/4
f 2404/722/29 2405/723/29 2401/724/29 2400/725/29
f 2411/726/6 2409/727/6 2401/728/6 2405/729/6
f 2407/730/7 2403/731/7 2409/727/7 2411/726/7
f 2406/732/4 2407/733/4 2411/719/4 2410/718/4
f 2400/734/27 2401/735/27 2409/711/27 2408/710/27
f 2420/5/2 2421/6/2 2415/7/2 2414/8/2
f 2414/9/28 2415/10/28 2419/11/28 2418/12/28
f 2422/13/4 2423/14/4 2417/15/4 2416/16/4
f 2416/17/29 2417/18/29 2413/19/29 2412/20/29
f 2423/21/6 2421/22/6 2413/23/6 2417/24/6
f 2419/25/7 2415/26/7 2421/22/7 2423/21/7
f 2418/27/4 2419/28/4 2423/14/4 2422/13/4
f 2412/29/27 2413/30/27 2421/6/2 2420/5/2
f 2432/762/30 2433/763/30 2427/764/30 2426/765/30
f 2426/766/31 2427/767/31 2431/768/31 2430/769/31
f 2434/770/32 2435/771/32 2429/772/32 2428/773/32
f 2428/774/33 2429/775/33 2425/776/33 2424/777/33
f 2435/778/34 2433/779/34 2425/780/34 2429/781/34
f 2431/782/35 2427/783/35 2433/779/35 2435/778/35
f 2430/784/32 2431/785/32 2435/771/32 2434/770/32
f 2424/786/30 2425/787/30 2433/763/30 2432/762/30
f 2444/658/30 2445/659/30 2439/660/30 2438/661/30
f 2438/662/31 2439/663/31 2443/664/31 2442/665/31
f 2446/666/32 2447/667/32 2441/668/32 2440/669/32
f 2440/670/33 2441/671/33 2437/672/33 2436/673/33
f 2447/674/34 2445/675/34 2437/676/34 2441/677/34
f 2443/678/35 2439/679/35 2445/675/35 2447/674/35
f 2442/680/32 2443/681/32 2447/667/32 2446/666/32
f 2436/682/30 2437/683/30 2445/659/30 2444/658/30
s 0
f 2448/928/9 2449/929/9 2451/930/9 2450/931/9
f 2450/931/14 2451/930/14 2455/932/14 2454/933/14
f 2454/933/13 2455/932/13 2453/934/13 2452/935/13
f 2452/935/10 2453/934/10 2449/936/10 2448/937/10
f 2450/938/61 2454/933/61 2452/935/61 2448/939/61
f 2455/932/1 2451/940/1 2449/941/1 2453/934/1
s 1
f 2464/788/30 2465/789/30 2459/790/30 2458/791/30
f 2458/792/31 2459/793/31 2463/794/31 2462/795/31
f 2466/796/32 2467/797/32 2461/798/32 2460/799/32
f 2460/800/33 2461/801/33 2457/802/33 2456/803/33
f 2467/804/34 2465/805/34 2457/806/34 2461/807/34
f 2463/808/35 2459/809/35 2465/805/35 2467/804/35
f 2462/810/32 2463/811/32 2467/797/32 2466/796/32
f 2456/812/30 2457/813/30 2465/789/30 2464/788/30
f 2476/632/27 2477/633/27 2471/634/2 2470/635/2
f 2470/636/28 2471/637/28 2475/638/28 2474/639/28
f 2478/640/4 2479/641/4 2473/642/4 2472/643/4
f 2472/644/29 2473/645/29 2469/646/29 2468/647/29
f 2479/648/6 2477/649/6 2469/650/6 2473/651/6
f 2475/652/7 2471/653/7 2477/649/7 2479/648/7
f 2474/654/4 2475/655/4 2479/641/4 2478/640/4
f 2468/656/27 2469/657/27 2477/633/27 2476/632/27
f 2488/658/2 2489/659/2 2483/660/2 2482/661/2
f 2482/662/28 2483/663/28 2487/664/28 2486/665/28
f 2490/666/4 2491/667/4 2485/668/4 2484/669/4
f 2484/670/29 2485/671/29 2481/672/29 2480/673/29
f 2491/674/6 2489/675/6 2481/676/6 2485/677/6
f 2487/678/7 2483/679/7 2489/675/7 2491/674/7
f 2486/680/4 2487/681/4 2491/667/4 2490/666/4
f 2480/682/2 2481/683/2 2489/659/2 2488/658/2
f 2500/710/27 2501/711/27 2495/712/2 2494/713/2
f 2494/714/28 2495/715/28 2499/716/28 2498/717/28
f 2502/718/4 2503/719/4 2497/720/4 2496/721/4
f 2496/722/29 2497/723/29 2493/724/29 2492/725/29
f 2503/726/6 2501/727/6 2493/728/6 2497/729/6
f 2499/730/7 2495/731/7 2501/727/7 2503/726/7
f 2498/732/4 2499/733/4 2503/719/4 2502/718/4
f 2492/734/27 2493/735/27 2501/711/27 2500/710/27
f 2512/5/2 2513/6/2 2507/7/2 2506/8/2
f 2506/9/28 2507/10/28 2511/11/28 2510/12/28
f 2514/13/4 2515/14/4 2509/15/4 2508/16/4
f 2508/17/29 2509/18/29 2505/19/29 2504/20/29
f 2515/21/6 2513/22/6 2505/23/6 2509/24/6
f 2511/25/7 2507/26/7 2513/22/7 2515/21/7
f 2510/27/4 2511/28/4 2515/14/4 2514/13/4
f 2504/29/27 2505/30/27 2513/6/2 2512/5/2
f 2524/762/30 2525/763/30 2519/764/30 2518/765/30
f 2518/766/31 2519/767/31 2523/768/31 2522/769/31
f 2526/770/32 2527/771/32 2521/772/32 2520/773/32
f 2520/774/33 2521/775/33 2517/776/33 2516/777/33
f 2527/778/34 2525/779/34 2517/780/34 2521/781/34
f 2523/782/35 2519/783/35 2525/779/35 2527/778/35
f 2522/784/32 2523/785/32 2527/771/32 2526/770/32
f 2516/786/30 2517/787/30 2525/763/30 2524/762/30
f 2536/658/30 2537/659/30 2531/660/30 2530/661/30
f 2530/662/31 2531/663/31 2535/664/31 2534/665/31
f 2538/666/32 2539/667/32 2533/668/32 2532/669/32
f 2532/670/33 2533/671/33 2529/672/33 2528/673/33
f 2539/674/34 2537/675/34 2529/676/34 2533/677/34
f 2535/678/35 2531/679/35 2537/675/35 2539/674/35
f 2534/680/32 2535/681/32 2539/667/32 2538/666/32
f 2528/682/30 2529/683/30 2537/659/30 2536/658/30
s 0
f 2540/928/9 2541/929/9 2543/930/9 2542/931/9
f 2542/931/14 2543/930/14 2547/932/14 2546/933/14
f 2546/933/13 2547/932/13 2545/934/13 2544/935/13
f 2544/935/10 2545/934/10 2541/936/10 2540/937/10
f 2542/938/61 2546/933/61 2544/935/61 2540/939/61
f 2547/932/1 2543/940/1 2541/941/1 2545/934/1
s 1
f 2556/788/30 2557/789/30 2551/790/30 2550/791/30
f 2550/792/31 2551/793/31 2555/794/31 2554/795/31
f 2558/796/32 2559/797/32 2553/798/32 2552/799/32
f 2552/800/33 2553/801/33 2549/802/33 2548/803/33
f 2559/804/34 2557/805/34 2549/806/34 2553/807/34
f 2555/808/35 2551/809/35 2557/805/35 2559/804/35
f 2554/810/32 2555/811/32 2559/797/32 2558/796/32
f 2548/812/30 2549/813/30 2557/789/30 2556/788/30
f 2568/632/27 2569/633/27 2563/634/2 2562/635/2
f 2562/636/28 2563/637/28 2567/638/28 2566/639/28
f 2570/640/4 2571/641/4 2565/642/4 2564/643/4
f 2564/644/29 2565/645/29 2561/646/29 2560/647/29
f 2571/648/6 2569/649/6 2561/650/6 2565/651/6
f 2567/652/7 2563/653/7 2569/649/7 2571/648/7
f 2566/654/4 2567/655/4 2571/641/4 2570/640/4
f 2560/656/27 2561/657/27 2569/633/27 2568/632/27
f 2580/658/2 2581/659/2 2575/660/2 2574/661/2
f 2574/662/28 2575/663/28 2579/664/28 2578/665/28
f 2582/666/4 2583/667/4 2577/668/4 2576/669/4
f 2576/670/29 2577/671/29 2573/672/29 2572/673/29
f 2583/674/6 2581/675/6 2573/676/6 2577/677/6
f 2579/678/7 2575/679/7 2581/675/7 2583/674/7
f 2578/680/8 2579/681/8 2583/667/4 2582/666/4
f 2572/682/2 2573/683/2 2581/659/2 2580/658/2
f 2592/710/2 2593/711/2 2587/712/2 2586/713/2
f 2586/714/28 2587/715/28 2591/716/28 2590/717/28
f 2594/718/4 2595/719/4 2589/720/4 2588/721/4
f 2588/722/29 2589/723/29 2585/724/29 2584/725/29
f 2595/726/6 2593/727/6 2585/728/6 2589/729/6
f 2591/730/7 2587/731/7 2593/727/7 2595/726/7
f 2590/732/4 2591/733/4 2595/719/4 2594/718/4
f 2584/734/2 2585/735/2 2593/711/2 2592/710/2
f 2604/5/27 2605/6/27 2599/7/27 2598/8/27
f 2598/9/28 2599/10/28 2603/11/28 2602/12/28
f 2606/13/4 2607/14/4 2601/15/8 2600/16/8
f 2600/17/29 2601/18/29 2597/19/29 2596/20/29
f 2607/21/6 2605/22/6 2597/23/6 2601/24/6
f 2603/25/7 2599/26/7 2605/22/7 2607/21/7
f 2602/27/4 2603/28/4 2607/14/4 2606/13/4
f 2596/29/2 2597/30/2 2605/6/27 2604/5/27
f 2616/762/30 2617/763/30 2611/764/30 2610/765/30
f 2610/766/31 2611/767/31 2615/768/31 2614/769/31
f 2618/770/32 2619/771/32 2613/772/32 2612/773/32
f 2612/774/33 2613/775/33 2609/776/33 2608/777/33
f 2619/778/34 2617/779/34 2609/780/34 2613/781/34
f 2615/782/35 2611/783/35 2617/779/35 2619/778/35
f 2614/784/32 2615/785/32 2619/771/32 2618/770/32
f 2608/786/30 2609/787/30 2617/763/30 2616/762/30
f 2628/658/30 2629/659/30 2623/660/30 2622/661/30
f 2622/662/31 2623/663/31 2627/664/31 2626/665/31
f 2630/666/32 2631/667/32 2625/668/32 2624/669/32
f 2624/670/33 2625/671/33 2621/672/33 2620/673/33
f 2631/674/34 2629/675/34 2621/676/34 2625/677/34
f 2627/678/35 2623/679/35 2629/675/35 2631/674/35
f 2626/680/32 2627/681/32 2631/667/32 2630/666/32
f 2620/682/30 2621/683/30 2629/659/30 2628/658/30
s 0
f 2632/928/9 2633/929/9 2635/930/9 2634/931/9
f 2634/931/14 2635/930/14 2639/932/14 2638/933/14
f 2638/933/13 2639/932/13 2637/934/13 2636/935/13
f 2636/935/10 2637/934/10 2633/936/10 2632/937/10
f 2634/938/61 2638/933/61 2636/935/61 2632/939/61
f 2639/932/1 2635/940/1 2633/941/1 2637/934/1
s 1
f 2648/788/30 2649/789/30 2643/790/30 2642/791/30
f 2642/792/31 2643/793/31 2647/794/31 2646/795/31
f 2650/796/32 2651/797/32 2645/798/32 2644/799/32
f 2644/800/33 2645/801/33 2641/802/33 2640/803/33
f 2651/804/34 2649/805/34 2641/806/34 2645/807/34
f 2647/808/35 2643/809/35 2649/805/35 2651/804/35
f 2646/810/32 2647/811/32 2651/797/32 2650/796/32
f 2640/812/30 2641/813/30 2649/789/30 2648/788/30
f 2659/69/9 2654/70/9 2671/71/9 2676/72/9
f 2661/73/1 2658/74/1 2660/75/1 2662/76/1
f 2652/77/1 2657/78/1 2658/74/1 2661/73/1
f 2664/79/1 2663/80/1 2655/81/1 2654/82/1
f 2658/74/1 2656/83/1 2653/84/1 2660/75/1
f 2657/85/10 2652/86/10 2669/87/10 2674/88/10
f 2652/77/1 2661/73/1 2662/76/1 2659/89/1
f 2659/89/1 2662/76/1 2664/79/1 2654/82/1
f 2662/90/10 2660/91/10 2665/92/10 2666/93/10
f 2660/75/1 2653/84/1 2655/81/1 2663/80/1
f 2666/94/1 2665/95/1 2667/96/1 2668/97/1
f 2663/98/14 2664/99/14 2668/100/14 2667/101/14
f 2664/102/9 2662/103/9 2666/104/9 2668/105/9
f 2660/106/13 2663/107/13 2667/108/13 2665/109/13
f 2669/110/9 2652/111/9 2659/69/9 2676/72/9
f 2658/112/13 2657/113/13 2674/114/13 2675/115/13
f 2653/116/13 2656/117/13 2673/118/13 2670/119/13
f 2655/120/13 2653/116/13 2670/119/13 2672/121/13
f 2656/122/10 2658/123/10 2675/124/10 2673/125/10
f 2655/126/14 2672/127/14 2671/128/14 2654/129/14
f 2684/510/9 2679/511/9 2696/512/9 2701/513/9
f 2686/514/1 2683/515/1 2685/516/1 2687/517/1
f 2677/518/1 2682/519/1 2683/515/1 2686/514/1
f 2689/520/1 2688/521/1 2680/522/1 2679/523/1
f 2683/515/1 2681/524/1 2678/525/1 2685/516/1
f 2682/526/10 2677/527/10 2694/528/10 2699/529/10
f 2677/518/1 2686/514/1 2687/517/1 2684/530/1
f 2684/530/1 2687/517/1 2689/520/1 2679/523/1
f 2687/531/10 2685/532/10 2690/533/10 2691/534/10
f 2685/516/1 2678/525/1 2680/522/1 2688/521/1
f 2691/535/1 2690/536/1 2692/537/1 2693/538/1
f 2688/539/14 2689/540/14 2693/541/14 2692/542/14
f 2689/543/9 2687/544/9 2691/545/9 2693/546/9
f 2685/547/13 2688/548/13 2692/549/13 2690/550/13
f 2694/551/9 2677/552/9 2684/510/9 2701/513/9
f 2683/553/13 2682/554/13 2699/555/13 2700/556/13
f 2678/557/13 2681/558/13 2698/559/13 2695/560/13
f 2680/561/13 2678/557/13 2695/560/13 2697/562/13
f 2681/563/10 2683/564/10 2700/565/10 2698/566/10
f 2680/567/14 2697/568/14 2696/569/14 2679/570/14
f 2709/571/9 2704/572/9 2721/573/9 2726/574/9
f 2711/575/1 2708/576/1 2710/577/1 2712/578/1
f 2702/579/1 2707/580/1 2708/576/1 2711/575/1
f 2714/581/1 2713/582/1 2705/583/1 2704/584/1
f 2708/576/1 2706/585/1 2703/586/1 2710/577/1
f 2707/587/10 2702/588/10 2719/589/10 2724/590/10
f 2702/579/1 2711/575/1 2712/578/1 2709/591/1
f 2709/591/1 2712/578/1 2714/581/1 2704/584/1
f 2712/592/10 2710/593/10 2715/594/10 2716/595/10
f 2710/577/1 2703/586/1 2705/583/1 2713/582/1
f 2716/596/1 2715/597/1 2717/598/1 2718/599/1
f 2713/600/14 2714/601/14 2718/602/14 2717/603/14
f 2714/604/9 2712/605/9 2716/606/9 2718/607/9
f 2710/608/13 2713/609/13 2717/610/13 2715/611/13
f 2719/612/9 2702/613/9 2709/571/9 2726/574/9
f 2708/614/13 2707/615/13 2724/616/13 2725/617/13
f 2703/618/13 2706/619/13 2723/620/13 2720/621/13
f 2705/622/13 2703/618/13 2720/621/13 2722/623/13
f 2706/624/10 2708/625/10 2725/626/10 2723/627/10
f 2705/628/14 2722/629/14 2721/630/14 2704/631/14
f 2734/69/9 2729/70/9 2746/71/9 2751/72/9
f 2736/73/1 2733/74/1 2735/75/1 2737/76/1
f 2727/77/1 2732/78/1 2733/74/1 2736/73/1
f 2739/79/1 2738/80/1 2730/81/1 2729/82/1
f 2733/74/1 2731/83/1 2728/84/1 2735/75/1
f 2732/85/10 2727/86/10 2744/87/10 2749/88/10
f 2727/77/1 2736/73/1 2737/76/1 2734/89/1
f 2734/89/1 2737/76/1 2739/79/1 2729/82/1
f 2737/90/10 2735/91/10 2740/92/10 2741/93/10
f 2735/75/1 2728/84/1 2730/81/1 2738/80/1
f 2741/94/1 2740/95/1 2742/96/1 2743/97/1
f 2738/98/14 2739/99/14 2743/100/14 2742/101/14
f 2739/102/9 2737/103/9 2741/104/9 2743/105/9
f 2735/106/13 2738/107/13 2742/108/13 2740/109/13
f 2744/110/9 2727/111/9 2734/69/9 2751/72/9
f 2733/112/13 2732/113/13 2749/114/13 2750/115/13
f 2728/116/13 2731/117/13 2748/118/13 2745/119/13
f 2730/120/13 2728/116/13 2745/119/13 2747/121/13
f 2731/122/10 2733/123/10 2750/124/10 2748/125/10
f 2730/126/14 2747/127/14 2746/128/14 2729/129/14
f 2759/510/9 2754/511/9 2771/512/9 2776/513/9
f 2761/514/1 2758/515/1 2760/516/1 2762/517/1
f 2752/518/1 2757/519/1 2758/515/1 2761/514/1
f 2764/520/1 2763/521/1 2755/522/1 2754/523/1
f 2758/515/1 2756/524/1 2753/525/1 2760/516/1
f 2757/526/10 2752/527/10 2769/528/10 2774/529/10
f 2752/518/1 2761/514/1 2762/517/1 2759/530/1
f 2759/530/1 2762/517/1 2764/520/1 2754/523/1
f 2762/531/10 2760/532/10 2765/533/10 2766/534/10
f 2760/516/1 2753/525/1 2755/522/1 2763/521/1
f 2766/535/1 2765/536/1 2767/537/1 2768/538/1
f 2763/539/14 2764/540/14 2768/541/14 2767/542/14
f 2764/543/9 2762/544/9 2766/545/9 2768/546/9
f 2760/547/13 2763/548/13 2767/549/13 2765/550/13
f 2769/551/9 2752/552/9 2759/510/9 2776/513/9
f 2758/553/13 2757/554/13 2774/555/13 2775/556/13
f 2753/557/13 2756/558/13 2773/559/13 2770/560/13
f 2755/561/13 2753/557/13 2770/560/13 2772/562/13
f 2756/563/10 2758/564/10 2775/565/10 2773/566/10
f 2755/567/14 2772/568/14 2771/569/14 2754/570/14
f 2784/571/9 2779/572/9 2796/573/9 2801/574/9
f 2786/575/1 2783/576/1 2785/577/1 2787/578/1
f 2777/579/1 2782/580/1 2783/576/1 2786/575/1
f 2789/581/1 2788/582/1 2780/583/1 2779/584/1
f 2783/576/1 2781/585/1 2778/586/1 2785/577/1
f 2782/587/10 2777/588/10 2794/589/10 2799/590/10
f 2777/579/1 2786/575/1 2787/578/1 2784/591/1
f 2784/591/1 2787/578/1 2789/581/1 2779/584/1
f 2787/592/10 2785/593/10 2790/594/10 2791/595/10
f 2785/577/1 2778/586/1 2780/583/1 2788/582/1
f 2791/596/1 2790/597/1 2792/598/1 2793/599/1
f 2788/600/14 2789/601/14 2793/602/14 2792/603/14
f 2789/604/9 2787/605/9 2791/606/9 2793/607/9
f 2785/608/13 2788/609/13 2792/610/13 2790/611/13
f 2794/612/9 2777/613/9 2784/571/9 2801/574/9
f 2783/614/13 2782/615/13 2799/616/13 2800/617/13
f 2778/618/13 2781/619/13 2798/620/13 2795/621/13
f 2780/622/13 2778/618/13 2795/621/13 2797/623/13
f 2781/624/10 2783/625/10 2800/626/10 2798/627/10
f 2780/628/14 2797/629/14 2796/630/14 2779/631/14
f 2809/69/9 2804/70/9 2821/71/9 2826/72/9
f 2811/73/1 2808/74/1 2810/75/1 2812/76/1
f 2802/77/1 2807/78/1 2808/74/1 2811/73/1
f 2814/79/1 2813/80/1 2805/81/1 2804/82/1
f 2808/74/1 2806/83/1 2803/84/1 2810/75/1
f 2807/85/10 2802/86/10 2819/87/10 2824/88/10
f 2802/77/1 2811/73/1 2812/76/1 2809/89/1
f 2809/89/1 2812/76/1 2814/79/1 2804/82/1
f 2812/90/10 2810/91/10 2815/92/10 2816/93/10
f 2810/75/1 2803/84/1 2805/81/1 2813/80/1
f 2816/94/1 2815/95/1 2817/96/1 2818/97/1
f 2813/98/14 2814/99/14 2818/100/14 2817/101/14
f 2814/102/9 2812/103/9 2816/104/9 2818/105/9
f 2810/106/13 2813/107/13 2817/108/13 2815/109/13
f 2819/110/9 2802/111/9 2809/69/9 2826/72/9
f 2808/112/13 2807/113/13 2824/114/13 2825/115/13
f 2803/116/13 2806/117/13 2823/118/13 2820/119/13
f 2805/120/13 2803/116/13 2820/119/13 2822/121/13
f 2806/122/10 2808/123/10 2825/124/10 2823/125/10
f 2805/126/14 2822/127/14 2821/128/14 2804/129/14
f 2834/510/9 2829/511/9 2846/512/9 2851/513/9
f 2836/514/1 2833/515/1 2835/516/1 2837/517/1
f 2827/518/1 2832/519/1 2833/515/1 2836/514/1
f 2839/520/1 2838/521/1 2830/522/1 2829/523/1
f 2833/515/1 2831/524/1 2828/525/1 2835/516/1
f 2832/526/10 2827/527/10 2844/528/10 2849/529/10
f 2827/518/1 2836/514/1 2837/517/1 2834/530/1
f 2834/530/1 2837/517/1 2839/520/1 2829/523/1
f 2837/531/10 2835/532/10 2840/533/10 2841/534/10
f 2835/516/1 2828/525/1 2830/522/1 2838/521/1
f 2841/535/1 2840/536/1 2842/537/1 2843/538/1
f 2838/539/14 2839/540/14 2843/541/14 2842/542/14
f 2839/543/9 2837/544/9 2841/545/9 2843/546/9
f 2835/547/13 2838/548/13 2842/549/13 2840/550/13
f 2844/551/9 2827/552/9 2834/510/9 2851/513/9
f 2833/553/13 2832/554/13 2849/555/13 2850/556/13
f 2828/557/13 2831/558/13 2848/559/13 2845/560/13
f 2830/561/13 2828/557/13 2845/560/13 2847/562/13
f 2831/563/10 2833/564/10 2850/565/10 2848/566/10
f 2830/567/14 2847/568/14 2846/569/14 2829/570/14
f 2859/571/9 2854/572/9 2871/573/9 2876/574/9
f 2861/575/1 2858/576/1 2860/577/1 2862/578/1
f 2852/579/1 2857/580/1 2858/576/1 2861/575/1
f 2864/581/1 2863/582/1 2855/583/1 2854/584/1
f 2858/576/1 2856/585/1 2853/586/1 2860/577/1
f 2857/587/10 2852/588/10 2869/589/10 2874/590/10
f 2852/579/1 2861/575/1 2862/578/1 2859/591/1
f 2859/591/1 2862/578/1 2864/581/1 2854/584/1
f 2862/592/10 2860/593/10 2865/594/10 2866/595/10
f 2860/577/1 2853/586/1 2855/583/1 2863/582/1
f 2866/596/1 2865/597/1 2867/598/1 2868/599/1
f 2863/600/14 2864/601/14 2868/602/14 2867/603/14
f 2864/604/9 2862/605/9 2866/606/9 2868/607/9
f 2860/608/13 2863/609/13 2867/610/13 2865/611/13
f 2869/612/9 2852/613/9 2859/571/9 2876/574/9
f 2858/614/13 2857/615/13 2874/616/13 2875/617/13
f 2853/618/13 2856/619/13 2873/620/13 2870/621/13
f 2855/622/13 2853/618/13 2870/621/13 2872/623/13
f 2856/624/10 2858/625/10 2875/626/10 2873/627/10
f 2855/628/14 2872/629/14 2871/630/14 2854/631/14
