# Blender 5.1.2
# www.blender.org
mtllib wear_sandal.mtl
o wear_sandal
v 0.254860 1.141212 -0.829909
v 0.409920 1.106057 0.202318
v 0.111549 1.143487 -0.943702
v 0.346644 1.123865 -0.105143
v -0.200305 1.148509 -0.861397
v -0.229106 1.145048 -0.144463
v 0.295560 1.143709 -0.519701
v -0.241504 1.155813 -0.457863
v 0.391809 1.127917 0.514197
v -0.305158 1.126930 0.158445
v -0.106036 1.189567 0.943705
v -0.294995 1.183096 0.855611
v -0.387551 1.139719 0.562759
v -0.374931 1.118397 0.354890
v 0.326502 1.153389 0.710471
v 0.195911 1.179864 0.872885
v 0.100999 1.187056 0.917925
v -0.001140 1.189019 0.942210
v -0.348554 1.170596 0.765955
v -0.375396 1.154981 0.666219
v -0.387312 1.126609 0.458692
v 0.271324 1.166460 0.799891
v -0.345625 1.119767 0.254874
v 0.363750 1.140842 0.614272
v -0.269145 1.132968 0.060382
v -0.240374 1.139266 -0.040069
v 0.419022 1.107705 0.306830
v 0.412057 1.115807 0.411035
v 0.392683 1.108751 0.099157
v 0.370445 1.115049 -0.003007
v -0.232139 1.155007 -0.353530
v -0.226695 1.151135 -0.248991
v -0.249377 1.153976 -0.562293
v -0.254490 1.150177 -0.666964
v -0.244820 1.148715 -0.770386
v 0.306120 1.141491 -0.415799
v 0.312457 1.137333 -0.311286
v 0.326903 1.131085 -0.207760
v -0.112749 1.147160 -0.921985
v -0.008998 1.143046 -0.950083
v 0.279756 1.140660 -0.728481
v 0.289194 1.142481 -0.624144
v 0.202322 1.143238 -0.903214
v -0.212006 1.188046 0.916777
v 0.166008 1.115895 -0.787655
v 0.314543 1.080081 0.215758
v 0.088690 1.118382 -0.847410
v 0.252702 1.098080 -0.083661
v -0.125000 1.120718 -0.795331
v -0.133143 1.115274 -0.136958
v 0.199787 1.117624 -0.510583
v -0.145758 1.125662 -0.464435
v 0.298295 1.100969 0.493129
v -0.215695 1.098066 0.194898
v -0.094684 1.158622 0.848808
v -0.228075 1.149917 0.781598
v -0.291457 1.109632 0.558814
v -0.280490 1.089011 0.375597
v 0.240118 1.125747 0.668809
v 0.140365 1.150632 0.794236
v 0.068871 1.157076 0.828143
v -0.013104 1.158526 0.847636
v -0.261762 1.137606 0.720024
v -0.281605 1.121124 0.642464
v -0.291263 1.096829 0.466010
v 0.195852 1.138130 0.740558
v -0.254925 1.090799 0.288372
v 0.272516 1.113631 0.585104
v -0.177723 1.103922 0.091484
v -0.145721 1.109851 -0.020297
v 0.322666 1.081443 0.309045
v 0.316618 1.089160 0.399717
v 0.298337 1.082922 0.118722
v 0.276768 1.089290 0.019601
v -0.136297 1.124883 -0.359044
v -0.130567 1.121151 -0.249146
v -0.153480 1.123876 -0.566871
v -0.158200 1.120289 -0.663453
v -0.150793 1.119529 -0.742612
v 0.210351 1.115407 -0.406646
v 0.216802 1.111296 -0.300297
v 0.232125 1.105199 -0.190570
v -0.071633 1.120661 -0.832271
v 0.001312 1.117358 -0.852017
v 0.184730 1.114779 -0.711301
v 0.193387 1.116381 -0.615597
v 0.139464 1.118408 -0.824770
v -0.170055 1.156731 0.829682
v -0.014921 1.151305 0.807582
v -0.013177 1.141171 0.755516
v -0.009407 1.127787 0.684086
v -0.004346 1.113756 0.604818
v 0.002616 1.101496 0.517048
v 0.010746 1.089998 0.431415
v 0.018881 1.082028 0.339787
v 0.027339 1.082291 0.248790
v 0.038612 1.087564 0.152992
v 0.046525 1.093918 0.051160
v 0.050126 1.101508 -0.057047
v 0.045611 1.107871 -0.169853
v 0.038680 1.113870 -0.282015
v 0.032384 1.117492 -0.385772
v 0.022960 1.118869 -0.482290
v 0.015098 1.117659 -0.585113
v 0.007945 1.115129 -0.682340
v 0.002238 1.114782 -0.757108
v 0.000257 1.116161 -0.806909
v 0.265604 1.026839 -0.831254
v 0.420009 1.025045 0.204100
v 0.113918 1.032060 -0.953676
v 0.357279 1.025107 -0.104120
v -0.208899 1.028889 -0.866094
v -0.241054 1.041816 -0.140929
v 0.307094 1.023958 -0.515595
v -0.253286 1.030875 -0.451027
v 0.401838 1.040061 0.521479
v -0.315171 1.031364 0.156838
v -0.106306 1.114510 0.962233
v -0.302386 1.099098 0.869532
v -0.397603 1.045919 0.567735
v -0.384855 1.025066 0.355777
v 0.336198 1.067297 0.720996
v 0.202393 1.098297 0.888994
v 0.104991 1.108471 0.935836
v 0.000934 1.113961 0.960725
v -0.357909 1.082186 0.776394
v -0.385365 1.062526 0.672992
v -0.397359 1.032181 0.461782
v 0.279997 1.083353 0.813041
v -0.355353 1.026105 0.253735
v 0.373766 1.052719 0.622946
v -0.279891 1.037298 0.059747
v -0.251924 1.040690 -0.038753
v 0.429118 1.025585 0.310427
v 0.422116 1.030338 0.416821
v 0.402759 1.025315 0.100193
v 0.380760 1.024789 -0.002420
v -0.244049 1.035856 -0.347239
v -0.238705 1.040114 -0.243891
v -0.261087 1.028479 -0.555704
v -0.266164 1.026155 -0.661387
v -0.256072 1.025315 -0.769043
v 0.317529 1.025286 -0.411834
v 0.323759 1.025315 -0.307975
v 0.337902 1.025523 -0.205735
v -0.117487 1.031693 -0.930768
v -0.010257 1.031448 -0.960396
v 0.291330 1.025576 -0.725788
v 0.300813 1.025054 -0.619991
v 0.209603 1.030420 -0.910032
v -0.215673 1.109722 0.934072
v -0.193949 1.114149 -0.576709
v -0.275378 1.223827 -0.487308
v -0.313656 1.292004 -0.409120
v -0.341174 1.362124 -0.327469
v -0.354120 1.428678 -0.238875
v -0.352049 1.483443 -0.141504
v -0.329142 1.529911 -0.041474
v -0.281280 1.566519 0.055301
v -0.206955 1.573634 0.143174
v -0.147933 1.554713 0.177754
v -0.099441 1.568202 0.141050
v -0.035578 1.573727 0.085574
v 0.034199 1.566743 0.015189
v 0.099060 1.547857 -0.057515
v 0.156902 1.517593 -0.132106
v 0.204727 1.477083 -0.208360
v 0.243851 1.428921 -0.285181
v 0.275338 1.373127 -0.360873
v 0.294846 1.307623 -0.434062
v 0.296326 1.232571 -0.502374
v 0.269474 1.155561 -0.563063
v 0.230090 1.110747 -0.606173
v -0.176891 1.116402 -0.240830
v -0.263783 1.190676 -0.132387
v -0.311290 1.236753 -0.059701
v -0.344602 1.284266 0.023609
v -0.361115 1.335448 0.110325
v -0.348436 1.384916 0.212491
v -0.313157 1.419416 0.313910
v -0.253658 1.427716 0.405156
v -0.138374 1.337591 0.567548
v -0.049171 1.451860 0.425732
v -0.002496 1.465891 0.368420
v 0.053473 1.459664 0.294468
v 0.103207 1.442511 0.219248
v 0.157063 1.418226 0.142733
v 0.210633 1.386830 0.065393
v 0.258967 1.348164 -0.010984
v 0.297731 1.298472 -0.087795
v 0.313560 1.231489 -0.159690
v 0.295283 1.167427 -0.217981
v 0.254596 1.101524 -0.276245
v -0.159490 1.383961 0.533759
v -0.110427 1.387150 0.529270
v -0.117656 1.338523 0.563663
v -0.136233 1.380829 0.516408
v -0.128225 1.336140 0.556145
v -0.089951 1.425041 0.483543
v -0.141045 1.409996 0.466332
v -0.196835 1.417488 0.481138
v 0.277617 1.159795 -0.460169
v 0.286786 1.163383 -0.332416
v 0.249519 1.107202 -0.385039
v 0.239658 1.110345 -0.508890
v 0.301730 1.232436 -0.398405
v 0.307915 1.230926 -0.274843
v 0.295957 1.304764 -0.328108
v 0.297157 1.301094 -0.204877
v 0.270492 1.365437 -0.252924
v 0.264667 1.356813 -0.129915
v 0.233767 1.415857 -0.176690
v 0.221917 1.401434 -0.053899
v 0.189944 1.458541 -0.098950
v 0.173215 1.437984 0.022901
v 0.139661 1.493303 -0.021060
v 0.121444 1.466756 0.098223
v 0.084350 1.519890 0.055764
v 0.069770 1.490886 0.171556
v 0.021882 1.535058 0.131193
v 0.009994 1.501472 0.247712
v -0.042217 1.538278 0.205733
v -0.046285 1.497157 0.318176
v -0.101650 1.527998 0.251839
v -0.099389 1.478938 0.363686
v -0.146631 1.515255 0.272766
v -0.144054 1.454412 0.373621
v -0.195848 1.526803 0.251615
v -0.191792 1.472721 0.363840
v -0.273916 1.521241 0.179966
v -0.265120 1.475999 0.291518
v -0.324073 1.492477 0.078798
v -0.319727 1.459122 0.184249
v -0.350961 1.450655 -0.023285
v -0.349982 1.420121 0.084749
v -0.356497 1.397116 -0.121196
v -0.358626 1.367540 -0.013416
v -0.342344 1.336501 -0.212637
v -0.343171 1.310564 -0.101198
v -0.313048 1.275954 -0.298884
v -0.311798 1.257642 -0.180686
v -0.272123 1.215656 -0.379783
v -0.267634 1.205307 -0.257522
v -0.195083 1.118566 -0.479749
v -0.184915 1.119627 -0.348606
v -0.179627 1.125081 -0.576657
v -0.260623 1.234163 -0.487068
v -0.297544 1.300025 -0.408297
v -0.323892 1.367100 -0.326398
v -0.336188 1.430311 -0.238248
v -0.334149 1.481481 -0.142088
v -0.312442 1.523615 -0.043939
v -0.267924 1.555373 0.050612
v -0.201283 1.557950 0.136359
v -0.148244 1.538018 0.170986
v -0.101016 1.551252 0.135150
v -0.041233 1.557443 0.080333
v 0.025299 1.551881 0.010239
v 0.087318 1.535026 -0.062217
v 0.143059 1.506853 -0.136304
v 0.189589 1.467881 -0.211639
v 0.227855 1.420913 -0.287321
v 0.258383 1.367098 -0.361763
v 0.277002 1.305147 -0.433818
v 0.278641 1.235893 -0.501478
v 0.254116 1.164918 -0.561977
v 0.215722 1.121563 -0.605080
v -0.163781 1.128758 -0.240553
v -0.249940 1.202158 -0.131322
v -0.295626 1.245522 -0.058167
v -0.327221 1.288845 0.024852
v -0.343131 1.334365 0.110138
v -0.331683 1.378652 0.210320
v -0.300074 1.408013 0.309071
v -0.245898 1.412888 0.398484
v -0.147076 1.326181 0.556653
v -0.050173 1.435285 0.418742
v -0.008010 1.449793 0.362498
v 0.044026 1.445166 0.289452
v 0.091234 1.429809 0.214785
v 0.144726 1.405681 0.138854
v 0.197495 1.374868 0.062411
v 0.244732 1.337269 -0.012795
v 0.281643 1.290377 -0.088305
v 0.295644 1.229681 -0.159095
v 0.278230 1.173149 -0.216945
v 0.239058 1.110586 -0.275216
v -0.166283 1.370111 0.524451
v -0.103095 1.374695 0.518512
v -0.109998 1.328468 0.550823
v -0.135934 1.366353 0.505686
v -0.128869 1.324057 0.542796
v -0.084415 1.409879 0.475538
v -0.139940 1.393990 0.458134
v -0.199069 1.401346 0.473453
v 0.261307 1.167372 -0.459085
v 0.270233 1.170419 -0.331366
v 0.234282 1.116754 -0.383937
v 0.225081 1.120875 -0.507787
v 0.283798 1.234009 -0.397625
v 0.289934 1.231767 -0.274077
v 0.278421 1.300631 -0.328162
v 0.280075 1.295366 -0.205010
v 0.254175 1.357903 -0.254200
v 0.249368 1.347399 -0.131312
v 0.218469 1.406679 -0.179206
v 0.207820 1.390528 -0.056534
v 0.175629 1.448215 -0.102565
v 0.160043 1.426257 0.019221
v 0.126702 1.481580 -0.025445
v 0.109095 1.454377 0.093879
v 0.073380 1.506426 0.050970
v 0.059124 1.477174 0.166735
v 0.013848 1.519757 0.126100
v 0.002369 1.486069 0.242306
v -0.046628 1.521785 0.199975
v -0.049333 1.480613 0.311723
v -0.101509 1.511319 0.245029
v -0.097100 1.462731 0.356180
v -0.146294 1.499038 0.264925
v -0.143055 1.438353 0.365513
v -0.193047 1.510643 0.244159
v -0.190060 1.456580 0.356031
v -0.262745 1.508313 0.174249
v -0.255284 1.462252 0.285283
v -0.308254 1.484470 0.075596
v -0.304576 1.450094 0.180569
v -0.333326 1.447161 -0.024470
v -0.332572 1.415716 0.083298
v -0.338503 1.397962 -0.120816
v -0.340628 1.368283 -0.013078
v -0.324980 1.341179 -0.211539
v -0.326038 1.315988 -0.099915
v -0.296939 1.283961 -0.297886
v -0.296290 1.266718 -0.179374
v -0.257325 1.225927 -0.379398
v -0.253575 1.216559 -0.256930
v -0.180891 1.129666 -0.479706
v -0.171283 1.131408 -0.348509
v -0.097299 1.105761 0.603387
v -0.133487 1.335212 0.515700
v -0.110445 1.105760 0.611009
v -0.147062 1.335772 0.522505
v -0.118238 1.107687 0.625921
v -0.155851 1.339862 0.536391
v -0.118591 1.111025 0.644126
v -0.157500 1.346387 0.553636
v -0.111409 1.114882 0.660746
v -0.151567 1.353597 0.569620
v -0.098616 1.118222 0.671328
v -0.139641 1.359561 0.580060
v -0.125466 1.360924 0.577908
v -0.070495 1.120154 0.665415
v -0.111343 1.362122 0.575354
v -0.062702 1.118227 0.650503
v -0.102553 1.358032 0.561468
v -0.062349 1.114888 0.632298
v -0.100904 1.351507 0.544223
v -0.069531 1.111032 0.615678
v -0.106838 1.344297 0.528238
v -0.082324 1.107691 0.605096
v -0.118764 1.338333 0.517798
v -0.123487 1.266169 0.549976
v -0.110548 1.185938 0.580961
v -0.124110 1.186472 0.587792
v -0.137067 1.266755 0.556767
v -0.132868 1.190481 0.601714
v -0.145866 1.270900 0.570624
v -0.134479 1.196905 0.618990
v -0.147520 1.277453 0.587854
v -0.128512 1.204030 0.634989
v -0.141582 1.284634 0.603853
v -0.116564 1.209939 0.645426
v -0.129646 1.290544 0.614322
v -0.088271 1.212482 0.640685
v -0.101348 1.293105 0.609615
v -0.079507 1.208433 0.626777
v -0.092568 1.289069 0.595701
v -0.077893 1.201990 0.609507
v -0.090924 1.282573 0.578440
v -0.083863 1.194884 0.593502
v -0.096853 1.275335 0.562471
v -0.095817 1.189014 0.583051
v -0.108769 1.269316 0.552060
v -0.096847 1.120340 0.680431
v -0.081872 1.122270 0.682140
v -0.123826 1.366503 0.590801
v -0.138549 1.363383 0.588702
v -0.068726 1.122271 0.674518
v -0.110251 1.365943 0.583995
v -0.087160 1.216255 0.649340
v -0.100256 1.296926 0.618257
v -0.100724 1.216809 0.656165
v -0.113827 1.297460 0.625077
v -0.115453 1.213713 0.654081
v -0.128554 1.294366 0.622964
v -0.127060 1.355814 0.565544
v -0.129202 1.348947 0.548929
v -0.131345 1.342080 0.532315
v -0.005529 1.107370 0.919923
v -0.010665 1.095148 0.846426
v -0.010899 1.078887 0.750930
v -0.006356 1.061738 0.647782
v 0.001114 1.048070 0.542281
v 0.010965 1.035526 0.435069
v 0.020321 1.028855 0.327281
v 0.030162 1.028812 0.221967
v 0.041332 1.031948 0.120741
v 0.047592 1.034087 0.020071
v 0.049372 1.036429 -0.080928
v 0.044539 1.036965 -0.184023
v 0.038013 1.036266 -0.288017
v 0.031582 1.033595 -0.393231
v 0.021004 1.029420 -0.498618
v 0.013276 1.027637 -0.604814
v 0.005304 1.026602 -0.712155
v -0.003179 1.028115 -0.819918
v -0.008002 1.030832 -0.907852
v 0.000000 1.000000 0.000000
v 0.000000 0.831470 -0.555570
v 0.000000 0.555570 -0.831469
v 0.000000 0.195090 -0.980785
v 0.000000 -0.000000 -1.000000
v 0.000000 -0.195090 -0.980785
v 0.000000 -0.555570 -0.831470
v 0.000000 -1.000000 0.000000
v 0.038060 0.980785 -0.191342
v 0.074658 0.923879 -0.375330
v 0.108386 0.831470 -0.544895
v 0.137950 0.707107 -0.693520
v 0.162212 0.555570 -0.815493
v 0.180240 0.382683 -0.906127
v 0.191342 0.195090 -0.961940
v 0.195090 -0.000000 -0.980785
v 0.191342 -0.195090 -0.961940
v 0.180240 -0.382684 -0.906127
v 0.162212 -0.555570 -0.815493
v 0.137950 -0.707107 -0.693520
v 0.108386 -0.831470 -0.544895
v 0.074658 -0.923880 -0.375330
v 0.038060 -0.980785 -0.191342
v 0.074658 0.980785 -0.180240
v 0.146447 0.923879 -0.353553
v 0.212608 0.831470 -0.513280
v 0.270598 0.707107 -0.653281
v 0.318190 0.555570 -0.768178
v 0.353553 0.382683 -0.853553
v 0.375330 0.195090 -0.906127
v 0.382683 -0.000000 -0.923879
v 0.375330 -0.195090 -0.906127
v 0.353553 -0.382684 -0.853553
v 0.318190 -0.555570 -0.768178
v 0.270598 -0.707107 -0.653281
v 0.212608 -0.831470 -0.513280
v 0.146447 -0.923880 -0.353553
v 0.074658 -0.980785 -0.180240
v 0.108386 0.980785 -0.162212
v 0.212608 0.923879 -0.318190
v 0.308658 0.831470 -0.461940
v 0.392847 0.707107 -0.587938
v 0.461940 0.555570 -0.691341
v 0.513280 0.382683 -0.768178
v 0.544895 0.195090 -0.815493
v 0.555570 -0.000000 -0.831469
v 0.544895 -0.195090 -0.815493
v 0.513280 -0.382683 -0.768178
v 0.461940 -0.555570 -0.691342
v 0.392847 -0.707107 -0.587938
v 0.308658 -0.831470 -0.461940
v 0.212608 -0.923880 -0.318190
v 0.108386 -0.980785 -0.162212
v 0.137950 0.980785 -0.137950
v 0.270598 0.923879 -0.270598
v 0.392847 0.831469 -0.392847
v 0.500000 0.707107 -0.500000
v 0.587938 0.555570 -0.587938
v 0.653281 0.382683 -0.653281
v 0.693520 0.195090 -0.693520
v 0.707107 0.000000 -0.707107
v 0.693520 -0.195090 -0.693520
v 0.653281 -0.382683 -0.653281
v 0.587938 -0.555570 -0.587938
v 0.500000 -0.707107 -0.500000
v 0.392847 -0.831470 -0.392847
v 0.270598 -0.923880 -0.270598
v 0.137950 -0.980785 -0.137950
v 0.162212 0.980785 -0.108386
v 0.318190 0.923879 -0.212608
v 0.461940 0.831469 -0.308658
v 0.587938 0.707107 -0.392847
v 0.691342 0.555570 -0.461940
v 0.768178 0.382683 -0.513280
v 0.815493 0.195090 -0.544895
v 0.831469 0.000000 -0.555570
v 0.815493 -0.195090 -0.544895
v 0.768178 -0.382684 -0.513280
v 0.691342 -0.555570 -0.461940
v 0.587938 -0.707107 -0.392847
v 0.461940 -0.831470 -0.308658
v 0.318190 -0.923880 -0.212607
v 0.162212 -0.980785 -0.108386
v 0.180240 0.980785 -0.074658
v 0.353553 0.923879 -0.146447
v 0.513280 0.831470 -0.212607
v 0.653281 0.707107 -0.270598
v 0.768178 0.555570 -0.318190
v 0.853553 0.382683 -0.353553
v 0.906127 0.195090 -0.375330
v 0.923879 0.000000 -0.382683
v 0.906127 -0.195090 -0.375330
v 0.853553 -0.382684 -0.353553
v 0.768178 -0.555570 -0.318189
v 0.653281 -0.707107 -0.270598
v 0.513280 -0.831470 -0.212607
v 0.353553 -0.923880 -0.146447
v 0.180240 -0.980785 -0.074658
v 0.191342 0.980785 -0.038060
v 0.375330 0.923879 -0.074658
v 0.544895 0.831470 -0.108386
v 0.693520 0.707107 -0.137950
v 0.815493 0.555570 -0.162212
v 0.906127 0.382683 -0.180240
v 0.961940 0.195090 -0.191342
v 0.980785 0.000000 -0.195090
v 0.961940 -0.195090 -0.191342
v 0.906127 -0.382684 -0.180240
v 0.815493 -0.555570 -0.162212
v 0.693520 -0.707107 -0.137950
v 0.544895 -0.831470 -0.108386
v 0.375330 -0.923880 -0.074658
v 0.191342 -0.980785 -0.038060
v 0.195090 0.980785 0.000000
v 0.382683 0.923879 0.000000
v 0.555570 0.831470 0.000000
v 0.707107 0.707107 -0.000000
v 0.831469 0.555570 0.000000
v 0.923879 0.382683 -0.000000
v 0.980785 0.195090 0.000000
v 1.000000 0.000000 0.000000
v 0.980785 -0.195090 0.000000
v 0.923879 -0.382684 -0.000000
v 0.831469 -0.555570 0.000000
v 0.707107 -0.707107 -0.000000
v 0.555570 -0.831470 0.000000
v 0.382683 -0.923880 0.000000
v 0.195090 -0.980785 0.000000
v 0.191342 0.980785 0.038060
v 0.375330 0.923879 0.074658
v 0.544895 0.831470 0.108386
v 0.693520 0.707107 0.137950
v 0.815493 0.555570 0.162212
v 0.906127 0.382683 0.180240
v 0.961940 0.195090 0.191342
v 0.980785 0.000000 0.195090
v 0.961940 -0.195090 0.191342
v 0.906127 -0.382684 0.180240
v 0.815493 -0.555570 0.162212
v 0.693520 -0.707107 0.137950
v 0.544895 -0.831470 0.108386
v 0.375330 -0.923880 0.074658
v 0.191342 -0.980785 0.038060
v 0.180240 0.980785 0.074658
v 0.353553 0.923879 0.146447
v 0.513280 0.831470 0.212608
v 0.653281 0.707107 0.270598
v 0.768177 0.555570 0.318190
v 0.853553 0.382683 0.353553
v 0.906127 0.195090 0.375330
v 0.923879 0.000000 0.382683
v 0.906127 -0.195090 0.375330
v 0.853553 -0.382684 0.353553
v 0.768177 -0.555570 0.318190
v 0.653281 -0.707107 0.270598
v 0.513280 -0.831470 0.212608
v 0.353553 -0.923880 0.146447
v 0.180240 -0.980785 0.074658
v 0.162212 0.980785 0.108386
v 0.318190 0.923879 0.212608
v 0.461940 0.831470 0.308658
v 0.587938 0.707107 0.392847
v 0.691341 0.555570 0.461940
v 0.768178 0.382683 0.513280
v 0.815493 0.195090 0.544895
v 0.831469 -0.000000 0.555570
v 0.815493 -0.195090 0.544895
v 0.768178 -0.382684 0.513280
v 0.691341 -0.555570 0.461940
v 0.587938 -0.707107 0.392847
v 0.461940 -0.831470 0.308658
v 0.318190 -0.923880 0.212608
v 0.162212 -0.980785 0.108386
v 0.137950 0.980785 0.137950
v 0.270598 0.923879 0.270598
v 0.392847 0.831470 0.392847
v 0.500000 0.707107 0.500000
v 0.587938 0.555570 0.587938
v 0.653281 0.382683 0.653281
v 0.693520 0.195090 0.693520
v 0.707106 -0.000000 0.707107
v 0.693520 -0.195090 0.693520
v 0.653281 -0.382684 0.653281
v 0.587938 -0.555570 0.587938
v 0.500000 -0.707107 0.500000
v 0.392847 -0.831470 0.392847
v 0.270598 -0.923880 0.270598
v 0.137950 -0.980785 0.137950
v 0.108386 0.980785 0.162212
v 0.212607 0.923879 0.318190
v 0.308658 0.831469 0.461940
v 0.392847 0.707107 0.587938
v 0.461940 0.555570 0.691342
v 0.513280 0.382683 0.768178
v 0.544895 0.195090 0.815493
v 0.555570 0.000000 0.831469
v 0.544895 -0.195090 0.815493
v 0.513280 -0.382684 0.768178
v 0.461940 -0.555570 0.691341
v 0.392847 -0.707107 0.587938
v 0.308658 -0.831470 0.461940
v 0.212607 -0.923880 0.318190
v 0.108386 -0.980785 0.162212
v 0.074658 0.980785 0.180240
v 0.146447 0.923879 0.353553
v 0.212607 0.831469 0.513280
v 0.270598 0.707107 0.653281
v 0.318189 0.555570 0.768178
v 0.353553 0.382683 0.853553
v 0.375330 0.195090 0.906127
v 0.382683 0.000000 0.923879
v 0.375330 -0.195090 0.906127
v 0.353553 -0.382683 0.853553
v 0.318189 -0.555570 0.768177
v 0.270598 -0.707107 0.653281
v 0.212607 -0.831470 0.513280
v 0.146447 -0.923880 0.353553
v 0.074658 -0.980785 0.180240
v 0.038060 0.980785 0.191342
v 0.074658 0.923879 0.375330
v 0.108386 0.831469 0.544895
v 0.137950 0.707107 0.693520
v 0.162212 0.555570 0.815493
v 0.180240 0.382683 0.906127
v 0.191342 0.195090 0.961939
v 0.195090 0.000000 0.980785
v 0.191342 -0.195090 0.961940
v 0.180240 -0.382683 0.906127
v 0.162212 -0.555570 0.815493
v 0.137950 -0.707107 0.693520
v 0.108386 -0.831470 0.544895
v 0.074658 -0.923880 0.375330
v 0.038060 -0.980785 0.191342
v -0.000000 0.980785 0.195090
v -0.000000 0.923879 0.382683
v -0.000000 0.831469 0.555570
v -0.000000 0.707107 0.707107
v -0.000000 0.555570 0.831469
v 0.000000 0.382683 0.923879
v -0.000000 0.195090 0.980785
v -0.000000 0.000000 0.999999
v -0.000000 -0.195090 0.980785
v 0.000000 -0.382683 0.923879
v -0.000000 -0.555570 0.831469
v -0.000000 -0.707107 0.707107
v -0.000000 -0.831470 0.555570
v -0.000000 -0.923880 0.382683
v -0.000000 -0.980785 0.195090
v -0.038060 0.980785 0.191342
v -0.074658 0.923879 0.375330
v -0.108386 0.831469 0.544895
v -0.137950 0.707107 0.693520
v -0.162212 0.555570 0.815493
v -0.180240 0.382683 0.906127
v -0.191342 0.195090 0.961939
v -0.195091 0.000000 0.980784
v -0.191342 -0.195090 0.961939
v -0.180240 -0.382683 0.906127
v -0.162212 -0.555570 0.815493
v -0.137950 -0.707107 0.693520
v -0.108386 -0.831470 0.544895
v -0.074658 -0.923880 0.375330
v -0.038060 -0.980785 0.191342
v -0.074658 0.980785 0.180240
v -0.146447 0.923879 0.353553
v -0.212608 0.831469 0.513280
v -0.270598 0.707107 0.653281
v -0.318190 0.555570 0.768177
v -0.353553 0.382683 0.853553
v -0.375330 0.195090 0.906127
v -0.382683 0.000000 0.923879
v -0.375330 -0.195090 0.906127
v -0.353553 -0.382683 0.853553
v -0.318190 -0.555570 0.768177
v -0.270598 -0.707107 0.653281
v -0.212608 -0.831470 0.513280
v -0.146447 -0.923880 0.353553
v -0.074658 -0.980785 0.180240
v -0.108386 0.980785 0.162212
v -0.212608 0.923879 0.318190
v -0.308658 0.831469 0.461939
v -0.392847 0.707107 0.587938
v -0.461940 0.555570 0.691341
v -0.513280 0.382683 0.768177
v -0.544895 0.195090 0.815493
v -0.555570 0.000000 0.831469
v -0.544895 -0.195090 0.815493
v -0.513280 -0.382684 0.768178
v -0.461940 -0.555570 0.691341
v -0.392847 -0.707107 0.587938
v -0.308658 -0.831470 0.461939
v -0.212608 -0.923880 0.318190
v -0.108386 -0.980785 0.162212
v -0.137950 0.980785 0.137950
v -0.270598 0.923879 0.270598
v -0.392847 0.831470 0.392847
v -0.500000 0.707107 0.500000
v -0.587938 0.555570 0.587937
v -0.653281 0.382683 0.653281
v -0.693520 0.195090 0.693520
v -0.707106 -0.000000 0.707106
v -0.693520 -0.195090 0.693520
v -0.653281 -0.382684 0.653281
v -0.587938 -0.555570 0.587937
v -0.500000 -0.707107 0.500000
v -0.392847 -0.831470 0.392847
v -0.270598 -0.923880 0.270598
v -0.137950 -0.980785 0.137950
v -0.162212 0.980785 0.108386
v -0.318190 0.923879 0.212607
v -0.461940 0.831470 0.308658
v -0.587938 0.707107 0.392847
v -0.691341 0.555570 0.461939
v -0.768177 0.382683 0.513280
v -0.815493 0.195090 0.544895
v -0.831469 -0.000000 0.555569
v -0.815493 -0.195090 0.544895
v -0.768177 -0.382684 0.513280
v -0.691341 -0.555570 0.461939
v -0.587938 -0.707107 0.392847
v -0.461940 -0.831470 0.308658
v -0.318190 -0.923880 0.212607
v -0.162212 -0.980785 0.108386
v -0.180240 0.980785 0.074658
v -0.353553 0.923879 0.146446
v -0.513280 0.831470 0.212607
v -0.653281 0.707107 0.270598
v -0.768177 0.555570 0.318189
v -0.853553 0.382683 0.353553
v -0.906127 0.195090 0.375330
v -0.923879 0.000000 0.382683
v -0.906127 -0.195090 0.375330
v -0.853553 -0.382684 0.353553
v -0.768177 -0.555570 0.318189
v -0.653281 -0.707107 0.270598
v -0.513280 -0.831470 0.212607
v -0.353553 -0.923880 0.146447
v -0.180240 -0.980785 0.074658
v -0.191342 0.980785 0.038060
v -0.375330 0.923879 0.074658
v -0.544895 0.831470 0.108386
v -0.693520 0.707107 0.137950
v -0.815493 0.555570 0.162211
v -0.906127 0.382683 0.180240
v -0.961939 0.195090 0.191341
v -0.980784 0.000000 0.195090
v -0.961939 -0.195090 0.191341
v -0.906127 -0.382684 0.180240
v -0.815493 -0.555570 0.162211
v -0.693520 -0.707107 0.137950
v -0.544895 -0.831470 0.108386
v -0.375330 -0.923880 0.074658
v -0.191342 -0.980785 0.038060
v -0.195090 0.980785 -0.000000
v -0.382683 0.923879 -0.000000
v -0.555570 0.831470 -0.000000
v -0.707107 0.707107 -0.000000
v -0.831469 0.555570 -0.000000
v -0.923879 0.382683 -0.000000
v -0.980785 0.195090 -0.000000
v -0.999999 0.000000 -0.000000
v -0.980785 -0.195090 -0.000000
v -0.923879 -0.382684 -0.000000
v -0.831469 -0.555570 -0.000000
v -0.707107 -0.707107 -0.000000
v -0.555570 -0.831470 -0.000000
v -0.382683 -0.923880 -0.000000
v -0.195090 -0.980785 -0.000000
v -0.191342 0.980785 -0.038060
v -0.375330 0.923879 -0.074658
v -0.544895 0.831470 -0.108386
v -0.693520 0.707107 -0.137950
v -0.815493 0.555570 -0.162212
v -0.906127 0.382683 -0.180240
v -0.961939 0.195090 -0.191342
v -0.980784 0.000000 -0.195091
v -0.961939 -0.195090 -0.191342
v -0.906127 -0.382684 -0.180240
v -0.815493 -0.555570 -0.162212
v -0.693520 -0.707107 -0.137950
v -0.544895 -0.831470 -0.108386
v -0.375330 -0.923880 -0.074658
v -0.191342 -0.980785 -0.038060
v -0.180240 0.980785 -0.074658
v -0.353553 0.923879 -0.146447
v -0.513279 0.831470 -0.212607
v -0.653281 0.707107 -0.270598
v -0.768177 0.555570 -0.318190
v -0.853553 0.382683 -0.353553
v -0.906127 0.195090 -0.375330
v -0.923878 0.000000 -0.382683
v -0.906127 -0.195090 -0.375330
v -0.853553 -0.382684 -0.353553
v -0.768177 -0.555570 -0.318190
v -0.653281 -0.707107 -0.270598
v -0.513279 -0.831470 -0.212607
v -0.353553 -0.923880 -0.146447
v -0.180240 -0.980785 -0.074658
v -0.162211 0.980785 -0.108386
v -0.318189 0.923879 -0.212607
v -0.461939 0.831469 -0.308658
v -0.587938 0.707107 -0.392847
v -0.691341 0.555570 -0.461940
v -0.768177 0.382683 -0.513280
v -0.815493 0.195090 -0.544895
v -0.831468 0.000000 -0.555570
v -0.815493 -0.195090 -0.544895
v -0.768177 -0.382684 -0.513280
v -0.691341 -0.555570 -0.461940
v -0.587938 -0.707107 -0.392847
v -0.461939 -0.831470 -0.308658
v -0.318189 -0.923880 -0.212607
v -0.162211 -0.980785 -0.108386
v -0.137950 0.980785 -0.137950
v -0.270598 0.923879 -0.270598
v -0.392847 0.831469 -0.392847
v -0.500000 0.707107 -0.500000
v -0.587937 0.555570 -0.587937
v -0.653281 0.382683 -0.653281
v -0.693519 0.195090 -0.693520
v -0.707106 0.000000 -0.707106
v -0.693519 -0.195090 -0.693520
v -0.653281 -0.382683 -0.653281
v -0.587937 -0.555570 -0.587938
v -0.500000 -0.707107 -0.500000
v -0.392847 -0.831470 -0.392847
v -0.270598 -0.923880 -0.270598
v -0.137950 -0.980785 -0.137950
v -0.108386 0.980785 -0.162212
v -0.212607 0.923879 -0.318189
v -0.308658 0.831470 -0.461939
v -0.392847 0.707107 -0.587938
v -0.461939 0.555570 -0.691341
v -0.513280 0.382683 -0.768177
v -0.544895 0.195090 -0.815493
v -0.555569 -0.000000 -0.831469
v -0.544895 -0.195090 -0.815493
v -0.513280 -0.382683 -0.768177
v -0.461939 -0.555570 -0.691341
v -0.392847 -0.707107 -0.587938
v -0.308658 -0.831470 -0.461939
v -0.212607 -0.923880 -0.318189
v -0.108386 -0.980785 -0.162212
v -0.074658 0.980785 -0.180240
v -0.146446 0.923879 -0.353553
v -0.212607 0.831470 -0.513279
v -0.270598 0.707107 -0.653281
v -0.318189 0.555570 -0.768177
v -0.353553 0.382683 -0.853553
v -0.375330 0.195090 -0.906127
v -0.382683 -0.000000 -0.923879
v -0.375330 -0.195090 -0.906127
v -0.353553 -0.382684 -0.853553
v -0.318189 -0.555570 -0.768177
v -0.270598 -0.707107 -0.653281
v -0.212607 -0.831470 -0.513279
v -0.146446 -0.923880 -0.353553
v -0.074658 -0.980785 -0.180240
v -0.038060 0.980785 -0.191342
v -0.074658 0.923879 -0.375330
v -0.108386 0.831470 -0.544895
v -0.137950 0.707107 -0.693520
v -0.162211 0.555570 -0.815492
v -0.180240 0.382683 -0.906127
v -0.191341 0.195090 -0.961939
v -0.195090 -0.000000 -0.980784
v -0.191341 -0.195090 -0.961939
v -0.180240 -0.382684 -0.906127
v -0.162211 -0.555570 -0.815493
v -0.137950 -0.707107 -0.693520
v -0.108386 -0.831470 -0.544895
v -0.074658 -0.923880 -0.375330
v -0.038060 -0.980785 -0.191342
v 0.000000 0.980785 -0.195090
v 0.000000 0.923879 -0.382683
v 0.000000 0.707107 -0.707107
v 0.000000 0.382683 -0.923879
v 0.000000 -0.382684 -0.923879
v 0.000000 -0.707107 -0.707107
v 0.000000 -0.831470 -0.555570
v 0.000000 -0.923880 -0.382683
v 0.000000 -0.980785 -0.195090
v -0.581260 -0.262780 1.073478
v -0.581260 0.262780 1.073478
v -0.581260 -0.262780 0.568734
v -0.581260 0.262780 0.568734
v 0.581260 -0.262780 1.073478
v 0.581260 0.262780 1.073478
v 0.581260 -0.262780 0.568734
v 0.581260 0.262780 0.568734
vn 0.2900 0.9545 0.0691
vn 0.1689 0.9837 0.0612
vn 0.1723 0.9842 0.0414
vn 0.2970 0.9541 0.0385
vn 0.1599 0.9836 0.0840
vn 0.2751 0.9557 0.1046
vn 0.2577 0.9561 0.1395
vn 0.1551 0.9823 0.1053
vn 0.2452 0.9561 0.1606
vn 0.1470 0.9820 0.1188
vn 0.2564 0.9570 0.1354
vn 0.1507 0.9846 0.0884
vn 0.2885 0.9571 0.0271
vn 0.1617 0.9868 -0.0076
vn 0.2998 0.9503 -0.0838
vn 0.1615 0.9819 -0.0984
vn 0.2948 0.9442 -0.1469
vn 0.1582 0.9770 -0.1428
vn 0.2729 0.9399 -0.2055
vn 0.1474 0.9717 -0.1846
vn 0.2237 0.9410 -0.2541
vn 0.1283 0.9658 -0.2254
vn 0.1666 0.9463 -0.2770
vn 0.1029 0.9659 -0.2378
vn 0.1006 0.9499 -0.2961
vn 0.0641 0.9677 -0.2438
vn 0.0295 0.9509 -0.3080
vn 0.0193 0.9702 -0.2414
vn -0.0273 0.9522 -0.3042
vn -0.0170 0.9690 -0.2464
vn -0.0591 0.9520 -0.3002
vn -0.0404 0.9665 -0.2534
vn -0.0830 0.9503 -0.3001
vn -0.0499 0.9641 -0.2606
vn -0.1354 0.9511 -0.2778
vn -0.0747 0.9689 -0.2357
vn -0.1898 0.9535 -0.2341
vn -0.1033 0.9738 -0.2024
vn -0.2189 0.9546 -0.2018
vn -0.1176 0.9773 -0.1760
vn -0.2354 0.9555 -0.1778
vn -0.1262 0.9795 -0.1572
vn -0.2519 0.9590 -0.1301
vn -0.1356 0.9836 -0.1186
vn -0.2617 0.9642 -0.0437
vn -0.1384 0.9894 -0.0441
vn -0.2570 0.9656 0.0387
vn -0.1274 0.9914 0.0284
vn -0.2454 0.9651 0.0911
vn -0.1146 0.9908 0.0717
vn -0.2358 0.9637 0.1250
vn -0.1056 0.9897 0.0970
vn -0.2368 0.9636 0.1243
vn -0.1049 0.9898 0.0964
vn -0.2453 0.9641 0.1013
vn -0.1108 0.9907 0.0790
vn -0.2534 0.9647 0.0717
vn -0.1153 0.9916 0.0584
vn -0.2577 0.9649 0.0501
vn -0.1247 0.9914 0.0386
vn -0.2605 0.9651 0.0255
vn -0.1257 0.9920 0.0138
vn -0.2622 0.9650 0.0059
vn -0.1321 0.9912 -0.0056
vn -0.2544 0.9663 0.0386
vn -0.1343 0.9908 0.0162
vn -0.2152 0.9690 0.1212
vn -0.1225 0.9895 0.0773
vn -0.0860 0.9871 0.1347
vn -0.1417 0.9695 0.2000
vn -0.0600 0.9689 0.2399
vn -0.0395 0.9884 0.1464
vn 0.0428 0.9683 0.2460
vn 0.0299 0.9880 0.1515
vn 0.1325 0.9646 0.2280
vn 0.0947 0.9846 0.1472
vn 0.2054 0.9632 0.1735
vn 0.1364 0.9838 0.1160
vn 0.2729 0.9593 0.0732
vn 0.1676 0.9849 0.0441
vn 0.2958 0.9551 -0.0167
vn 0.1703 0.9852 -0.0192
vn 0.2975 0.9537 -0.0444
vn 0.1683 0.9851 -0.0351
vn 0.2983 0.9540 -0.0295
vn 0.1713 0.9851 -0.0175
vn 0.2991 0.9542 -0.0009
vn 0.1728 0.9849 0.0099
vn -0.0005 0.9824 -0.1866
vn 0.0052 0.9817 -0.1905
vn 0.0027 0.9835 -0.1807
vn -0.0006 0.9878 -0.1557
vn -0.0009 0.9908 -0.1355
vn 0.0011 0.9941 -0.1089
vn 0.0101 0.9992 -0.0391
vn 0.0248 0.9991 0.0337
vn 0.0365 0.9974 0.0621
vn 0.0416 0.9968 0.0690
vn 0.0395 0.9972 0.0640
vn 0.0365 0.9979 0.0540
vn 0.0344 0.9985 0.0426
vn 0.0299 0.9993 0.0225
vn 0.0243 0.9997 -0.0013
vn 0.0183 0.9996 -0.0211
vn 0.0151 0.9998 -0.0143
vn 0.0157 0.9997 0.0188
vn 0.0175 0.9991 0.0383
vn -0.9289 0.1037 -0.3554
vn -0.9281 0.1035 -0.3576
vn -0.9399 0.1013 -0.3259
vn -0.9387 0.1013 -0.3297
vn 0.9826 0.0992 -0.1573
vn 0.9822 0.0994 -0.1595
vn 0.9905 0.0975 -0.0971
vn 0.9908 0.0975 -0.0940
vn -0.9479 0.1074 -0.2999
vn -0.9468 0.1072 -0.3034
vn -0.1190 0.2350 0.9647
vn -0.1168 0.2351 0.9649
vn 0.1267 0.2378 0.9630
vn 0.1244 0.2378 0.9633
vn -0.4249 0.0847 -0.9013
vn -0.4245 0.0847 -0.9015
vn -0.7632 0.0818 -0.6409
vn -0.7575 0.0818 -0.6477
vn -0.9772 0.1113 -0.1807
vn -0.9758 0.1111 -0.1886
vn -0.9930 0.1094 0.0445
vn -0.9933 0.1090 0.0379
vn -0.9796 0.1187 0.1623
vn -0.9779 0.1196 0.1717
vn -0.1071 0.0904 -0.9901
vn -0.1058 0.0904 -0.9903
vn 0.9925 0.1213 -0.0142
vn 0.9925 0.1213 -0.0133
vn 0.9853 0.1186 -0.1233
vn 0.9850 0.1185 -0.1252
vn -0.9742 0.1019 -0.2012
vn -0.9919 0.1040 -0.0723
vn -0.9922 0.1041 -0.0681
vn 0.9818 0.0947 -0.1648
vn 0.9824 0.0948 -0.1611
vn 0.9086 0.0907 -0.4078
vn 0.9039 0.0904 -0.4181
vn -0.9920 0.1115 -0.0588
vn -0.9918 0.1116 -0.0624
vn 0.9850 0.1247 0.1195
vn 0.9852 0.1246 0.1172
vn 0.8933 0.1533 0.4226
vn 0.8969 0.1524 0.4152
vn 0.9463 0.1371 0.2927
vn 0.9451 0.1376 0.2965
vn 0.9926 0.0956 -0.0753
vn 0.9926 0.0956 -0.0746
vn 0.9708 0.1087 -0.2139
vn 0.9709 0.1089 -0.2134
vn 0.9739 0.1033 -0.2023
vn 0.9742 0.1030 -0.2006
vn 0.9762 0.1149 -0.1837
vn 0.9760 0.1147 -0.1853
vn 0.5732 0.2036 0.7937
vn 0.5832 0.2025 0.7866
vn 0.7874 0.1750 0.5911
vn 0.7802 0.1762 0.6002
vn 0.6383 0.0885 -0.7647
vn 0.6302 0.0885 -0.7714
vn 0.2358 0.0897 -0.9677
vn 0.2362 0.0897 -0.9675
vn 0.3361 0.2250 0.9145
vn 0.3399 0.2246 0.9132
vn -0.7403 0.1753 0.6491
vn -0.7474 0.1742 0.6411
vn -0.4317 0.2123 0.8767
vn -0.4318 0.2123 0.8766
vn 0.9924 0.0940 -0.0794
vn 0.9923 0.0939 -0.0805
vn -0.9919 0.0989 0.0793
vn -0.9919 0.0989 0.0796
vn -0.9923 0.1033 0.0689
vn -0.9922 0.1032 0.0697
vn -0.9940 0.1081 0.0151
vn -0.9940 0.1080 0.0176
vn -0.9179 0.1408 0.3709
vn -0.9235 0.1394 0.3573
vn -0.9608 0.0858 -0.2637
vn -0.9585 0.0855 -0.2719
vn -0.9936 0.0962 0.0588
vn -0.9936 0.0962 0.0591
vn -0.9954 0.0925 -0.0252
vn -0.9954 0.0926 -0.0228
vn 0.9679 0.1294 0.2154
vn 0.9685 0.1292 0.2127
vn 0.9923 0.0949 -0.0799
vn 0.9924 0.0950 -0.0784
vn 0.9907 0.1352 -0.0143
vn 0.9738 0.2273 0.0028
vn 0.9952 -0.0877 -0.0436
vn 0.9815 -0.1846 -0.0504
vn 0.7993 -0.5980 -0.0593
vn 0.8540 -0.5168 -0.0595
vn 0.9060 -0.4191 -0.0601
vn 0.8111 -0.5818 -0.0602
vn 0.9414 0.3338 0.0490
vn 0.9060 0.4173 0.0705
vn 0.8880 0.4442 0.1186
vn 0.8492 0.5093 0.1396
vn 0.8402 0.5107 0.1822
vn 0.7944 0.5732 0.2007
vn 0.7680 0.5965 0.2331
vn 0.7192 0.6508 0.2434
vn 0.6512 0.7126 0.2609
vn 0.6087 0.7475 0.2661
vn 0.4940 0.8249 0.2746
vn 0.4459 0.8492 0.2829
vn 0.3131 0.9040 0.2912
vn 0.2443 0.9154 0.3200
vn 0.0889 0.9407 0.3273
vn -0.0050 0.9262 0.3770
vn 0.4268 0.7608 0.4888
vn 0.5581 0.6220 0.5492
vn -0.0214 0.8152 0.5787
vn -0.0629 0.8899 0.4517
vn -0.4598 0.6704 0.5823
vn -0.3184 0.8392 0.4410
vn -0.9935 0.1093 0.0329
vn -0.9789 0.1935 0.0660
vn -0.8776 0.4450 0.1786
vn -0.9264 0.3505 0.1376
vn -0.9953 -0.0908 -0.0346
vn -0.9987 -0.0473 -0.0208
vn -0.9592 -0.2763 -0.0596
vn -0.9637 -0.2598 -0.0609
vn -0.8944 -0.4449 -0.0460
vn -0.8942 -0.4443 -0.0556
vn -0.8193 -0.5732 -0.0135
vn -0.8137 -0.5811 -0.0147
vn -0.7950 -0.6066 -0.0029
vn -0.7805 -0.6251 0.0033
vn -0.7294 -0.6840 0.0066
vn -0.6979 -0.7159 -0.0193
vn -0.7611 -0.6459 -0.0593
vn -0.7678 -0.6399 -0.0311
vn -0.8698 -0.4861 -0.0842
vn -0.8613 -0.5030 -0.0724
vn -0.9650 -0.2536 -0.0675
vn -0.9512 -0.3003 -0.0704
vn -0.9982 0.0589 0.0107
vn -0.9990 -0.0407 -0.0179
vn -0.9296 0.3478 0.1218
vn -0.9661 0.2449 0.0812
vn -0.7261 0.6330 0.2684
vn -0.8394 0.5030 0.2059
vn -0.4258 0.8235 0.3750
vn -0.5436 0.7644 0.3466
vn 0.1264 0.8968 0.4241
vn -0.0965 0.8944 0.4367
vn -0.0599 0.8926 0.4468
vn -0.1306 0.8982 0.4197
vn 0.0529 0.9195 0.3895
vn 0.1677 0.9182 0.3588
vn 0.3059 0.8935 0.3289
vn 0.4216 0.8554 0.3008
vn 0.5239 0.8047 0.2791
vn 0.5903 0.7614 0.2680
vn 0.6633 0.7060 0.2483
vn 0.6848 0.6877 0.2412
vn 0.6848 0.6963 0.2152
vn 0.7311 0.6510 0.2042
vn 0.7292 0.6640 0.1653
vn 0.7826 0.6052 0.1460
vn 0.7905 0.6043 0.0998
vn 0.8497 0.5216 0.0769
vn 0.8942 0.4469 0.0270
vn 0.9487 0.3162 0.0069
vn 0.9947 0.0975 -0.0329
vn 0.9981 -0.0460 -0.0417
vn 0.8474 -0.5275 -0.0607
vn 0.9199 -0.3880 -0.0576
vn 0.9479 -0.3136 -0.0556
vn 0.8639 -0.5006 -0.0562
vn -0.5070 0.5336 0.6770
vn -0.7386 0.6211 0.2620
vn -0.6190 0.7182 0.3177
vn -0.1608 0.8968 0.4122
vn -0.3160 0.8707 0.3768
vn -0.0241 0.9001 0.4349
vn 0.0096 0.9274 0.3739
vn -0.9904 -0.1374 0.0136
vn -0.9816 0.1844 0.0498
vn -0.9952 0.0873 0.0433
vn -0.9733 -0.2294 -0.0030
vn -0.7975 0.6003 0.0606
vn -0.8091 0.5845 0.0612
vn -0.9053 0.4206 0.0602
vn -0.8524 0.5193 0.0603
vn -0.9411 -0.3346 -0.0494
vn -0.9056 -0.4182 -0.0708
vn -0.8879 -0.4445 -0.1188
vn -0.8491 -0.5094 -0.1397
vn -0.8402 -0.5108 -0.1820
vn -0.7945 -0.5732 -0.2006
vn -0.7683 -0.5961 -0.2330
vn -0.7193 -0.6507 -0.2434
vn -0.6517 -0.7122 -0.2610
vn -0.6089 -0.7473 -0.2661
vn -0.4940 -0.8249 -0.2747
vn -0.4459 -0.8493 -0.2827
vn -0.3139 -0.9038 -0.2909
vn -0.2450 -0.9154 -0.3195
vn -0.0874 -0.9408 -0.3275
vn 0.0064 -0.9258 -0.3780
vn -0.3770 -0.7687 -0.5166
vn 0.0166 -0.8035 -0.5951
vn -0.0357 -0.6706 -0.7409
vn -0.4830 -0.6333 -0.6047
vn 0.0609 -0.8886 -0.4547
vn 0.3069 -0.8418 -0.4440
vn 0.4069 -0.6913 -0.5971
vn 0.9935 -0.1089 -0.0324
vn 0.9269 -0.3495 -0.1368
vn 0.8780 -0.4444 -0.1777
vn 0.9788 -0.1939 -0.0658
vn 0.9953 0.0907 0.0348
vn 0.9987 0.0470 0.0211
vn 0.9593 0.2762 0.0595
vn 0.9638 0.2596 0.0610
vn 0.8943 0.4452 0.0457
vn 0.8941 0.4444 0.0554
vn 0.8190 0.5737 0.0134
vn 0.8136 0.5813 0.0144
vn 0.7949 0.6067 0.0029
vn 0.7805 0.6252 -0.0033
vn 0.7289 0.6846 -0.0072
vn 0.7673 0.6406 0.0309
vn 0.7603 0.6468 0.0599
vn 0.6972 0.7166 0.0191
vn 0.8608 0.5038 0.0728
vn 0.8694 0.4867 0.0851
vn 0.9509 0.3011 0.0712
vn 0.9647 0.2542 0.0690
vn 0.9990 0.0413 0.0188
vn 0.9981 -0.0601 -0.0104
vn 0.9663 -0.2445 -0.0805
vn 0.9298 -0.3477 -0.1205
vn 0.8409 -0.5011 -0.2043
vn 0.7261 -0.6329 -0.2686
vn 0.5462 -0.7629 -0.3458
vn 0.4330 -0.8217 -0.3706
vn 0.0982 -0.8945 -0.4361
vn -0.1243 -0.8958 -0.4267
vn 0.0559 -0.8918 -0.4489
vn 0.1275 -0.8986 -0.4199
vn -0.1689 -0.9183 -0.3581
vn -0.0559 -0.9199 -0.3881
vn -0.4232 -0.8549 -0.3000
vn -0.3060 -0.8935 -0.3287
vn -0.5909 -0.7611 -0.2676
vn -0.5243 -0.8047 -0.2784
vn -0.6854 -0.6871 -0.2411
vn -0.6645 -0.7050 -0.2477
vn -0.7311 -0.6509 -0.2043
vn -0.6847 -0.6962 -0.2153
vn -0.7824 -0.6053 -0.1463
vn -0.7292 -0.6640 -0.1655
vn -0.8491 -0.5225 -0.0775
vn -0.7901 -0.6047 -0.1005
vn -0.9481 -0.3179 -0.0073
vn -0.8930 -0.4493 -0.0283
vn -0.9980 0.0467 0.0425
vn -0.9944 -0.1004 0.0331
vn -0.8457 0.5301 0.0611
vn -0.8624 0.5030 0.0571
vn -0.9465 0.3176 0.0575
vn -0.9188 0.3905 0.0583
vn 0.4250 -0.5581 -0.7127
vn 0.7413 -0.6186 -0.2603
vn 0.3148 -0.8705 -0.3783
vn 0.1563 -0.8968 -0.4138
vn 0.6201 -0.7175 -0.3173
vn -0.0173 -0.9266 -0.3757
vn 0.0182 -0.8997 -0.4362
vn -0.3348 0.5374 -0.7740
vn -0.3354 0.5410 -0.7713
vn -0.3187 0.4472 -0.8357
vn -0.2942 0.6650 -0.6865
vn -0.2909 0.6673 -0.6856
vn -0.1802 0.7496 -0.6368
vn -0.1772 0.7519 -0.6350
vn -0.0571 0.8377 -0.5432
vn -0.0547 0.8393 -0.5409
vn 0.0892 0.8837 -0.4594
vn 0.0926 0.8839 -0.4584
vn 0.2649 0.8525 -0.4506
vn 0.2700 0.8505 -0.4514
vn 0.4713 0.7332 -0.4902
vn 0.4811 0.7254 -0.4923
vn 0.5883 0.5280 -0.6125
vn 0.5879 0.5137 -0.6249
vn 0.5780 0.3952 -0.7140
vn -0.6336 0.3355 -0.6971
vn -0.6336 0.3357 -0.6970
vn -0.6278 0.3049 -0.7161
vn -0.6224 0.4293 -0.6545
vn -0.6231 0.4271 -0.6553
vn -0.5641 0.5469 -0.6186
vn -0.5656 0.5448 -0.6191
vn -0.4735 0.6447 -0.6001
vn -0.4756 0.6430 -0.6004
vn -0.3847 0.7058 -0.5948
vn -0.3857 0.7053 -0.5948
vn -0.3226 0.7298 -0.6027
vn -0.2760 0.7317 -0.6232
vn -0.2758 0.7317 -0.6234
vn -0.2080 0.7253 -0.6563
vn -0.2080 0.7253 -0.6562
vn -0.0846 0.7051 -0.7041
vn -0.0865 0.7055 -0.7034
vn 0.0888 0.6380 -0.7649
vn 0.0829 0.6411 -0.7629
vn 0.2391 0.5540 -0.7975
vn 0.2353 0.5561 -0.7971
vn 0.2955 0.5218 -0.8002
vn 0.4415 -0.5395 0.7170
vn 0.4179 -0.5954 0.6862
vn 0.4161 -0.5995 0.6838
vn 0.3370 -0.7248 0.6009
vn 0.3326 -0.7303 0.5967
vn 0.1777 -0.8329 0.5241
vn 0.1701 -0.8355 0.5225
vn -0.0400 -0.8820 0.4695
vn -0.0495 -0.8831 0.4666
vn -0.2769 -0.8656 0.4173
vn -0.2832 -0.8639 0.4164
vn -0.5029 -0.7574 0.4165
vn -0.5089 -0.7529 0.4174
vn -0.7063 -0.5326 0.4663
vn -0.7123 -0.5229 0.4682
vn 0.8951 0.1595 0.4164
vn 0.8884 0.1269 0.4413
vn 0.8883 0.1265 0.4416
vn -0.8324 -0.0004 0.5542
vn -0.8327 -0.0018 0.5537
vn -0.8211 0.0489 0.5686
vn 0.8227 -0.2389 0.5158
vn 0.8218 -0.2416 0.5160
vn 0.7265 -0.4414 0.5267
vn 0.7276 -0.4397 0.5265
vn 0.6258 -0.5788 0.5229
vn 0.6274 -0.5767 0.5232
vn 0.5387 -0.6495 0.5366
vn 0.5381 -0.6497 0.5370
vn 0.4839 -0.6593 0.5755
vn 0.4838 -0.6592 0.5757
vn 0.4569 -0.6564 0.6003
vn 0.4567 -0.6565 0.6004
vn 0.4117 -0.6711 0.6166
vn 0.2934 -0.6986 0.6527
vn 0.2977 -0.6980 0.6513
vn 0.0776 -0.7021 0.7079
vn 0.0896 -0.7030 0.7055
vn -0.1312 -0.6354 0.7609
vn -0.1267 -0.6382 0.7593
vn -0.2134 -0.5803 0.7860
vn 0.8719 -0.0155 0.4894
vn 0.8729 -0.0071 0.4878
vn -0.8295 -0.1961 0.5229
vn -0.8248 -0.2254 0.5185
vn 0.4436 -0.1650 -0.8809
vn -0.1485 -0.2890 -0.9457
vn -0.1399 -0.3324 -0.9327
vn 0.4516 -0.2095 -0.8673
vn -0.9488 -0.2309 -0.2154
vn -0.9703 -0.1180 0.2110
vn -0.9766 -0.1069 0.1867
vn -0.9440 -0.2381 -0.2285
vn -0.8025 0.0181 0.5964
vn -0.8230 0.0448 0.5662
vn -0.8754 -0.0343 0.4823
vn -0.8797 0.0008 0.4756
vn 0.9682 0.2090 0.1376
vn 0.9837 0.0808 -0.1604
vn 0.9764 0.1138 -0.1835
vn 0.9691 0.2134 0.1234
vn -0.1447 0.9172 -0.3713
vn -0.1459 0.9133 -0.3802
vn -0.1493 0.9130 -0.3796
vn -0.1459 0.9178 -0.3693
vn 0.9698 0.2160 0.1129
vn 0.9432 0.2371 0.2329
vn 0.9397 0.2421 0.2415
vn 0.9744 0.1253 -0.1865
vn 0.9783 0.1105 -0.1751
vn 0.8207 -0.0105 -0.5713
vn 0.8286 -0.0426 -0.5583
vn -0.1436 0.9210 -0.3622
vn -0.6887 -0.3058 -0.6574
vn -0.6780 -0.3331 -0.6552
vn 0.8437 -0.1025 -0.5269
vn 0.4743 -0.2930 -0.8302
vn 0.4736 -0.3357 -0.8143
vn 0.8401 -0.1387 -0.5244
vn 0.9844 0.0830 -0.1551
vn 0.9845 0.0611 -0.1641
vn 0.9357 0.2524 0.2465
vn 0.9411 0.2495 0.2282
vn 0.9624 0.2191 0.1605
vn -0.9764 -0.1140 0.1836
vn -0.9837 -0.0808 0.1604
vn -0.8947 0.0572 0.4431
vn 0.9859 0.0664 -0.1539
vn -0.8387 0.1064 0.5341
vn -0.8898 0.0929 0.4467
vn -0.8499 0.1304 0.5106
vn -0.9831 -0.0777 0.1655
vn -0.9869 -0.0711 0.1446
vn -0.9401 -0.2473 -0.2347
vn -0.9329 -0.2591 -0.2499
vn -0.6625 -0.3846 -0.6428
vn -0.6435 -0.4131 -0.6444
vn -0.1161 -0.4153 -0.9022
vn -0.1012 -0.4541 -0.8852
vn -0.9859 -0.0664 0.1539
vn -0.1621 0.2346 0.9585
vn 0.1688 0.2921 0.9414
vn 0.1324 0.3322 0.9339
vn -0.1814 0.2802 0.9426
vn 0.4564 0.3160 0.8318
vn 0.4424 0.3496 0.8259
vn 0.1100 0.4140 0.9036
vn 0.4210 0.4192 0.8044
vn 0.4146 0.4521 0.7898
vn 0.1110 0.4548 0.8837
vn -0.2068 0.3674 0.9068
vn -0.2132 0.4095 0.8870
vn -0.9701 -0.1346 0.2020
vn -0.1431 0.9180 -0.3698
vn -0.1425 0.9136 -0.3807
vn 0.9701 0.1345 -0.2019
vn -0.0009 -0.9864 0.1643
vn -0.0003 -0.9865 0.1635
vn -0.0086 -0.9858 0.1675
vn -0.0081 -0.9856 0.1686
vn -0.0189 -0.9853 0.1700
vn -0.0151 -0.9848 0.1728
vn 0.0014 -0.9854 0.1702
vn -0.0091 -0.9858 0.1676
vn -0.0198 -0.9860 0.1653
vn 0.0048 -0.9847 0.1739
vn -0.0068 -0.9861 0.1663
vn -0.0176 -0.9876 0.1561
vn 0.0090 -0.9875 0.1571
vn -0.0032 -0.9889 0.1482
vn -0.0152 -0.9908 0.1345
vn 0.0128 -0.9911 0.1325
vn 0.0001 -0.9924 0.1230
vn -0.0125 -0.9937 0.1114
vn 0.0140 -0.9952 0.0968
vn 0.0020 -0.9963 0.0858
vn -0.0095 -0.9971 0.0749
vn 0.0111 -0.9992 0.0375
vn 0.0010 -0.9996 0.0287
vn -0.0084 -0.9996 0.0272
vn 0.0053 -0.9998 -0.0174
vn -0.0037 -0.9999 -0.0155
vn -0.0115 -0.9999 -0.0062
vn -0.0026 -0.9991 -0.0423
vn -0.0117 -0.9996 -0.0268
vn -0.0186 -0.9998 -0.0116
vn -0.0112 -0.9992 -0.0384
vn -0.0203 -0.9996 -0.0218
vn -0.0276 -0.9996 -0.0077
vn -0.0163 -0.9996 -0.0221
vn -0.0260 -0.9996 -0.0119
vn -0.0351 -0.9994 -0.0053
vn -0.0154 -0.9999 0.0003
vn -0.0266 -0.9996 0.0031
vn -0.0379 -0.9993 0.0038
vn -0.0100 -0.9997 0.0217
vn -0.0224 -0.9996 0.0174
vn -0.0354 -0.9993 0.0115
vn -0.0026 -0.9993 0.0383
vn -0.0150 -0.9994 0.0302
vn -0.0275 -0.9994 0.0216
vn -0.0000 -0.9995 0.0325
vn -0.0089 -0.9997 0.0237
vn -0.0181 -0.9997 0.0165
vn 0.0006 -0.9998 0.0179
vn -0.0046 -0.9999 0.0106
vn -0.0100 -0.9999 0.0036
vn 0.0036 -1.0000 0.0076
vn -0.0007 -1.0000 0.0004
vn -0.0055 -1.0000 -0.0041
vn 0.0050 -0.9999 -0.0130
vn -0.0000 -0.9998 -0.0219
vn -0.0046 -0.9998 -0.0209
vn 0.0029 -0.9995 -0.0327
vn -0.0004 -0.9995 -0.0309
vn -0.0036 -0.9994 -0.0342
vn -0.0015 -0.9995 -0.0303
vn -0.0002 -0.9996 -0.0272
vn 0.0009 -0.9997 -0.0244
vn -0.0000 0.7041 -0.7101
vn -0.0000 0.8286 -0.5598
vn 0.1092 0.8286 -0.5490
vn 0.1385 0.7041 -0.6965
vn -0.0000 -0.7041 -0.7101
vn -0.0000 -0.5528 -0.8333
vn 0.1626 -0.5528 -0.8173
vn 0.1385 -0.7041 -0.6965
vn -0.0000 0.5528 -0.8333
vn 0.1626 0.5528 -0.8173
vn -0.0000 -0.8286 -0.5598
vn 0.1092 -0.8286 -0.5490
vn -0.0000 0.3805 -0.9248
vn 0.1804 0.3805 -0.9070
vn -0.0000 -0.9217 -0.3879
vn 0.0757 -0.9217 -0.3804
vn -0.0000 0.1939 -0.9810
vn 0.1914 0.1939 -0.9622
vn -0.0000 -0.9796 -0.2010
vn 0.0392 -0.9796 -0.1971
vn -0.0000 -0.0000 -1.0000
vn 0.1951 -0.0000 -0.9808
vn -0.0000 0.9796 -0.2010
vn -0.0000 1.0000 -0.0000
vn 0.0392 0.9796 -0.1971
vn -0.0000 -1.0000 -0.0000
vn -0.0000 -0.1939 -0.9810
vn 0.1914 -0.1939 -0.9622
vn -0.0000 0.9217 -0.3879
vn 0.0757 0.9217 -0.3804
vn -0.0000 -0.3805 -0.9248
vn 0.1804 -0.3805 -0.9070
vn 0.3754 -0.1939 -0.9063
vn 0.3539 -0.3805 -0.8544
vn 0.1484 0.9217 -0.3584
vn 0.2142 0.8286 -0.5172
vn 0.3189 -0.5528 -0.7699
vn 0.2718 0.7041 -0.6561
vn 0.2718 -0.7041 -0.6561
vn 0.3189 0.5528 -0.7699
vn 0.2142 -0.8286 -0.5172
vn 0.3539 0.3805 -0.8544
vn 0.1484 -0.9217 -0.3584
vn 0.3754 0.1939 -0.9063
vn 0.0769 -0.9796 -0.1857
vn 0.3827 -0.0000 -0.9239
vn 0.0769 0.9796 -0.1857
vn 0.3110 -0.8286 -0.4654
vn 0.2155 -0.9217 -0.3225
vn 0.5138 0.3805 -0.7689
vn 0.5450 0.1939 -0.8157
vn 0.1117 -0.9796 -0.1671
vn 0.5556 -0.0000 -0.8315
vn 0.1117 0.9796 -0.1671
vn 0.5450 -0.1939 -0.8157
vn 0.2155 0.9217 -0.3225
vn 0.5138 -0.3805 -0.7689
vn 0.3110 0.8286 -0.4654
vn 0.4630 -0.5528 -0.6929
vn 0.3945 0.7041 -0.5905
vn 0.3945 -0.7041 -0.5905
vn 0.4630 0.5528 -0.6929
vn 0.6539 -0.3805 -0.6539
vn 0.5893 -0.5528 -0.5893
vn 0.3958 0.8286 -0.3958
vn 0.5021 0.7041 -0.5021
vn 0.5021 -0.7041 -0.5021
vn 0.5893 0.5528 -0.5893
vn 0.3958 -0.8286 -0.3958
vn 0.6539 0.3805 -0.6539
vn 0.2743 -0.9217 -0.2743
vn 0.6937 0.1939 -0.6937
vn 0.1421 -0.9796 -0.1421
vn 0.7071 -0.0000 -0.7071
vn 0.1421 0.9796 -0.1421
vn 0.6937 -0.1939 -0.6937
vn 0.2743 0.9217 -0.2743
vn 0.3225 -0.9217 -0.2155
vn 0.1671 -0.9796 -0.1116
vn 0.8157 0.1939 -0.5450
vn 0.8315 -0.0000 -0.5556
vn 0.1671 0.9796 -0.1117
vn 0.8157 -0.1939 -0.5450
vn 0.3225 0.9217 -0.2155
vn 0.7689 -0.3805 -0.5138
vn 0.4654 0.8286 -0.3110
vn 0.6929 -0.5528 -0.4630
vn 0.5905 0.7041 -0.3945
vn 0.5905 -0.7041 -0.3945
vn 0.6929 0.5528 -0.4630
vn 0.4654 -0.8286 -0.3110
vn 0.7689 0.3805 -0.5138
vn 0.5172 0.8286 -0.2142
vn 0.6561 0.7041 -0.2718
vn 0.7699 -0.5528 -0.3189
vn 0.6561 -0.7041 -0.2718
vn 0.7699 0.5528 -0.3189
vn 0.5172 -0.8286 -0.2142
vn 0.8544 0.3805 -0.3539
vn 0.3584 -0.9217 -0.1484
vn 0.9063 0.1939 -0.3754
vn 0.1857 -0.9796 -0.0769
vn 0.9239 -0.0000 -0.3827
vn 0.1857 0.9796 -0.0769
vn 0.9063 -0.1939 -0.3754
vn 0.3584 0.9217 -0.1484
vn 0.8544 -0.3805 -0.3539
vn 0.9622 0.1939 -0.1914
vn 0.9808 -0.0000 -0.1951
vn 0.1971 0.9796 -0.0392
vn 0.1971 -0.9796 -0.0392
vn 0.9622 -0.1939 -0.1914
vn 0.3804 0.9217 -0.0757
vn 0.9070 -0.3805 -0.1804
vn 0.5490 0.8286 -0.1092
vn 0.8173 -0.5528 -0.1626
vn 0.6965 0.7041 -0.1385
vn 0.6965 -0.7041 -0.1385
vn 0.8173 0.5528 -0.1626
vn 0.5490 -0.8286 -0.1092
vn 0.9070 0.3805 -0.1804
vn 0.3804 -0.9217 -0.0757
vn 0.8333 -0.5528 -0.0000
vn 0.7101 -0.7041 -0.0000
vn 0.7101 0.7041 -0.0000
vn 0.8333 0.5528 -0.0000
vn 0.5598 -0.8286 -0.0000
vn 0.9248 0.3805 -0.0000
vn 0.3879 -0.9217 -0.0000
vn 0.9810 0.1939 -0.0000
vn 0.2010 -0.9796 -0.0000
vn 1.0000 -0.0000 -0.0000
vn 0.2010 0.9796 -0.0000
vn 0.9810 -0.1939 -0.0000
vn 0.3879 0.9217 -0.0000
vn 0.9248 -0.3805 -0.0000
vn 0.5598 0.8286 -0.0000
vn 0.1971 0.9796 0.0392
vn 0.1971 -0.9796 0.0392
vn 0.9808 -0.0000 0.1951
vn 0.9622 -0.1939 0.1914
vn 0.3804 0.9217 0.0757
vn 0.9070 -0.3805 0.1804
vn 0.5490 0.8286 0.1092
vn 0.8173 -0.5528 0.1626
vn 0.6965 0.7041 0.1385
vn 0.6965 -0.7041 0.1385
vn 0.8173 0.5528 0.1626
vn 0.5490 -0.8286 0.1092
vn 0.9070 0.3805 0.1804
vn 0.3804 -0.9217 0.0757
vn 0.9622 0.1939 0.1914
vn 0.6561 0.7041 0.2718
vn 0.7699 0.5528 0.3189
vn 0.6561 -0.7041 0.2718
vn 0.5172 -0.8286 0.2142
vn 0.8544 0.3805 0.3539
vn 0.3584 -0.9217 0.1484
vn 0.9063 0.1939 0.3754
vn 0.1857 -0.9796 0.0769
vn 0.9239 -0.0000 0.3827
vn 0.1857 0.9796 0.0769
vn 0.9063 -0.1939 0.3754
vn 0.3584 0.9217 0.1484
vn 0.8544 -0.3805 0.3539
vn 0.5172 0.8286 0.2142
vn 0.7699 -0.5528 0.3189
vn 0.8315 -0.0000 0.5556
vn 0.8157 -0.1939 0.5450
vn 0.1671 0.9796 0.1117
vn 0.3225 0.9217 0.2155
vn 0.7689 -0.3805 0.5138
vn 0.4654 0.8286 0.3110
vn 0.6929 -0.5528 0.4630
vn 0.5905 0.7041 0.3945
vn 0.5905 -0.7041 0.3945
vn 0.6929 0.5528 0.4630
vn 0.4654 -0.8286 0.3110
vn 0.7689 0.3805 0.5138
vn 0.3225 -0.9217 0.2155
vn 0.8157 0.1939 0.5450
vn 0.1671 -0.9796 0.1116
vn 0.5021 -0.7041 0.5021
vn 0.3958 -0.8286 0.3958
vn 0.5893 0.5528 0.5893
vn 0.6539 0.3805 0.6539
vn 0.2743 -0.9217 0.2743
vn 0.6937 0.1939 0.6937
vn 0.1421 -0.9796 0.1421
vn 0.7071 -0.0000 0.7071
vn 0.1421 0.9796 0.1421
vn 0.6937 -0.1939 0.6937
vn 0.2743 0.9217 0.2743
vn 0.6539 -0.3805 0.6539
vn 0.3958 0.8286 0.3958
vn 0.5893 -0.5528 0.5893
vn 0.5021 0.7041 0.5021
vn 0.5450 -0.1939 0.8157
vn 0.5138 -0.3805 0.7689
vn 0.2155 0.9217 0.3225
vn 0.3110 0.8286 0.4654
vn 0.4630 -0.5528 0.6929
vn 0.3945 0.7041 0.5905
vn 0.3945 -0.7041 0.5905
vn 0.4630 0.5528 0.6929
vn 0.3110 -0.8286 0.4654
vn 0.5138 0.3805 0.7689
vn 0.2155 -0.9217 0.3225
vn 0.5450 0.1939 0.8157
vn 0.1117 -0.9796 0.1671
vn 0.5556 -0.0000 0.8315
vn 0.1117 0.9796 0.1671
vn 0.2142 -0.8286 0.5172
vn 0.1484 -0.9217 0.3584
vn 0.3539 0.3805 0.8544
vn 0.3754 0.1939 0.9063
vn 0.0769 -0.9796 0.1857
vn 0.3827 -0.0000 0.9239
vn 0.0769 0.9796 0.1857
vn 0.3754 -0.1939 0.9063
vn 0.1484 0.9217 0.3584
vn 0.3539 -0.3805 0.8544
vn 0.2142 0.8286 0.5172
vn 0.3189 -0.5528 0.7699
vn 0.2718 0.7041 0.6561
vn 0.2718 -0.7041 0.6561
vn 0.3189 0.5528 0.7699
vn 0.0757 0.9217 0.3804
vn 0.1092 0.8286 0.5490
vn 0.1804 -0.3805 0.9070
vn 0.1626 -0.5528 0.8173
vn 0.1385 0.7041 0.6965
vn 0.1385 -0.7041 0.6965
vn 0.1626 0.5528 0.8173
vn 0.1092 -0.8286 0.5490
vn 0.1804 0.3805 0.9070
vn 0.0757 -0.9217 0.3804
vn 0.1914 0.1939 0.9622
vn 0.0392 -0.9796 0.1971
vn 0.1951 -0.0000 0.9808
vn 0.0392 0.9796 0.1971
vn 0.1914 -0.1939 0.9622
vn -0.0000 0.3805 0.9248
vn -0.0000 0.1939 0.9810
vn -0.0000 -0.9217 0.3879
vn -0.0000 -0.9796 0.2010
vn -0.0000 -0.0000 1.0000
vn -0.0000 0.9796 0.2010
vn -0.0000 -0.1939 0.9810
vn -0.0000 0.9217 0.3879
vn -0.0000 -0.3805 0.9248
vn -0.0000 0.8286 0.5598
vn -0.0000 -0.5528 0.8333
vn -0.0000 0.7041 0.7101
vn -0.0000 -0.7041 0.7101
vn -0.0000 0.5528 0.8333
vn -0.0000 -0.8286 0.5598
vn -0.1804 -0.3805 0.9070
vn -0.1626 -0.5528 0.8173
vn -0.1092 0.8286 0.5490
vn -0.1385 0.7041 0.6965
vn -0.1385 -0.7041 0.6965
vn -0.1626 0.5528 0.8173
vn -0.1092 -0.8286 0.5490
vn -0.1804 0.3805 0.9070
vn -0.0757 -0.9217 0.3804
vn -0.1914 0.1939 0.9622
vn -0.0392 -0.9796 0.1971
vn -0.1951 -0.0000 0.9808
vn -0.0392 0.9796 0.1971
vn -0.1914 -0.1939 0.9622
vn -0.0757 0.9217 0.3804
vn -0.1484 -0.9217 0.3584
vn -0.0769 -0.9796 0.1857
vn -0.3754 0.1939 0.9063
vn -0.3827 -0.0000 0.9239
vn -0.0769 0.9796 0.1857
vn -0.3754 -0.1939 0.9063
vn -0.1484 0.9217 0.3584
vn -0.3539 -0.3805 0.8544
vn -0.2142 0.8286 0.5172
vn -0.3189 -0.5528 0.7699
vn -0.2718 0.7041 0.6561
vn -0.2718 -0.7041 0.6561
vn -0.3189 0.5528 0.7699
vn -0.2142 -0.8286 0.5172
vn -0.3539 0.3805 0.8544
vn -0.3110 0.8286 0.4654
vn -0.3945 0.7041 0.5905
vn -0.4630 -0.5528 0.6929
vn -0.3945 -0.7041 0.5905
vn -0.4630 0.5528 0.6929
vn -0.3110 -0.8286 0.4654
vn -0.5138 0.3805 0.7689
vn -0.2155 -0.9217 0.3225
vn -0.5450 0.1939 0.8157
vn -0.1117 -0.9796 0.1671
vn -0.5556 -0.0000 0.8315
vn -0.1117 0.9796 0.1671
vn -0.5450 -0.1939 0.8157
vn -0.2155 0.9217 0.3225
vn -0.5138 -0.3805 0.7689
vn -0.6937 0.1939 0.6937
vn -0.7071 -0.0000 0.7071
vn -0.1421 0.9796 0.1421
vn -0.1421 -0.9796 0.1421
vn -0.6937 -0.1939 0.6937
vn -0.2743 0.9217 0.2743
vn -0.6539 -0.3805 0.6539
vn -0.3958 0.8286 0.3958
vn -0.5893 -0.5528 0.5893
vn -0.5021 0.7041 0.5021
vn -0.5021 -0.7041 0.5021
vn -0.5893 0.5528 0.5893
vn -0.3958 -0.8286 0.3958
vn -0.6539 0.3805 0.6539
vn -0.2743 -0.9217 0.2743
vn -0.6929 -0.5528 0.4630
vn -0.5905 -0.7041 0.3945
vn -0.5905 0.7041 0.3945
vn -0.6929 0.5528 0.4630
vn -0.4654 -0.8286 0.3110
vn -0.7689 0.3805 0.5138
vn -0.3225 -0.9217 0.2155
vn -0.8157 0.1939 0.5450
vn -0.1671 -0.9796 0.1117
vn -0.8315 -0.0000 0.5556
vn -0.1671 0.9796 0.1117
vn -0.8157 -0.1939 0.5450
vn -0.3225 0.9217 0.2155
vn -0.7689 -0.3805 0.5138
vn -0.4654 0.8286 0.3110
vn -0.1857 -0.9796 0.0769
vn -0.9239 -0.0000 0.3827
vn -0.9063 -0.1939 0.3754
vn -0.1857 0.9796 0.0769
vn -0.3584 0.9217 0.1484
vn -0.8544 -0.3805 0.3539
vn -0.5172 0.8286 0.2142
vn -0.7699 -0.5528 0.3189
vn -0.6561 0.7041 0.2718
vn -0.6561 -0.7041 0.2718
vn -0.7699 0.5528 0.3189
vn -0.5172 -0.8286 0.2142
vn -0.8544 0.3805 0.3539
vn -0.3584 -0.9217 0.1484
vn -0.9063 0.1939 0.3754
vn -0.6965 -0.7041 0.1385
vn -0.5490 -0.8286 0.1092
vn -0.8173 0.5528 0.1626
vn -0.9070 0.3805 0.1804
vn -0.3804 -0.9217 0.0757
vn -0.9622 0.1939 0.1914
vn -0.1971 -0.9796 0.0392
vn -0.9808 -0.0000 0.1951
vn -0.1971 0.9796 0.0392
vn -0.9622 -0.1939 0.1914
vn -0.3804 0.9217 0.0757
vn -0.9070 -0.3805 0.1804
vn -0.5490 0.8286 0.1092
vn -0.8173 -0.5528 0.1626
vn -0.6965 0.7041 0.1385
vn -0.2010 0.9796 -0.0000
vn -0.3879 0.9217 -0.0000
vn -0.9810 -0.1939 -0.0000
vn -0.9248 -0.3805 -0.0000
vn -0.5598 0.8286 -0.0000
vn -0.8333 -0.5528 -0.0000
vn -0.7101 0.7041 -0.0000
vn -0.7101 -0.7041 -0.0000
vn -0.8333 0.5528 -0.0000
vn -0.5598 -0.8286 -0.0000
vn -0.9248 0.3805 -0.0000
vn -0.3879 -0.9217 -0.0000
vn -0.9810 0.1939 -0.0000
vn -0.2010 -0.9796 -0.0000
vn -1.0000 -0.0000 -0.0000
vn -0.8173 0.5528 -0.1626
vn -0.9070 0.3805 -0.1804
vn -0.5490 -0.8286 -0.1092
vn -0.3804 -0.9217 -0.0757
vn -0.9622 0.1939 -0.1914
vn -0.1971 -0.9796 -0.0392
vn -0.9808 -0.0000 -0.1951
vn -0.1971 0.9796 -0.0392
vn -0.9622 -0.1939 -0.1914
vn -0.3804 0.9217 -0.0757
vn -0.9070 -0.3805 -0.1804
vn -0.5490 0.8286 -0.1092
vn -0.8173 -0.5528 -0.1626
vn -0.6965 0.7041 -0.1385
vn -0.6965 -0.7041 -0.1385
vn -0.9063 -0.1939 -0.3754
vn -0.8544 -0.3805 -0.3539
vn -0.3584 0.9217 -0.1484
vn -0.5172 0.8286 -0.2142
vn -0.7699 -0.5528 -0.3189
vn -0.6561 0.7041 -0.2718
vn -0.6561 -0.7041 -0.2718
vn -0.7699 0.5528 -0.3189
vn -0.5172 -0.8286 -0.2142
vn -0.8544 0.3805 -0.3539
vn -0.3584 -0.9217 -0.1484
vn -0.9063 0.1939 -0.3754
vn -0.1857 -0.9796 -0.0769
vn -0.9239 -0.0000 -0.3827
vn -0.1857 0.9796 -0.0769
vn -0.4654 -0.8286 -0.3110
vn -0.3225 -0.9217 -0.2155
vn -0.7689 0.3805 -0.5138
vn -0.8157 0.1939 -0.5450
vn -0.1671 -0.9796 -0.1117
vn -0.8315 -0.0000 -0.5556
vn -0.1671 0.9796 -0.1117
vn -0.8157 -0.1939 -0.5450
vn -0.3225 0.9217 -0.2155
vn -0.7689 -0.3805 -0.5138
vn -0.4654 0.8286 -0.3110
vn -0.6929 -0.5528 -0.4630
vn -0.5905 0.7041 -0.3945
vn -0.5905 -0.7041 -0.3945
vn -0.6929 0.5528 -0.4630
vn -0.2743 0.9217 -0.2743
vn -0.3958 0.8286 -0.3958
vn -0.6539 -0.3805 -0.6539
vn -0.5893 -0.5528 -0.5893
vn -0.5021 0.7041 -0.5021
vn -0.5021 -0.7041 -0.5021
vn -0.5893 0.5528 -0.5893
vn -0.3958 -0.8286 -0.3958
vn -0.6539 0.3805 -0.6539
vn -0.2743 -0.9217 -0.2743
vn -0.6937 0.1939 -0.6937
vn -0.1421 -0.9796 -0.1421
vn -0.7071 -0.0000 -0.7071
vn -0.1421 0.9796 -0.1421
vn -0.6937 -0.1939 -0.6937
vn -0.5138 0.3805 -0.7689
vn -0.5450 0.1939 -0.8157
vn -0.2155 -0.9217 -0.3225
vn -0.1117 -0.9796 -0.1671
vn -0.5556 -0.0000 -0.8315
vn -0.1117 0.9796 -0.1671
vn -0.5450 -0.1939 -0.8157
vn -0.2155 0.9217 -0.3225
vn -0.5138 -0.3805 -0.7689
vn -0.3110 0.8286 -0.4654
vn -0.4630 -0.5528 -0.6929
vn -0.3945 0.7041 -0.5905
vn -0.3945 -0.7041 -0.5905
vn -0.4630 0.5528 -0.6929
vn -0.3110 -0.8286 -0.4654
vn -0.3539 -0.3805 -0.8544
vn -0.3189 -0.5528 -0.7699
vn -0.2142 0.8286 -0.5172
vn -0.2718 0.7041 -0.6561
vn -0.2718 -0.7041 -0.6561
vn -0.3189 0.5528 -0.7699
vn -0.2142 -0.8286 -0.5172
vn -0.3539 0.3805 -0.8544
vn -0.1484 -0.9217 -0.3584
vn -0.3754 0.1939 -0.9063
vn -0.0769 -0.9796 -0.1857
vn -0.3827 -0.0000 -0.9239
vn -0.0769 0.9796 -0.1857
vn -0.3754 -0.1939 -0.9063
vn -0.1484 0.9217 -0.3584
vn -0.0757 -0.9217 -0.3804
vn -0.0392 -0.9796 -0.1971
vn -0.1914 0.1939 -0.9622
vn -0.1951 -0.0000 -0.9808
vn -0.0392 0.9796 -0.1971
vn -0.1914 -0.1939 -0.9622
vn -0.0757 0.9217 -0.3804
vn -0.1804 -0.3805 -0.9070
vn -0.1092 0.8286 -0.5490
vn -0.1626 -0.5528 -0.8173
vn -0.1385 0.7041 -0.6965
vn -0.1385 -0.7041 -0.6965
vn -0.1626 0.5528 -0.8173
vn -0.1092 -0.8286 -0.5490
vn -0.1804 0.3805 -0.9070
vt 0.281215 0.968643
vt 0.281182 0.968428
vt 0.281425 0.968408
vt 0.281440 0.968625
vt 0.280932 0.968469
vt 0.280991 0.968679
vt 0.280777 0.968752
vt 0.280694 0.968551
vt 0.280570 0.968839
vt 0.280476 0.968644
vt 0.280365 0.968934
vt 0.280279 0.968736
vt 0.280152 0.969008
vt 0.280096 0.968799
vt 0.279928 0.969048
vt 0.279905 0.968833
vt 0.279701 0.969063
vt 0.279706 0.968846
vt 0.279474 0.969050
vt 0.279525 0.968836
vt 0.279254 0.969004
vt 0.279353 0.968805
vt 0.279053 0.968900
vt 0.279215 0.968742
vt 0.278911 0.968728
vt 0.279103 0.968624
vt 0.278840 0.968504
vt 0.279052 0.968466
vt 0.278829 0.968278
vt 0.279044 0.968291
vt 0.278868 0.968055
vt 0.279075 0.968113
vt 0.278954 0.967845
vt 0.279140 0.967955
vt 0.279104 0.967674
vt 0.279251 0.967830
vt 0.279291 0.967543
vt 0.279401 0.967727
vt 0.279494 0.967450
vt 0.279578 0.967647
vt 0.279708 0.967377
vt 0.279773 0.967580
vt 0.279930 0.967321
vt 0.279972 0.967530
vt 0.280154 0.967293
vt 0.280165 0.967507
vt 0.280382 0.967298
vt 0.280365 0.967512
vt 0.280607 0.967321
vt 0.280575 0.967533
vt 0.280830 0.967354
vt 0.280790 0.967565
vt 0.281054 0.967391
vt 0.281016 0.967602
vt 0.281278 0.967419
vt 0.281250 0.967632
vt 0.281503 0.967435
vt 0.281489 0.967651
vt 0.281729 0.967435
vt 0.281720 0.967651
vt 0.281954 0.967445
vt 0.281946 0.967660
vt 0.282180 0.967447
vt 0.282173 0.967662
vt 0.282407 0.967457
vt 0.282379 0.967670
vt 0.282628 0.967500
vt 0.282544 0.967701
vt 0.282627 0.967752
vt 0.282792 0.967604
vt 0.282891 0.967795
vt 0.282681 0.967858
vt 0.282920 0.968054
vt 0.282701 0.968043
vt 0.282873 0.968281
vt 0.282670 0.968201
vt 0.282754 0.968477
vt 0.282598 0.968319
vt 0.282565 0.968586
vt 0.282489 0.968381
vt 0.282344 0.968624
vt 0.282322 0.968408
vt 0.282118 0.968630
vt 0.282114 0.968413
vt 0.281892 0.968629
vt 0.281892 0.968412
vt 0.281666 0.968624
vt 0.281663 0.968406
vt 0.279131 0.968290
vt 0.279245 0.968279
vt 0.279399 0.968262
vt 0.279571 0.968240
vt 0.279759 0.968214
vt 0.279942 0.968186
vt 0.280138 0.968158
vt 0.280331 0.968129
vt 0.280535 0.968093
vt 0.280753 0.968063
vt 0.280986 0.968042
vt 0.281230 0.968037
vt 0.281473 0.968038
vt 0.281698 0.968038
vt 0.281907 0.968045
vt 0.282129 0.968048
vt 0.282339 0.968051
vt 0.282499 0.968053
vt 0.282606 0.968051
vt 0.280197 0.969503
vt 0.280197 0.969283
vt 0.280423 0.969283
vt 0.280423 0.969503
vt 0.280454 0.969759
vt 0.280454 0.969548
vt 0.280677 0.969548
vt 0.280677 0.969759
vt 0.279973 0.969503
vt 0.279973 0.969283
vt 0.282259 0.969503
vt 0.282259 0.969283
vt 0.282487 0.969283
vt 0.282487 0.969503
vt 0.277716 0.969503
vt 0.277716 0.969283
vt 0.277951 0.969283
vt 0.277951 0.969503
vt 0.279751 0.969503
vt 0.279751 0.969283
vt 0.281104 0.969503
vt 0.281104 0.969283
vt 0.281332 0.969283
vt 0.281332 0.969503
vt 0.277481 0.969503
vt 0.277481 0.969283
vt 0.279328 0.969759
vt 0.279328 0.969548
vt 0.279555 0.969548
vt 0.279555 0.969759
vt 0.280649 0.969503
vt 0.280649 0.969283
vt 0.280876 0.969283
vt 0.280876 0.969503
vt 0.281576 0.969759
vt 0.281576 0.969548
vt 0.281805 0.969548
vt 0.281805 0.969759
vt 0.279527 0.969503
vt 0.279527 0.969283
vt 0.279101 0.969759
vt 0.279101 0.969548
vt 0.278421 0.969759
vt 0.278421 0.969548
vt 0.278646 0.969548
vt 0.278646 0.969759
vt 0.281350 0.969759
vt 0.281350 0.969548
vt 0.280006 0.969759
vt 0.280006 0.969548
vt 0.280231 0.969548
vt 0.280231 0.969759
vt 0.279781 0.969548
vt 0.279781 0.969759
vt 0.277959 0.969759
vt 0.277959 0.969548
vt 0.278190 0.969548
vt 0.278190 0.969759
vt 0.282006 0.969548
vt 0.282006 0.969759
vt 0.282225 0.969759
vt 0.282225 0.969548
vt 0.282488 0.969548
vt 0.282488 0.969759
vt 0.277729 0.969759
vt 0.277729 0.969548
vt 0.281792 0.969503
vt 0.281792 0.969283
vt 0.282020 0.969283
vt 0.282020 0.969503
vt 0.281125 0.969759
vt 0.281125 0.969548
vt 0.278856 0.969503
vt 0.278856 0.969283
vt 0.279080 0.969283
vt 0.279080 0.969503
vt 0.277502 0.969759
vt 0.277502 0.969548
vt 0.279304 0.969283
vt 0.279304 0.969503
vt 0.281561 0.969503
vt 0.281561 0.969283
vt 0.278176 0.969283
vt 0.278176 0.969503
vt 0.278630 0.969503
vt 0.278630 0.969283
vt 0.278404 0.969503
vt 0.278404 0.969283
vt 0.278872 0.969759
vt 0.278872 0.969548
vt 0.280901 0.969759
vt 0.280901 0.969548
vt 0.282386 0.966332
vt 0.282325 0.966114
vt 0.282517 0.966212
vt 0.282581 0.966425
vt 0.282931 0.966558
vt 0.282784 0.966502
vt 0.282711 0.966294
vt 0.282866 0.966360
vt 0.282200 0.966227
vt 0.282142 0.966003
vt 0.282022 0.966112
vt 0.281968 0.965884
vt 0.281850 0.965992
vt 0.281797 0.965758
vt 0.281679 0.965868
vt 0.281631 0.965627
vt 0.281511 0.965740
vt 0.281469 0.965493
vt 0.281345 0.965609
vt 0.281310 0.965353
vt 0.281181 0.965474
vt 0.281160 0.965208
vt 0.281040 0.965360
vt 0.281032 0.965109
vt 0.280887 0.964431
vt 0.280935 0.964310
vt 0.280964 0.964325
vt 0.280946 0.964456
vt 0.280939 0.964586
vt 0.281010 0.964444
vt 0.281056 0.964570
vt 0.280267 0.965851
vt 0.280298 0.965591
vt 0.280474 0.965424
vt 0.280447 0.965692
vt 0.280080 0.965999
vt 0.280113 0.965741
vt 0.279876 0.966122
vt 0.279917 0.965874
vt 0.279664 0.966227
vt 0.279717 0.965995
vt 0.279450 0.966327
vt 0.279511 0.966105
vt 0.279111 0.966408
vt 0.279190 0.966216
vt 0.279273 0.965948
vt 0.279334 0.965726
vt 0.279642 0.965588
vt 0.279578 0.965850
vt 0.279826 0.965488
vt 0.279772 0.965745
vt 0.280003 0.965364
vt 0.279955 0.965632
vt 0.280178 0.965234
vt 0.280141 0.965504
vt 0.280360 0.965072
vt 0.280326 0.965353
vt 0.280529 0.964901
vt 0.280497 0.965189
vt 0.280687 0.964728
vt 0.280667 0.964993
vt 0.280813 0.964569
vt 0.280831 0.964846
vt 0.280935 0.964807
vt 0.281036 0.964848
vt 0.281143 0.964704
vt 0.281150 0.964953
vt 0.281245 0.964828
vt 0.281278 0.965096
vt 0.281382 0.964971
vt 0.281428 0.965240
vt 0.281522 0.965108
vt 0.281578 0.965368
vt 0.281677 0.965243
vt 0.281737 0.965498
vt 0.281843 0.965375
vt 0.281904 0.965625
vt 0.282012 0.965499
vt 0.282075 0.965746
vt 0.282187 0.965619
vt 0.282254 0.965860
vt 0.282372 0.965723
vt 0.282444 0.965958
vt 0.282791 0.966106
vt 0.282623 0.966035
vt 0.282543 0.965803
vt 0.282735 0.965880
vt 0.280991 0.964318
vt 0.280630 0.965532
vt 0.280651 0.965249
vt 0.280830 0.965112
vt 0.280811 0.965364
vt 0.280935 0.965058
vt 0.280936 0.965279
vt 0.279551 0.967368
vt 0.279367 0.967462
vt 0.279429 0.967249
vt 0.279610 0.967150
vt 0.279034 0.967598
vt 0.279099 0.967400
vt 0.279248 0.967333
vt 0.279178 0.967541
vt 0.279729 0.967263
vt 0.279784 0.967039
vt 0.279902 0.967150
vt 0.279955 0.966922
vt 0.280072 0.967032
vt 0.280122 0.966799
vt 0.280238 0.966910
vt 0.280285 0.966669
vt 0.280401 0.966782
vt 0.280441 0.966534
vt 0.280560 0.966650
vt 0.280593 0.966395
vt 0.280717 0.966516
vt 0.280736 0.966250
vt 0.280849 0.966404
vt 0.280855 0.966154
vt 0.281017 0.965489
vt 0.280944 0.965514
vt 0.280932 0.965393
vt 0.280977 0.965377
vt 0.280950 0.965636
vt 0.280822 0.965617
vt 0.280867 0.965502
vt 0.281561 0.966899
vt 0.281392 0.966739
vt 0.281370 0.966471
vt 0.281534 0.966639
vt 0.281739 0.967048
vt 0.281709 0.966790
vt 0.281935 0.967173
vt 0.281896 0.966925
vt 0.282141 0.967283
vt 0.282089 0.967050
vt 0.282349 0.967386
vt 0.282289 0.967163
vt 0.282686 0.967469
vt 0.282608 0.967278
vt 0.282524 0.967010
vt 0.282220 0.966909
vt 0.282157 0.966646
vt 0.282462 0.966788
vt 0.282032 0.966800
vt 0.281980 0.966542
vt 0.281858 0.966683
vt 0.281812 0.966414
vt 0.281682 0.966553
vt 0.281651 0.966282
vt 0.281510 0.966400
vt 0.281481 0.966119
vt 0.281351 0.966236
vt 0.281327 0.965949
vt 0.281198 0.966041
vt 0.281185 0.965777
vt 0.281054 0.965894
vt 0.281081 0.965618
vt 0.280952 0.965855
vt 0.280847 0.965895
vt 0.280745 0.965997
vt 0.280748 0.965749
vt 0.280626 0.966138
vt 0.280655 0.965871
vt 0.280483 0.966281
vt 0.280526 0.966013
vt 0.280336 0.966410
vt 0.280393 0.966150
vt 0.280180 0.966538
vt 0.280238 0.966283
vt 0.280016 0.966663
vt 0.280074 0.966412
vt 0.279848 0.966782
vt 0.279909 0.966534
vt 0.279678 0.966895
vt 0.279741 0.966653
vt 0.279502 0.966994
vt 0.279569 0.966758
vt 0.279173 0.967145
vt 0.279229 0.966920
vt 0.279414 0.966841
vt 0.279335 0.967074
vt 0.280889 0.965387
vt 0.281223 0.966578
vt 0.281063 0.966411
vt 0.281051 0.966160
vt 0.281210 0.966297
vt 0.280951 0.966324
vt 0.280952 0.966106
vt 0.279298 0.969221
vt 0.279298 0.969183
vt 0.279646 0.969183
vt 0.279646 0.969221
vt 0.279063 0.969221
vt 0.279063 0.969183
vt 0.278828 0.969221
vt 0.278828 0.969183
vt 0.278592 0.969221
vt 0.278592 0.969183
vt 0.278356 0.969221
vt 0.278356 0.969183
vt 0.278119 0.969221
vt 0.278119 0.969183
vt 0.277880 0.969221
vt 0.277880 0.969183
vt 0.277641 0.969221
vt 0.277641 0.969183
vt 0.277494 0.969221
vt 0.277494 0.969183
vt 0.280254 0.969180
vt 0.280254 0.969219
vt 0.280122 0.969219
vt 0.280122 0.969180
vt 0.280432 0.969180
vt 0.280432 0.969219
vt 0.280642 0.969180
vt 0.280642 0.969219
vt 0.280852 0.969180
vt 0.280852 0.969219
vt 0.281063 0.969180
vt 0.281063 0.969219
vt 0.281272 0.969180
vt 0.281272 0.969219
vt 0.281482 0.969180
vt 0.281482 0.969219
vt 0.281692 0.969180
vt 0.281692 0.969219
vt 0.281903 0.969180
vt 0.281903 0.969219
vt 0.282115 0.969180
vt 0.282115 0.969219
vt 0.282327 0.969180
vt 0.282327 0.969219
vt 0.282484 0.969180
vt 0.282484 0.969219
vt 0.282574 0.969070
vt 0.282574 0.969108
vt 0.282238 0.969108
vt 0.282238 0.969070
vt 0.282031 0.969108
vt 0.282031 0.969070
vt 0.281817 0.969108
vt 0.281817 0.969070
vt 0.281604 0.969108
vt 0.281604 0.969070
vt 0.281365 0.969108
vt 0.281365 0.969070
vt 0.281130 0.969108
vt 0.281130 0.969070
vt 0.280903 0.969108
vt 0.280903 0.969070
vt 0.282847 0.968952
vt 0.282847 0.968991
vt 0.282722 0.968991
vt 0.282722 0.968952
vt 0.280556 0.969070
vt 0.280556 0.969108
vt 0.280429 0.969108
vt 0.280429 0.969070
vt 0.282435 0.968952
vt 0.282435 0.968991
vt 0.282278 0.968991
vt 0.282278 0.968952
vt 0.282083 0.968991
vt 0.282083 0.968952
vt 0.281889 0.968991
vt 0.281889 0.968952
vt 0.281683 0.968991
vt 0.281683 0.968952
vt 0.281472 0.968991
vt 0.281472 0.968952
vt 0.281264 0.968991
vt 0.281264 0.968952
vt 0.281055 0.968991
vt 0.281055 0.968952
vt 0.280848 0.968991
vt 0.280848 0.968952
vt 0.280665 0.968991
vt 0.280665 0.968952
vt 0.280461 0.968991
vt 0.280461 0.968952
vt 0.282592 0.968991
vt 0.282592 0.968952
vt 0.280706 0.969070
vt 0.280706 0.969108
vt 0.278072 0.968696
vt 0.278072 0.968728
vt 0.277875 0.968728
vt 0.277875 0.968696
vt 0.278072 0.968797
vt 0.278072 0.968837
vt 0.277875 0.968837
vt 0.277875 0.968797
vt 0.278072 0.968876
vt 0.277875 0.968876
vt 0.278072 0.968913
vt 0.277875 0.968913
vt 0.277688 0.968544
vt 0.277688 0.968524
vt 0.277875 0.968524
vt 0.277875 0.968544
vt 0.277528 0.964445
vt 0.277521 0.964474
vt 0.277493 0.964458
vt 0.277498 0.964438
vt 0.278072 0.968544
vt 0.278072 0.968580
vt 0.277875 0.968580
vt 0.278072 0.968620
vt 0.277875 0.968620
vt 0.278072 0.968660
vt 0.277875 0.968660
vt 0.277534 0.964416
vt 0.277481 0.964405
vt 0.278072 0.968761
vt 0.277875 0.968761
vt 0.277688 0.968660
vt 0.277688 0.968696
vt 0.277522 0.968696
vt 0.277522 0.968660
vt 0.277688 0.968620
vt 0.277522 0.968620
vt 0.277688 0.968580
vt 0.277522 0.968580
vt 0.277522 0.968544
vt 0.277875 0.968933
vt 0.277688 0.968933
vt 0.277688 0.968913
vt 0.277522 0.968524
vt 0.277688 0.968876
vt 0.277522 0.968913
vt 0.277522 0.968876
vt 0.277688 0.968837
vt 0.277522 0.968837
vt 0.277688 0.968797
vt 0.277522 0.968797
vt 0.277688 0.968761
vt 0.277522 0.968761
vt 0.277688 0.968728
vt 0.277522 0.968728
vt 0.277522 0.968933
vt 0.277523 0.969093
vt 0.277523 0.969060
vt 0.277736 0.969060
vt 0.277736 0.969093
vt 0.277523 0.969028
vt 0.277736 0.969028
vt 0.277923 0.969060
vt 0.277923 0.969028
vt 0.278090 0.969028
vt 0.278090 0.969060
vt 0.277923 0.969093
vt 0.278090 0.969093
vt 0.278072 0.968933
vt 0.277558 0.964451
vt 0.277554 0.964471
vt 0.278072 0.968524
vt 0.277542 0.964378
vt 0.277481 0.964365
vt 0.277586 0.964427
vt 0.277602 0.964391
vt 0.277550 0.964340
vt 0.277498 0.964329
vt 0.277602 0.964351
vt 0.277558 0.964302
vt 0.277526 0.964306
vt 0.277586 0.964319
vt 0.278729 0.964315
vt 0.278959 0.964393
vt 0.278507 0.964391
vt 0.278499 0.964302
vt 0.278057 0.964428
vt 0.278273 0.964340
vt 0.279135 0.964546
vt 0.278507 0.964552
vt 0.277878 0.964582
vt 0.279240 0.964757
vt 0.278492 0.964759
vt 0.277744 0.964773
vt 0.279282 0.964987
vt 0.278467 0.964983
vt 0.277648 0.964980
vt 0.279292 0.965217
vt 0.278434 0.965210
vt 0.277572 0.965194
vt 0.279276 0.965446
vt 0.278397 0.965439
vt 0.277513 0.965416
vt 0.279233 0.965671
vt 0.278360 0.965670
vt 0.277481 0.965643
vt 0.279154 0.965885
vt 0.278323 0.965894
vt 0.277485 0.965872
vt 0.279053 0.966087
vt 0.278283 0.966109
vt 0.277506 0.966098
vt 0.278962 0.966290
vt 0.278254 0.966324
vt 0.277537 0.966321
vt 0.278887 0.966496
vt 0.278235 0.966540
vt 0.277572 0.966542
vt 0.278848 0.966714
vt 0.278230 0.966762
vt 0.277597 0.966763
vt 0.278827 0.966934
vt 0.278227 0.966985
vt 0.277612 0.966984
vt 0.278822 0.967156
vt 0.278225 0.967212
vt 0.277609 0.967207
vt 0.278826 0.967380
vt 0.278231 0.967439
vt 0.277615 0.967431
vt 0.278826 0.967606
vt 0.278231 0.967668
vt 0.277613 0.967656
vt 0.278821 0.967833
vt 0.278231 0.967899
vt 0.277616 0.967884
vt 0.278782 0.968062
vt 0.278233 0.968131
vt 0.277655 0.968114
vt 0.278666 0.968262
vt 0.278229 0.968321
vt 0.277763 0.968291
vt 0.278460 0.968387
vt 0.278226 0.968433
vt 0.277961 0.968400
vt 0.031975 0.970659
vt 0.031975 0.970790
vt 0.031909 0.970790
vt 0.031909 0.970659
vt 0.031975 0.969608
vt 0.031975 0.969739
vt 0.031909 0.969739
vt 0.031909 0.969608
vt 0.031975 0.970528
vt 0.031909 0.970528
vt 0.031975 0.969477
vt 0.031909 0.969477
vt 0.031975 0.970396
vt 0.031909 0.970396
vt 0.031975 0.969345
vt 0.031909 0.969345
vt 0.031975 0.970265
vt 0.031909 0.970265
vt 0.031975 0.969214
vt 0.031909 0.969214
vt 0.031975 0.970134
vt 0.031909 0.970134
vt 0.031975 0.971053
vt 0.031942 0.971184
vt 0.031909 0.971053
vt 0.031942 0.969083
vt 0.031975 0.970002
vt 0.031909 0.970002
vt 0.031975 0.970922
vt 0.031909 0.970922
vt 0.031975 0.969871
vt 0.031909 0.969871
vt 0.031844 0.970002
vt 0.031844 0.969871
vt 0.031844 0.970922
vt 0.031844 0.970790
vt 0.031844 0.969739
vt 0.031844 0.970659
vt 0.031844 0.969608
vt 0.031844 0.970528
vt 0.031844 0.969477
vt 0.031844 0.970396
vt 0.031844 0.969345
vt 0.031844 0.970265
vt 0.031844 0.969214
vt 0.031844 0.970134
vt 0.031876 0.971184
vt 0.031844 0.971053
vt 0.031876 0.969083
vt 0.031778 0.969477
vt 0.031778 0.969345
vt 0.031778 0.970396
vt 0.031778 0.970265
vt 0.031778 0.969214
vt 0.031778 0.970134
vt 0.031811 0.971184
vt 0.031778 0.971053
vt 0.031811 0.969083
vt 0.031778 0.970002
vt 0.031778 0.970922
vt 0.031778 0.969871
vt 0.031778 0.970790
vt 0.031778 0.969739
vt 0.031778 0.970659
vt 0.031778 0.969608
vt 0.031778 0.970528
vt 0.031712 0.969871
vt 0.031712 0.969739
vt 0.031712 0.970790
vt 0.031712 0.970659
vt 0.031712 0.969608
vt 0.031712 0.970528
vt 0.031712 0.969477
vt 0.031712 0.970396
vt 0.031712 0.969345
vt 0.031712 0.970265
vt 0.031712 0.969214
vt 0.031712 0.970134
vt 0.031745 0.971184
vt 0.031712 0.971053
vt 0.031745 0.969083
vt 0.031712 0.970002
vt 0.031712 0.970922
vt 0.031647 0.969345
vt 0.031647 0.969214
vt 0.031647 0.970265
vt 0.031647 0.970134
vt 0.031679 0.971184
vt 0.031647 0.971053
vt 0.031679 0.969083
vt 0.031647 0.970002
vt 0.031647 0.970922
vt 0.031647 0.969871
vt 0.031647 0.970790
vt 0.031647 0.969739
vt 0.031647 0.970659
vt 0.031647 0.969608
vt 0.031647 0.970528
vt 0.031647 0.969477
vt 0.031647 0.970396
vt 0.031581 0.970790
vt 0.031581 0.970659
vt 0.031581 0.969739
vt 0.031581 0.969608
vt 0.031581 0.970528
vt 0.031581 0.969477
vt 0.031581 0.970396
vt 0.031581 0.969345
vt 0.031581 0.970265
vt 0.031581 0.969214
vt 0.031581 0.970134
vt 0.031614 0.971184
vt 0.031581 0.971053
vt 0.031614 0.969083
vt 0.031581 0.970002
vt 0.031581 0.970922
vt 0.031581 0.969871
vt 0.031515 0.970265
vt 0.031515 0.970134
vt 0.031548 0.971184
vt 0.031515 0.971053
vt 0.031548 0.969083
vt 0.031515 0.969214
vt 0.031515 0.970002
vt 0.031515 0.970922
vt 0.031515 0.969871
vt 0.031515 0.970790
vt 0.031515 0.969739
vt 0.031515 0.970659
vt 0.031515 0.969608
vt 0.031515 0.970528
vt 0.031515 0.969477
vt 0.031515 0.970396
vt 0.031515 0.969345
vt 0.031450 0.969739
vt 0.031450 0.969608
vt 0.031450 0.970659
vt 0.031450 0.970528
vt 0.031450 0.969477
vt 0.031450 0.970396
vt 0.031450 0.969345
vt 0.031450 0.970265
vt 0.031450 0.969214
vt 0.031450 0.970134
vt 0.031482 0.971184
vt 0.031450 0.971053
vt 0.031482 0.969083
vt 0.031450 0.970002
vt 0.031450 0.970922
vt 0.031450 0.969871
vt 0.031450 0.970790
vt 0.031417 0.971184
vt 0.031384 0.971053
vt 0.031417 0.969083
vt 0.031384 0.969214
vt 0.031384 0.970134
vt 0.031384 0.970002
vt 0.031384 0.970922
vt 0.031384 0.969871
vt 0.031384 0.970790
vt 0.031384 0.969739
vt 0.031384 0.970659
vt 0.031384 0.969608
vt 0.031384 0.970528
vt 0.031384 0.969477
vt 0.031384 0.970396
vt 0.031384 0.969345
vt 0.031384 0.970265
vt 0.031318 0.970659
vt 0.031318 0.970528
vt 0.031318 0.969608
vt 0.031318 0.969477
vt 0.031318 0.970396
vt 0.031318 0.969345
vt 0.031318 0.970265
vt 0.031318 0.969214
vt 0.031318 0.970134
vt 0.031351 0.971184
vt 0.031318 0.971053
vt 0.031351 0.969083
vt 0.031318 0.970002
vt 0.031318 0.970922
vt 0.031318 0.969871
vt 0.031318 0.970790
vt 0.031318 0.969739
vt 0.031253 0.970134
vt 0.031253 0.970002
vt 0.031253 0.971053
vt 0.031253 0.970922
vt 0.031253 0.969871
vt 0.031253 0.970790
vt 0.031253 0.969739
vt 0.031253 0.970659
vt 0.031253 0.969608
vt 0.031253 0.970528
vt 0.031253 0.969477
vt 0.031253 0.970396
vt 0.031253 0.969345
vt 0.031253 0.970265
vt 0.031253 0.969214
vt 0.031285 0.971184
vt 0.031285 0.969083
vt 0.031187 0.969608
vt 0.031187 0.969477
vt 0.031187 0.970528
vt 0.031187 0.970396
vt 0.031187 0.969345
vt 0.031187 0.970265
vt 0.031187 0.969214
vt 0.031187 0.970134
vt 0.031220 0.971184
vt 0.031187 0.971053
vt 0.031220 0.969083
vt 0.031187 0.970002
vt 0.031187 0.970922
vt 0.031187 0.969871
vt 0.031187 0.970790
vt 0.031187 0.969739
vt 0.031187 0.970659
vt 0.031121 0.970002
vt 0.031121 0.969871
vt 0.031121 0.970922
vt 0.031121 0.970790
vt 0.031121 0.969739
vt 0.031121 0.970659
vt 0.031121 0.969608
vt 0.031121 0.970528
vt 0.031121 0.969477
vt 0.031121 0.970396
vt 0.031121 0.969345
vt 0.031121 0.970265
vt 0.031121 0.969214
vt 0.031121 0.970134
vt 0.031154 0.971184
vt 0.031121 0.971053
vt 0.031154 0.969083
vt 0.031055 0.969477
vt 0.031055 0.969345
vt 0.031055 0.970396
vt 0.031055 0.970265
vt 0.031055 0.969214
vt 0.031055 0.970134
vt 0.031088 0.971184
vt 0.031055 0.971053
vt 0.031088 0.969083
vt 0.031055 0.970002
vt 0.031055 0.970922
vt 0.031055 0.969871
vt 0.031055 0.970790
vt 0.031055 0.969739
vt 0.031055 0.970659
vt 0.031055 0.969608
vt 0.031055 0.970528
vt 0.030990 0.970922
vt 0.030990 0.970790
vt 0.030990 0.969871
vt 0.030990 0.969739
vt 0.030990 0.970659
vt 0.030990 0.969608
vt 0.030990 0.970528
vt 0.030990 0.969477
vt 0.030990 0.970396
vt 0.030990 0.969345
vt 0.030990 0.970265
vt 0.030990 0.969214
vt 0.030990 0.970134
vt 0.031023 0.971184
vt 0.030990 0.971053
vt 0.031023 0.969083
vt 0.030990 0.970002
vt 0.030924 0.970396
vt 0.030924 0.970265
vt 0.030924 0.969345
vt 0.030924 0.969214
vt 0.030924 0.970134
vt 0.030957 0.971184
vt 0.030924 0.971053
vt 0.030957 0.969083
vt 0.030924 0.970002
vt 0.030924 0.970922
vt 0.030924 0.969871
vt 0.030924 0.970790
vt 0.030924 0.969739
vt 0.030924 0.970659
vt 0.030924 0.969608
vt 0.030924 0.970528
vt 0.030924 0.969477
vt 0.030858 0.969871
vt 0.030858 0.969739
vt 0.030858 0.970790
vt 0.030858 0.970659
vt 0.030858 0.969608
vt 0.030858 0.970528
vt 0.030858 0.969477
vt 0.030858 0.970396
vt 0.030858 0.969345
vt 0.030858 0.970265
vt 0.030858 0.969214
vt 0.030858 0.970134
vt 0.030891 0.971184
vt 0.030858 0.971053
vt 0.030891 0.969083
vt 0.030858 0.970002
vt 0.030858 0.970922
vt 0.030793 0.969345
vt 0.030793 0.969214
vt 0.030793 0.970265
vt 0.030793 0.970134
vt 0.030826 0.971184
vt 0.030793 0.971053
vt 0.030826 0.969083
vt 0.030793 0.970002
vt 0.030793 0.970922
vt 0.030793 0.969871
vt 0.030793 0.970790
vt 0.030793 0.969739
vt 0.030793 0.970659
vt 0.030793 0.969608
vt 0.030793 0.970528
vt 0.030793 0.969477
vt 0.030793 0.970396
vt 0.030727 0.970790
vt 0.030727 0.970659
vt 0.030727 0.969739
vt 0.030727 0.969608
vt 0.030727 0.970528
vt 0.030727 0.969477
vt 0.030727 0.970396
vt 0.030727 0.969345
vt 0.030727 0.970265
vt 0.030727 0.969214
vt 0.030727 0.970134
vt 0.030760 0.971184
vt 0.030727 0.971053
vt 0.030760 0.969083
vt 0.030727 0.970002
vt 0.030727 0.970922
vt 0.030727 0.969871
vt 0.030661 0.970265
vt 0.030661 0.970134
vt 0.030694 0.971184
vt 0.030661 0.971053
vt 0.030694 0.969083
vt 0.030661 0.969214
vt 0.030661 0.970002
vt 0.030661 0.970922
vt 0.030661 0.969871
vt 0.030661 0.970790
vt 0.030661 0.969739
vt 0.030661 0.970659
vt 0.030661 0.969608
vt 0.030661 0.970528
vt 0.030661 0.969477
vt 0.030661 0.970396
vt 0.030661 0.969345
vt 0.030596 0.969739
vt 0.030596 0.969608
vt 0.030596 0.970659
vt 0.030596 0.970528
vt 0.030596 0.969477
vt 0.030596 0.970396
vt 0.030596 0.969345
vt 0.030596 0.970265
vt 0.030596 0.969214
vt 0.030596 0.970134
vt 0.030629 0.971184
vt 0.030596 0.971053
vt 0.030629 0.969083
vt 0.030596 0.970002
vt 0.030596 0.970922
vt 0.030596 0.969871
vt 0.030596 0.970790
vt 0.030563 0.969083
vt 0.030530 0.969214
vt 0.030530 0.970134
vt 0.030530 0.970002
vt 0.030530 0.971053
vt 0.030530 0.970922
vt 0.030530 0.969871
vt 0.030530 0.970790
vt 0.030530 0.969739
vt 0.030530 0.970659
vt 0.030530 0.969608
vt 0.030530 0.970528
vt 0.030530 0.969477
vt 0.030530 0.970396
vt 0.030530 0.969345
vt 0.030530 0.970265
vt 0.030563 0.971184
vt 0.030464 0.969608
vt 0.030464 0.969477
vt 0.030464 0.970528
vt 0.030464 0.970396
vt 0.030464 0.969345
vt 0.030464 0.970265
vt 0.030464 0.969214
vt 0.030464 0.970134
vt 0.030497 0.971184
vt 0.030464 0.971053
vt 0.030497 0.969083
vt 0.030464 0.970002
vt 0.030464 0.970922
vt 0.030464 0.969871
vt 0.030464 0.970790
vt 0.030464 0.969739
vt 0.030464 0.970659
vt 0.030399 0.971053
vt 0.030399 0.970922
vt 0.030399 0.970002
vt 0.030399 0.969871
vt 0.030399 0.970790
vt 0.030399 0.969739
vt 0.030399 0.970659
vt 0.030399 0.969608
vt 0.030399 0.970528
vt 0.030399 0.969477
vt 0.030399 0.970396
vt 0.030399 0.969345
vt 0.030399 0.970265
vt 0.030399 0.969214
vt 0.030399 0.970134
vt 0.030432 0.971184
vt 0.030432 0.969083
vt 0.032500 0.970396
vt 0.032500 0.970528
vt 0.032435 0.970528
vt 0.032435 0.970396
vt 0.032500 0.969345
vt 0.032500 0.969477
vt 0.032435 0.969477
vt 0.032435 0.969345
vt 0.032500 0.970265
vt 0.032435 0.970265
vt 0.032500 0.969214
vt 0.032435 0.969214
vt 0.032500 0.970134
vt 0.032435 0.970134
vt 0.032500 0.971053
vt 0.032468 0.971184
vt 0.032435 0.971053
vt 0.032468 0.969083
vt 0.032500 0.970002
vt 0.032435 0.970002
vt 0.032500 0.970922
vt 0.032435 0.970922
vt 0.032500 0.969871
vt 0.032435 0.969871
vt 0.032500 0.970790
vt 0.032435 0.970790
vt 0.032500 0.969739
vt 0.032435 0.969739
vt 0.032500 0.970659
vt 0.032435 0.970659
vt 0.032500 0.969608
vt 0.032435 0.969608
vt 0.032369 0.970002
vt 0.032369 0.969871
vt 0.032369 0.970922
vt 0.032369 0.970790
vt 0.032369 0.969739
vt 0.032369 0.970659
vt 0.032369 0.969608
vt 0.032369 0.970528
vt 0.032369 0.969477
vt 0.032369 0.970396
vt 0.032369 0.969345
vt 0.032369 0.970265
vt 0.032369 0.969214
vt 0.032369 0.970134
vt 0.032402 0.971184
vt 0.032369 0.971053
vt 0.032402 0.969083
vt 0.032303 0.969477
vt 0.032303 0.969345
vt 0.032303 0.970396
vt 0.032303 0.970265
vt 0.032303 0.969214
vt 0.032303 0.970134
vt 0.032336 0.971184
vt 0.032303 0.971053
vt 0.032336 0.969083
vt 0.032303 0.970002
vt 0.032303 0.970922
vt 0.032303 0.969871
vt 0.032303 0.970790
vt 0.032303 0.969739
vt 0.032303 0.970659
vt 0.032303 0.969608
vt 0.032303 0.970528
vt 0.032238 0.970922
vt 0.032238 0.970790
vt 0.032238 0.969871
vt 0.032238 0.969739
vt 0.032238 0.970659
vt 0.032238 0.969608
vt 0.032238 0.970528
vt 0.032238 0.969477
vt 0.032238 0.970396
vt 0.032238 0.969345
vt 0.032238 0.970265
vt 0.032238 0.969214
vt 0.032238 0.970134
vt 0.032271 0.971184
vt 0.032238 0.971053
vt 0.032271 0.969083
vt 0.032238 0.970002
vt 0.032172 0.970396
vt 0.032172 0.970265
vt 0.032172 0.969345
vt 0.032172 0.969214
vt 0.032172 0.970134
vt 0.032205 0.971184
vt 0.032172 0.971053
vt 0.032205 0.969083
vt 0.032172 0.970002
vt 0.032172 0.970922
vt 0.032172 0.969871
vt 0.032172 0.970790
vt 0.032172 0.969739
vt 0.032172 0.970659
vt 0.032172 0.969608
vt 0.032172 0.970528
vt 0.032172 0.969477
vt 0.032106 0.969871
vt 0.032106 0.969739
vt 0.032106 0.970790
vt 0.032106 0.970659
vt 0.032106 0.969608
vt 0.032106 0.970528
vt 0.032106 0.969477
vt 0.032106 0.970396
vt 0.032106 0.969345
vt 0.032106 0.970265
vt 0.032106 0.969214
vt 0.032106 0.970134
vt 0.032139 0.971184
vt 0.032106 0.971053
vt 0.032139 0.969083
vt 0.032106 0.970002
vt 0.032106 0.970922
vt 0.032041 0.969345
vt 0.032041 0.969214
vt 0.032041 0.970265
vt 0.032041 0.970134
vt 0.032073 0.971184
vt 0.032041 0.971053
vt 0.032073 0.969083
vt 0.032041 0.970002
vt 0.032041 0.970922
vt 0.032041 0.969871
vt 0.032041 0.970790
vt 0.032041 0.969739
vt 0.032041 0.970659
vt 0.032041 0.969608
vt 0.032041 0.970528
vt 0.032041 0.969477
vt 0.032041 0.970396
vt 0.032008 0.971184
vt 0.032008 0.969083
vt 0.031187 0.969083
vt 0.031712 0.969083
vt 0.031712 0.971184
vt 0.031187 0.971184
s 1
usemtl GMHead
f 6/1/1 50/2/2 76/3/3 32/4/4
f 70/5/5 50/2/2 6/1/1 26/6/6
f 25/7/7 69/8/8 70/5/5 26/6/6
f 10/9/9 54/10/10 69/8/8 25/7/7
f 23/11/11 67/12/12 54/10/10 10/9/9
f 14/13/13 58/14/14 67/12/12 23/11/11
f 21/15/15 65/16/16 58/14/14 14/13/13
f 13/17/17 57/18/18 65/16/16 21/15/15
f 20/19/19 64/20/20 57/18/18 13/17/17
f 19/21/21 63/22/22 64/20/20 20/19/19
f 12/23/23 56/24/24 63/22/22 19/21/21
f 44/25/25 88/26/26 56/24/24 12/23/23
f 11/27/27 55/28/28 88/26/26 44/25/25
f 18/29/29 62/30/30 55/28/28 11/27/27
f 17/31/31 61/32/32 62/30/30 18/29/29
f 16/33/33 60/34/34 61/32/32 17/31/31
f 22/35/35 66/36/36 60/34/34 16/33/33
f 15/37/37 59/38/38 66/36/36 22/35/35
f 24/39/39 68/40/40 59/38/38 15/37/37
f 9/41/41 53/42/42 68/40/40 24/39/39
f 28/43/43 72/44/44 53/42/42 9/41/41
f 27/45/45 71/46/46 72/44/44 28/43/43
f 2/47/47 46/48/48 71/46/46 27/45/45
f 29/49/49 73/50/50 46/48/48 2/47/47
f 30/51/51 74/52/52 73/50/50 29/49/49
f 4/53/53 48/54/54 74/52/52 30/51/51
f 38/55/55 82/56/56 48/54/54 4/53/53
f 37/57/57 81/58/58 82/56/56 38/55/55
f 36/59/59 80/60/60 81/58/58 37/57/57
f 7/61/61 51/62/62 80/60/60 36/59/59
f 42/63/63 86/64/64 51/62/62 7/61/61
f 41/65/65 85/66/66 86/64/64 42/63/63
f 1/67/67 45/68/68 85/66/66 41/65/65
f 87/69/69 45/68/68 1/67/67 43/70/70
f 3/71/71 47/72/72 87/69/69 43/70/70
f 40/73/73 84/74/74 47/72/72 3/71/71
f 39/75/75 83/76/76 84/74/74 40/73/73
f 5/77/77 49/78/78 83/76/76 39/75/75
f 35/79/79 79/80/80 49/78/78 5/77/77
f 34/81/81 78/82/82 79/80/80 35/79/79
f 33/83/83 77/84/84 78/82/82 34/81/81
f 8/85/85 52/86/86 77/84/84 33/83/83
f 31/87/87 75/88/88 52/86/86 8/85/85
f 32/4/4 76/3/3 75/88/88 31/87/87
f 88/26/26 55/28/28 62/30/30 89/89/89
f 89/89/89 62/30/30 61/32/32 60/34/34
f 56/24/24 88/26/26 89/89/89 90/90/90
f 90/90/90 89/89/89 60/34/34 66/36/36
f 63/22/22 56/24/24 90/90/90 91/91/91
f 91/91/91 90/90/90 66/36/36 59/38/38
f 64/20/20 63/22/22 91/91/91 92/92/92
f 92/92/92 91/91/91 59/38/38 68/40/40
f 57/18/18 64/20/20 92/92/92 93/93/93
f 93/93/93 92/92/92 68/40/40 53/42/42
f 65/16/16 57/18/18 93/93/93 94/94/94
f 94/94/94 93/93/93 53/42/42 72/44/44
f 58/14/14 65/16/16 94/94/94 95/95/95
f 95/95/95 94/94/94 72/44/44 71/46/46
f 67/12/12 58/14/14 95/95/95 96/96/96
f 96/96/96 95/95/95 71/46/46 46/48/48
f 54/10/10 67/12/12 96/96/96 97/97/97
f 97/97/97 96/96/96 46/48/48 73/50/50
f 69/8/8 54/10/10 97/97/97 98/98/98
f 98/98/98 97/97/97 73/50/50 74/52/52
f 70/5/5 69/8/8 98/98/98 99/99/99
f 99/99/99 98/98/98 74/52/52 48/54/54
f 50/2/2 70/5/5 99/99/99 100/100/100
f 100/100/100 99/99/99 48/54/54 82/56/56
f 76/3/3 50/2/2 100/100/100 101/101/101
f 101/101/101 100/100/100 82/56/56 81/58/58
f 75/88/88 76/3/3 101/101/101 102/102/102
f 102/102/102 101/101/101 81/58/58 80/60/60
f 52/86/86 75/88/88 102/102/102 103/103/103
f 103/103/103 102/102/102 80/60/60 51/62/62
f 77/84/84 52/86/86 103/103/103 104/104/104
f 104/104/104 103/103/103 51/62/62 86/64/64
f 78/82/82 77/84/84 104/104/104 105/105/105
f 105/105/105 104/104/104 86/64/64 85/66/66
f 79/80/80 78/82/82 105/105/105 106/106/106
f 106/106/106 105/105/105 85/66/66 45/68/68
f 49/78/78 79/80/80 106/106/106 107/107/107
f 107/107/107 106/106/106 45/68/68 87/69/69
f 83/76/76 49/78/78 107/107/107 84/74/74
f 84/74/74 107/107/107 87/69/69 47/72/72
f 10/108/108 117/109/109 130/110/110 23/111/111
f 38/112/112 145/113/113 144/114/114 37/115/115
f 25/116/116 132/117/117 117/109/109 10/108/108
f 11/118/118 118/119/119 125/120/120 18/121/121
f 39/122/122 146/123/123 112/124/124 5/125/125
f 26/126/126 133/127/127 132/117/117 25/116/116
f 13/128/128 120/129/129 127/130/130 20/131/131
f 40/132/132 147/133/133 146/123/123 39/122/122
f 27/134/134 134/135/135 109/136/136 2/137/137
f 14/138/138 121/139/138 128/140/139 21/141/140
f 41/142/141 148/143/142 108/144/143 1/145/144
f 6/146/145 113/147/146 133/127/127 26/126/126
f 28/148/147 135/149/148 134/135/135 27/134/134
f 15/150/149 122/151/150 131/152/151 24/153/152
f 42/154/153 149/155/154 148/143/142 41/142/141
f 30/156/155 137/157/156 111/158/157 4/159/158
f 2/137/137 109/136/136 136/160/159 29/161/160
f 16/162/161 123/163/162 129/164/163 22/165/164
f 1/145/144 108/144/143 150/166/165 43/167/166
f 3/168/167 110/169/168 147/170/133 40/171/132
f 29/161/160 136/160/159 137/157/156 30/156/155
f 17/172/169 124/173/170 123/163/162 16/162/161
f 12/174/171 119/175/172 151/176/173 44/177/174
f 7/178/175 114/179/176 149/155/154 42/154/153
f 8/180/177 115/181/178 138/182/179 31/183/180
f 18/184/121 125/185/120 124/173/170 17/172/169
f 43/167/166 150/166/165 110/169/168 3/168/167
f 31/183/180 138/182/179 139/186/181 32/187/182
f 19/188/183 126/189/184 119/175/172 12/174/171
f 5/125/125 112/124/124 142/190/185 35/191/186
f 33/192/187 140/193/188 115/181/178 8/180/177
f 20/131/131 127/130/130 126/189/184 19/188/183
f 32/187/182 139/186/181 113/147/146 6/146/145
f 34/194/189 141/195/190 140/193/188 33/192/187
f 21/141/140 128/140/139 120/129/129 13/128/128
f 4/159/158 111/158/157 145/113/113 38/112/112
f 35/191/186 142/190/185 141/195/190 34/194/189
f 22/165/164 129/164/163 122/151/150 15/150/149
f 9/196/191 116/197/192 135/149/148 28/148/147
f 36/198/193 143/199/194 114/179/176 7/178/175
f 23/111/111 130/110/110 121/139/138 14/138/138
f 44/177/174 151/176/173 118/119/119 11/118/118
f 37/115/115 144/114/114 143/199/194 36/198/193
f 24/153/152 131/152/151 116/197/192 9/196/191
f 170/200/195 208/201/196 206/202/197 171/203/198
f 173/204/199 172/205/200 202/206/201 205/207/202
f 169/208/203 210/209/204 208/201/196 170/200/195
f 168/210/205 212/211/206 210/209/204 169/208/203
f 167/212/207 214/213/208 212/211/206 168/210/205
f 166/214/209 216/215/210 214/213/208 167/212/207
f 165/216/211 218/217/212 216/215/210 166/214/209
f 164/218/213 220/219/214 218/217/212 165/216/211
f 163/220/215 222/221/216 220/219/214 164/218/213
f 162/222/217 224/223/218 222/221/216 163/220/215
f 194/224/219 182/225/220 198/226/220 197/227/221
f 200/228/222 197/227/221 195/229/223 199/230/224
f 157/231/225 234/232/226 232/233/227 158/234/228
f 156/235/229 236/236/230 234/232/226 157/231/225
f 155/237/231 238/238/232 236/236/230 156/235/229
f 154/239/233 240/240/234 238/238/232 155/237/231
f 153/241/235 242/242/236 240/240/234 154/239/233
f 152/243/237 244/244/238 242/242/236 153/241/235
f 245/245/239 174/246/240 175/247/241 243/248/242
f 243/248/242 175/247/241 176/249/243 241/250/244
f 241/250/244 176/249/243 177/251/245 239/252/246
f 239/252/246 177/251/245 178/253/247 237/254/248
f 237/254/248 178/253/247 179/255/249 235/256/250
f 235/256/250 179/255/249 180/257/251 233/258/252
f 233/258/252 180/257/251 181/259/253 231/260/254
f 231/260/254 181/259/253 201/261/255 229/262/256
f 229/262/256 201/261/255 200/228/222 227/263/257
f 227/263/257 200/228/222 199/230/224 225/264/258
f 225/264/258 199/230/224 183/265/259 223/266/260
f 223/266/260 183/265/259 184/267/261 221/268/262
f 221/268/262 184/267/261 185/269/263 219/270/264
f 219/270/264 185/269/263 186/271/265 217/272/266
f 217/272/266 186/271/265 187/273/267 215/274/268
f 215/274/268 187/273/267 188/275/269 213/276/270
f 213/276/270 188/275/269 189/277/271 211/278/272
f 211/278/272 189/277/271 190/279/273 209/280/274
f 209/280/274 190/279/273 191/281/275 207/282/276
f 204/283/277 203/284/278 192/285/279 193/286/280
f 171/203/198 206/202/197 202/206/201 172/205/200
f 201/261/255 194/224/219 197/227/221 200/228/222
f 198/226/281 196/287/281 195/229/223 197/227/221
f 159/288/282 230/289/283 228/290/284 160/291/285
f 160/291/285 228/290/284 226/292/286 161/293/287
f 161/293/287 226/292/286 224/223/218 162/222/217
f 158/234/228 232/233/227 230/289/283 159/288/282
f 243/248/242 242/242/236 244/244/238 245/245/239
f 241/250/244 240/240/234 242/242/236 243/248/242
f 239/252/246 238/238/232 240/240/234 241/250/244
f 237/254/248 236/236/230 238/238/232 239/252/246
f 235/256/250 234/232/226 236/236/230 237/254/248
f 233/258/252 232/233/227 234/232/226 235/256/250
f 231/260/254 230/289/283 232/233/227 233/258/252
f 229/262/256 228/290/284 230/289/283 231/260/254
f 227/263/257 226/292/286 228/290/284 229/262/256
f 225/264/258 224/223/218 226/292/286 227/263/257
f 223/266/260 222/221/216 224/223/218 225/264/258
f 221/268/262 220/219/214 222/221/216 223/266/260
f 219/270/264 218/217/212 220/219/214 221/268/262
f 217/272/266 216/215/210 218/217/212 219/270/264
f 215/274/268 214/213/208 216/215/210 217/272/266
f 213/276/270 212/211/206 214/213/208 215/274/268
f 211/278/272 210/209/204 212/211/206 213/276/270
f 209/280/274 208/201/196 210/209/204 211/278/272
f 207/282/276 206/202/197 208/201/196 209/280/274
f 203/284/278 202/206/201 206/202/197 207/282/276
f 204/283/277 205/207/202 202/206/201 203/284/278
f 207/282/276 191/281/275 192/285/279 203/284/278
f 264/294/288 265/295/289 300/296/290 302/297/291
f 267/298/292 299/299/293 296/300/294 266/301/295
f 263/302/296 264/294/288 302/297/291 304/303/297
f 262/304/298 263/302/296 304/303/297 306/305/299
f 261/306/300 262/304/298 306/305/299 308/307/301
f 260/308/302 261/306/300 308/307/301 310/309/303
f 259/310/304 260/308/302 310/309/303 312/311/305
f 258/312/306 259/310/304 312/311/305 314/313/307
f 257/314/308 258/312/306 314/313/307 316/315/309
f 256/316/310 257/314/308 316/315/309 318/317/311
f 288/318/312 291/319/313 292/320/314 276/321/315
f 294/322/316 293/323/317 289/324/318 291/319/313
f 251/325/319 252/326/320 326/327/321 328/328/322
f 250/329/323 251/325/319 328/328/322 330/330/324
f 249/331/325 250/329/323 330/330/324 332/332/326
f 248/333/327 249/331/325 332/332/326 334/334/328
f 247/335/329 248/333/327 334/334/328 336/336/330
f 246/337/331 247/335/329 336/336/330 338/338/332
f 339/339/333 337/340/334 269/341/335 268/342/336
f 337/340/334 335/343/337 270/344/338 269/341/335
f 335/343/337 333/345/339 271/346/340 270/344/338
f 333/345/339 331/347/341 272/348/342 271/346/340
f 331/347/341 329/349/343 273/350/344 272/348/342
f 329/349/343 327/351/345 274/352/346 273/350/344
f 327/351/345 325/353/347 275/354/348 274/352/346
f 325/353/347 323/355/349 295/356/350 275/354/348
f 323/355/349 321/357/351 294/322/316 295/356/350
f 321/357/351 319/358/352 293/323/317 294/322/316
f 319/358/352 317/359/353 277/360/354 293/323/317
f 317/359/353 315/361/355 278/362/356 277/360/354
f 315/361/355 313/363/357 279/364/358 278/362/356
f 313/363/357 311/365/359 280/366/360 279/364/358
f 311/365/359 309/367/361 281/368/362 280/366/360
f 309/367/361 307/369/363 282/370/364 281/368/362
f 307/369/363 305/371/365 283/372/366 282/370/364
f 305/371/365 303/373/367 284/374/368 283/372/366
f 303/373/367 301/375/369 285/376/370 284/374/368
f 298/377/371 287/378/372 286/379/373 297/380/374
f 265/295/289 266/301/295 296/300/294 300/296/290
f 295/356/350 294/322/316 291/319/313 288/318/312
f 292/320/314 291/319/313 289/324/318 290/381/375
f 253/382/376 254/383/377 322/384/378 324/385/379
f 254/383/377 255/386/380 320/387/381 322/384/378
f 255/386/380 256/316/310 318/317/311 320/387/381
f 252/326/320 253/382/376 324/385/379 326/327/321
f 337/340/334 339/339/333 338/338/332 336/336/330
f 335/343/337 337/340/334 336/336/330 334/334/328
f 333/345/339 335/343/337 334/334/328 332/332/326
f 331/347/341 333/345/339 332/332/326 330/330/324
f 329/349/343 331/347/341 330/330/324 328/328/322
f 327/351/345 329/349/343 328/328/322 326/327/321
f 325/353/347 327/351/345 326/327/321 324/385/379
f 323/355/349 325/353/347 324/385/379 322/384/378
f 321/357/351 323/355/349 322/384/378 320/387/381
f 319/358/352 321/357/351 320/387/381 318/317/311
f 317/359/353 319/358/352 318/317/311 316/315/309
f 315/361/355 317/359/353 316/315/309 314/313/307
f 313/363/357 315/361/355 314/313/307 312/311/305
f 311/365/359 313/363/357 312/311/305 310/309/303
f 309/367/361 311/365/359 310/309/303 308/307/301
f 307/369/363 309/367/361 308/307/301 306/305/299
f 305/371/365 307/369/363 306/305/299 304/303/297
f 303/373/367 305/371/365 304/303/297 302/297/291
f 301/375/369 303/373/367 302/297/291 300/296/290
f 297/380/374 301/375/369 300/296/290 296/300/294
f 298/377/371 297/380/374 296/300/294 299/299/293
f 301/375/369 297/380/374 286/379/373 285/376/370
f 153/388/382 247/389/383 246/390/384 152/391/384
f 154/392/385 248/393/386 247/389/383 153/388/382
f 155/394/387 249/395/388 248/393/386 154/392/385
f 156/396/389 250/397/390 249/395/388 155/394/387
f 157/398/391 251/399/392 250/397/390 156/396/389
f 158/400/393 252/401/394 251/399/392 157/398/391
f 159/402/395 253/403/396 252/401/394 158/400/393
f 160/404/397 254/405/398 253/403/396 159/402/395
f 161/406/399 255/407/399 254/405/398 160/404/397
f 162/408/400 256/409/401 255/410/402 161/411/402
f 163/412/403 257/413/404 256/409/401 162/408/400
f 164/414/405 258/415/406 257/413/404 163/412/403
f 165/416/407 259/417/408 258/415/406 164/414/405
f 166/418/409 260/419/410 259/417/408 165/416/407
f 167/420/411 261/421/411 260/419/410 166/418/409
f 168/422/412 262/423/413 261/421/411 167/420/411
f 169/424/414 263/425/415 262/423/413 168/422/412
f 170/426/416 264/427/417 263/425/415 169/424/414
f 171/428/418 265/429/419 264/427/417 170/426/416
f 172/430/420 266/431/421 265/429/419 171/428/418
f 173/432/422 267/433/422 266/431/421 172/430/420
f 174/434/423 268/435/423 269/436/424 175/437/425
f 175/437/425 269/436/424 270/438/426 176/439/427
f 176/439/427 270/438/426 271/440/428 177/441/429
f 177/441/429 271/440/428 272/442/430 178/443/431
f 178/443/431 272/442/430 273/444/432 179/445/433
f 179/445/433 273/444/432 274/446/434 180/447/435
f 180/447/435 274/446/434 275/448/436 181/449/437
f 196/450/438 290/451/438 289/452/439 195/453/440
f 194/454/441 288/455/442 276/456/443 182/457/443
f 183/458/444 277/459/445 278/460/446 184/461/447
f 184/461/447 278/460/446 279/462/448 185/463/449
f 185/463/449 279/462/448 280/464/450 186/465/451
f 186/465/451 280/464/450 281/466/452 187/467/453
f 187/467/453 281/466/452 282/468/454 188/469/455
f 188/469/455 282/468/454 283/470/456 189/471/456
f 189/471/456 283/470/456 284/472/457 190/473/458
f 190/473/458 284/472/457 285/474/459 191/475/460
f 191/475/460 285/474/459 286/476/461 192/477/462
f 192/477/462 286/476/461 287/478/463 193/479/463
f 195/453/440 289/452/439 293/480/464 199/481/465
f 201/482/466 295/483/467 288/455/442 194/454/441
f 199/481/465 293/480/464 277/459/445 183/458/444
f 181/449/437 275/448/436 295/483/467 201/482/466
f 361/484/468 340/485/469 364/486/470 383/487/471
f 344/488/472 346/489/473 369/490/474 367/491/475
f 346/489/473 348/492/476 371/493/477 369/490/474
f 348/492/476 350/494/478 373/495/479 371/493/477
f 376/496/480 392/497/481 391/498/482 375/499/483
f 352/500/484 387/501/485 390/502/486 354/503/487
f 353/504/488 355/505/489 377/506/490 375/499/483
f 355/505/489 357/507/491 379/508/492 377/506/490
f 357/507/491 359/509/493 381/510/494 379/508/492
f 359/509/493 361/484/468 383/487/471 381/510/494
f 397/511/495 352/500/484 354/503/487 356/512/495
f 340/485/469 342/513/496 365/514/497 364/486/470
f 342/513/496 344/488/472 367/491/475 365/514/497
f 382/515/498 384/516/499 362/517/500 360/518/501
f 380/519/502 382/515/498 360/518/501 358/520/503
f 378/521/504 380/519/502 358/520/503 356/522/505
f 376/496/480 378/521/504 356/522/505 354/523/506
f 373/495/479 395/524/507 396/525/508 374/526/509
f 354/523/506 390/527/510 392/497/481 376/496/480
f 372/528/511 374/526/509 351/529/512 349/530/513
f 370/531/514 372/528/511 349/530/513 347/532/515
f 368/533/516 370/531/514 347/532/515 345/534/517
f 366/535/518 368/533/516 345/534/517 343/536/519
f 363/537/520 366/535/518 343/536/519 341/538/521
f 384/516/499 383/487/471 364/486/470 363/537/520
f 382/515/498 381/510/494 383/487/471 384/516/499
f 380/519/502 379/508/492 381/510/494 382/515/498
f 378/521/504 377/506/490 379/508/492 380/519/502
f 376/496/480 375/499/483 377/506/490 378/521/504
f 374/526/509 396/525/508 388/539/522 351/529/512
f 372/528/511 371/493/477 373/495/479 374/526/509
f 370/531/514 369/490/474 371/493/477 372/528/511
f 368/533/516 367/491/475 369/490/474 370/531/514
f 366/535/518 365/514/497 367/491/475 368/533/516
f 363/537/520 364/486/470 365/514/497 366/535/518
f 384/516/499 363/537/520 341/538/521 362/517/500
f 385/540/523 386/541/524 393/542/525 395/543/526
f 386/541/524 389/544/527 391/545/528 393/542/525
f 394/546/529 392/547/530 390/548/531 387/549/532
f 396/550/533 394/546/529 387/549/532 388/551/534
f 394/546/529 393/542/525 391/545/528 392/547/530
f 396/550/533 395/543/526 393/542/525 394/546/529
f 350/494/478 385/552/535 395/524/507 373/495/479
f 351/553/536 388/554/537 387/501/485 352/500/484
f 375/499/483 391/498/482 389/555/538 353/504/488
f 398/556/495 397/511/495 356/512/495 358/557/495
f 349/558/495 351/553/536 352/500/484 397/511/495
f 347/559/495 349/558/495 397/511/495 398/556/495
f 399/560/495 398/556/495 358/557/495 360/561/495
f 345/562/495 347/559/495 398/556/495 399/560/495
f 341/563/495 399/560/495 360/561/495 362/564/495
f 343/565/495 345/562/495 399/560/495 341/563/495
f 118/566/539 151/567/540 400/568/541 125/569/542
f 125/569/542 400/568/541 123/570/543 124/571/544
f 151/567/540 119/572/545 401/573/546 400/568/541
f 400/568/541 401/573/546 129/574/547 123/570/543
f 119/572/545 126/575/548 402/576/549 401/573/546
f 401/573/546 402/576/549 122/577/550 129/574/547
f 126/575/548 127/578/551 403/579/552 402/576/549
f 402/576/549 403/579/552 131/580/553 122/577/550
f 127/578/551 120/581/554 404/582/555 403/579/552
f 403/579/552 404/582/555 116/583/556 131/580/553
f 120/581/554 128/584/557 405/585/558 404/582/555
f 404/582/555 405/585/558 135/586/559 116/583/556
f 128/584/557 121/587/560 406/588/561 405/585/558
f 405/585/558 406/588/561 134/589/562 135/586/559
f 121/587/560 130/590/563 407/591/564 406/588/561
f 406/588/561 407/591/564 109/592/565 134/589/562
f 130/590/563 117/593/566 408/594/567 407/591/564
f 407/591/564 408/594/567 136/595/568 109/592/565
f 117/593/566 132/596/569 409/597/570 408/594/567
f 408/594/567 409/597/570 137/598/571 136/595/568
f 132/596/569 133/599/572 410/600/573 409/597/570
f 409/597/570 410/600/573 111/601/574 137/598/571
f 133/599/572 113/602/575 411/603/576 410/600/573
f 410/600/573 411/603/576 145/604/577 111/601/574
f 113/602/575 139/605/578 412/606/579 411/603/576
f 411/603/576 412/606/579 144/607/580 145/604/577
f 139/605/578 138/608/581 413/609/582 412/606/579
f 412/606/579 413/609/582 143/610/583 144/607/580
f 138/608/581 115/611/584 414/612/585 413/609/582
f 413/609/582 414/612/585 114/613/586 143/610/583
f 115/611/584 140/614/587 415/615/588 414/612/585
f 414/612/585 415/615/588 149/616/589 114/613/586
f 140/614/587 141/617/590 416/618/591 415/615/588
f 415/615/588 416/618/591 148/619/592 149/616/589
f 141/617/590 142/620/593 417/621/594 416/618/591
f 416/618/591 417/621/594 108/622/595 148/619/592
f 142/620/593 112/623/596 418/624/597 417/621/594
f 417/621/594 418/624/597 150/625/598 108/622/595
f 112/623/596 146/626/599 147/627/600 418/624/597
f 418/624/597 147/627/600 110/628/601 150/625/598
f 894/629/602 420/630/603 429/631/604 430/632/605
f 897/633/606 425/634/607 437/635/608 438/636/609
f 421/637/610 894/629/602 430/632/605 431/638/611
f 898/639/612 897/633/606 438/636/609 439/640/613
f 895/641/614 421/637/610 431/638/611 432/642/615
f 899/643/616 898/639/612 439/640/613 440/644/617
f 422/645/618 895/641/614 432/642/615 433/646/619
f 900/647/620 899/643/616 440/644/617 441/648/621
f 423/649/622 422/645/618 433/646/619 434/650/623
f 892/651/624 419/652/625 427/653/626
f 426/654/627 900/647/620 441/648/621
f 424/655/628 423/649/622 434/650/623 435/656/629
f 893/657/630 892/651/624 427/653/626 428/658/631
f 896/659/632 424/655/628 435/656/629 436/660/633
f 420/630/603 893/657/630 428/658/631 429/631/604
f 425/634/607 896/659/632 436/660/633 437/635/608
f 436/660/633 435/656/629 450/661/634 451/662/635
f 429/631/604 428/658/631 443/663/636 444/664/637
f 437/635/608 436/660/633 451/662/635 452/665/638
f 430/632/605 429/631/604 444/664/637 445/666/639
f 438/636/609 437/635/608 452/665/638 453/667/640
f 431/638/611 430/632/605 445/666/639 446/668/641
f 439/640/613 438/636/609 453/667/640 454/669/642
f 432/642/615 431/638/611 446/668/641 447/670/643
f 440/644/617 439/640/613 454/669/642 455/671/644
f 433/646/619 432/642/615 447/670/643 448/672/645
f 441/648/621 440/644/617 455/671/644 456/673/646
f 434/650/623 433/646/619 448/672/645 449/674/647
f 427/653/626 419/675/625 442/676/648
f 426/677/627 441/648/621 456/673/646
f 435/656/629 434/650/623 449/674/647 450/661/634
f 428/658/631 427/653/626 442/676/648 443/663/636
f 455/671/644 454/669/642 469/678/649 470/679/650
f 448/672/645 447/670/643 462/680/651 463/681/652
f 456/673/646 455/671/644 470/679/650 471/682/653
f 449/674/647 448/672/645 463/681/652 464/683/654
f 442/676/648 419/684/625 457/685/655
f 426/686/627 456/673/646 471/682/653
f 450/661/634 449/674/647 464/683/654 465/687/656
f 443/663/636 442/676/648 457/685/655 458/688/657
f 451/662/635 450/661/634 465/687/656 466/689/658
f 444/664/637 443/663/636 458/688/657 459/690/659
f 452/665/638 451/662/635 466/689/658 467/691/660
f 445/666/639 444/664/637 459/690/659 460/692/661
f 453/667/640 452/665/638 467/691/660 468/693/662
f 446/668/641 445/666/639 460/692/661 461/694/663
f 454/669/642 453/667/640 468/693/662 469/678/649
f 447/670/643 446/668/641 461/694/663 462/680/651
f 467/691/660 466/689/658 481/695/664 482/696/665
f 460/692/661 459/690/659 474/697/666 475/698/667
f 468/693/662 467/691/660 482/696/665 483/699/668
f 461/694/663 460/692/661 475/698/667 476/700/669
f 469/678/649 468/693/662 483/699/668 484/701/670
f 462/680/651 461/694/663 476/700/669 477/702/671
f 470/679/650 469/678/649 484/701/670 485/703/672
f 463/681/652 462/680/651 477/702/671 478/704/673
f 471/682/653 470/679/650 485/703/672 486/705/674
f 464/683/654 463/681/652 478/704/673 479/706/675
f 457/685/655 419/707/625 472/708/676
f 426/709/627 471/682/653 486/705/674
f 465/687/656 464/683/654 479/706/675 480/710/677
f 458/688/657 457/685/655 472/708/676 473/711/678
f 466/689/658 465/687/656 480/710/677 481/695/664
f 459/690/659 458/688/657 473/711/678 474/697/666
f 486/705/674 485/703/672 500/712/679 501/713/680
f 479/706/675 478/704/673 493/714/681 494/715/682
f 472/708/676 419/716/625 487/717/683
f 426/718/627 486/705/674 501/713/680
f 480/710/677 479/706/675 494/715/682 495/719/684
f 473/711/678 472/708/676 487/717/683 488/720/685
f 481/695/664 480/710/677 495/719/684 496/721/686
f 474/697/666 473/711/678 488/720/685 489/722/687
f 482/696/665 481/695/664 496/721/686 497/723/688
f 475/698/667 474/697/666 489/722/687 490/724/689
f 483/699/668 482/696/665 497/723/688 498/725/690
f 476/700/669 475/698/667 490/724/689 491/726/691
f 484/701/670 483/699/668 498/725/690 499/727/692
f 477/702/671 476/700/669 491/726/691 492/728/693
f 485/703/672 484/701/670 499/727/692 500/712/679
f 478/704/673 477/702/671 492/728/693 493/714/681
f 490/724/689 489/722/687 504/729/694 505/730/695
f 498/725/690 497/723/688 512/731/696 513/732/697
f 491/726/691 490/724/689 505/730/695 506/733/698
f 499/727/692 498/725/690 513/732/697 514/734/699
f 492/728/693 491/726/691 506/733/698 507/735/700
f 500/712/679 499/727/692 514/734/699 515/736/701
f 493/714/681 492/728/693 507/735/700 508/737/702
f 501/713/680 500/712/679 515/736/701 516/738/703
f 494/715/682 493/714/681 508/737/702 509/739/704
f 487/717/683 419/740/625 502/741/705
f 426/742/627 501/713/680 516/738/703
f 495/719/684 494/715/682 509/739/704 510/743/706
f 488/720/685 487/717/683 502/741/705 503/744/707
f 496/721/686 495/719/684 510/743/706 511/745/708
f 489/722/687 488/720/685 503/744/707 504/729/694
f 497/723/688 496/721/686 511/745/708 512/731/696
f 509/739/704 508/737/702 523/746/709 524/747/710
f 502/741/705 419/748/625 517/749/711
f 426/750/627 516/738/703 531/751/712
f 510/743/706 509/739/704 524/747/710 525/752/713
f 503/744/707 502/741/705 517/749/711 518/753/714
f 511/745/708 510/743/706 525/752/713 526/754/715
f 504/729/694 503/744/707 518/753/714 519/755/716
f 512/731/696 511/745/708 526/754/715 527/756/717
f 505/730/695 504/729/694 519/755/716 520/757/718
f 513/732/697 512/731/696 527/756/717 528/758/719
f 506/733/698 505/730/695 520/757/718 521/759/720
f 514/734/699 513/732/697 528/758/719 529/760/721
f 507/735/700 506/733/698 521/759/720 522/761/722
f 515/736/701 514/734/699 529/760/721 530/762/723
f 508/737/702 507/735/700 522/761/722 523/746/709
f 516/738/703 515/736/701 530/762/723 531/751/712
f 528/758/719 527/756/717 542/763/724 543/764/725
f 521/759/720 520/757/718 535/765/726 536/766/727
f 529/760/721 528/758/719 543/764/725 544/767/728
f 522/761/722 521/759/720 536/766/727 537/768/729
f 530/762/723 529/760/721 544/767/728 545/769/730
f 523/746/709 522/761/722 537/768/729 538/770/731
f 531/751/712 530/762/723 545/769/730 546/771/732
f 524/747/710 523/746/709 538/770/731 539/772/733
f 517/749/711 419/773/625 532/774/734
f 426/775/627 531/751/712 546/771/732
f 525/752/713 524/747/710 539/772/733 540/776/735
f 518/753/714 517/749/711 532/774/734 533/777/736
f 526/754/715 525/752/713 540/776/735 541/778/737
f 519/755/716 518/753/714 533/777/736 534/779/738
f 527/756/717 526/754/715 541/778/737 542/763/724
f 520/757/718 519/755/716 534/779/738 535/765/726
f 532/774/734 419/780/625 547/781/739
f 426/782/627 546/771/732 561/783/740
f 540/776/735 539/772/733 554/784/741 555/785/742
f 533/777/736 532/774/734 547/781/739 548/786/743
f 541/778/737 540/776/735 555/785/742 556/787/744
f 534/779/738 533/777/736 548/786/743 549/788/745
f 542/763/724 541/778/737 556/787/744 557/789/746
f 535/765/726 534/779/738 549/788/745 550/790/747
f 543/764/725 542/763/724 557/789/746 558/791/748
f 536/766/727 535/765/726 550/790/747 551/792/749
f 544/767/728 543/764/725 558/791/748 559/793/750
f 537/768/729 536/766/727 551/792/749 552/794/751
f 545/769/730 544/767/728 559/793/750 560/795/752
f 538/770/731 537/768/729 552/794/751 553/796/753
f 546/771/732 545/769/730 560/795/752 561/783/740
f 539/772/733 538/770/731 553/796/753 554/784/741
f 551/792/749 550/790/747 565/797/754 566/798/755
f 559/793/750 558/791/748 573/799/756 574/800/757
f 552/794/751 551/792/749 566/798/755 567/801/758
f 560/795/752 559/793/750 574/800/757 575/802/759
f 553/796/753 552/794/751 567/801/758 568/803/760
f 561/783/740 560/795/752 575/802/759 576/804/761
f 554/784/741 553/796/753 568/803/760 569/805/762
f 547/781/739 419/806/625 562/807/763
f 426/808/627 561/783/740 576/804/761
f 555/785/742 554/784/741 569/805/762 570/809/764
f 548/786/743 547/781/739 562/807/763 563/810/765
f 556/787/744 555/785/742 570/809/764 571/811/766
f 549/788/745 548/786/743 563/810/765 564/812/767
f 557/789/746 556/787/744 571/811/766 572/813/768
f 550/790/747 549/788/745 564/812/767 565/797/754
f 558/791/748 557/789/746 572/813/768 573/799/756
f 570/809/764 569/805/762 584/814/769 585/815/770
f 563/810/765 562/807/763 577/816/771 578/817/772
f 571/811/766 570/809/764 585/815/770 586/818/773
f 564/812/767 563/810/765 578/817/772 579/819/774
f 572/813/768 571/811/766 586/818/773 587/820/775
f 565/797/754 564/812/767 579/819/774 580/821/776
f 573/799/756 572/813/768 587/820/775 588/822/777
f 566/798/755 565/797/754 580/821/776 581/823/778
f 574/800/757 573/799/756 588/822/777 589/824/779
f 567/801/758 566/798/755 581/823/778 582/825/780
f 575/802/759 574/800/757 589/824/779 590/826/781
f 568/803/760 567/801/758 582/825/780 583/827/782
f 576/804/761 575/802/759 590/826/781 591/828/783
f 569/805/762 568/803/760 583/827/782 584/814/769
f 562/807/763 419/829/625 577/816/771
f 426/830/627 576/804/761 591/828/783
f 589/824/779 588/822/777 603/831/784 604/832/785
f 582/825/780 581/823/778 596/833/786 597/834/787
f 590/826/781 589/824/779 604/832/785 605/835/788
f 583/827/782 582/825/780 597/834/787 598/836/789
f 591/828/783 590/826/781 605/835/788 606/837/790
f 584/814/769 583/827/782 598/836/789 599/838/791
f 577/816/771 419/839/625 592/840/792
f 426/841/627 591/828/783 606/837/790
f 585/815/770 584/814/769 599/838/791 600/842/793
f 578/817/772 577/816/771 592/840/792 593/843/794
f 586/818/773 585/815/770 600/842/793 601/844/795
f 579/819/774 578/817/772 593/843/794 594/845/796
f 587/820/775 586/818/773 601/844/795 602/846/797
f 580/821/776 579/819/774 594/845/796 595/847/798
f 588/822/777 587/820/775 602/846/797 603/831/784
f 581/823/778 580/821/776 595/847/798 596/833/786
f 601/844/795 600/842/793 615/848/799 616/849/800
f 594/845/796 593/843/794 608/850/801 609/851/802
f 602/846/797 601/844/795 616/849/800 617/852/803
f 595/847/798 594/845/796 609/851/802 610/853/804
f 603/831/784 602/846/797 617/852/803 618/854/805
f 596/833/786 595/847/798 610/853/804 611/855/806
f 604/832/785 603/831/784 618/854/805 619/856/807
f 597/834/787 596/833/786 611/855/806 612/857/808
f 605/835/788 604/832/785 619/856/807 620/858/809
f 598/836/789 597/834/787 612/857/808 613/859/810
f 606/837/790 605/835/788 620/858/809 621/860/811
f 599/838/791 598/836/789 613/859/810 614/861/812
f 592/840/792 419/862/625 607/863/813
f 426/864/627 606/837/790 621/860/811
f 600/842/793 599/838/791 614/861/812 615/848/799
f 593/843/794 592/840/792 607/863/813 608/850/801
f 620/858/809 619/856/807 634/865/814 635/866/815
f 613/859/810 612/857/808 627/867/816 628/868/817
f 621/860/811 620/858/809 635/866/815 636/869/818
f 614/861/812 613/859/810 628/868/817 629/870/819
f 607/863/813 419/871/625 622/872/820
f 426/873/627 621/860/811 636/869/818
f 615/848/799 614/861/812 629/870/819 630/874/821
f 608/850/801 607/863/813 622/872/820 623/875/822
f 616/849/800 615/848/799 630/874/821 631/876/823
f 609/851/802 608/850/801 623/875/822 624/877/824
f 617/852/803 616/849/800 631/876/823 632/878/825
f 610/853/804 609/851/802 624/877/824 625/879/826
f 618/854/805 617/852/803 632/878/825 633/880/827
f 611/855/806 610/853/804 625/879/826 626/881/828
f 619/856/807 618/854/805 633/880/827 634/865/814
f 612/857/808 611/855/806 626/881/828 627/867/816
f 624/877/824 623/875/822 638/882/829 639/883/830
f 632/878/825 631/876/823 646/884/831 647/885/832
f 625/879/826 624/877/824 639/883/830 640/886/833
f 633/880/827 632/878/825 647/885/832 648/887/834
f 626/881/828 625/879/826 640/886/833 641/888/835
f 634/865/814 633/880/827 648/887/834 649/889/836
f 627/867/816 626/881/828 641/888/835 642/890/837
f 635/866/815 634/865/814 649/889/836 650/891/838
f 628/868/817 627/867/816 642/890/837 643/892/839
f 636/869/818 635/866/815 650/891/838 651/893/840
f 629/870/819 628/868/817 643/892/839 644/894/841
f 622/872/820 419/895/625 637/896/842
f 426/897/627 636/869/818 651/893/840
f 630/874/821 629/870/819 644/894/841 645/898/843
f 623/875/822 622/872/820 637/896/842 638/882/829
f 631/876/823 630/874/821 645/898/843 646/884/831
f 643/892/839 642/890/837 657/899/844 658/900/845
f 651/893/840 650/891/838 665/901/846 666/902/847
f 644/894/841 643/892/839 658/900/845 659/903/848
f 637/896/842 419/904/625 652/905/849
f 426/906/627 651/893/840 666/902/847
f 645/898/843 644/894/841 659/903/848 660/907/850
f 638/882/829 637/896/842 652/905/849 653/908/851
f 646/884/831 645/898/843 660/907/850 661/909/852
f 639/883/830 638/882/829 653/908/851 654/910/853
f 647/885/832 646/884/831 661/909/852 662/911/854
f 640/886/833 639/883/830 654/910/853 655/912/855
f 648/887/834 647/885/832 662/911/854 663/913/856
f 641/888/835 640/886/833 655/912/855 656/914/857
f 649/889/836 648/887/834 663/913/856 664/915/858
f 642/890/837 641/888/835 656/914/857 657/899/844
f 650/891/838 649/889/836 664/915/858 665/901/846
f 662/911/854 661/909/852 676/916/859 677/917/860
f 655/912/855 654/910/853 669/918/861 670/919/862
f 663/913/856 662/911/854 677/917/860 678/920/863
f 656/914/857 655/912/855 670/919/862 671/921/864
f 664/915/858 663/913/856 678/920/863 679/922/865
f 657/899/844 656/914/857 671/921/864 672/923/866
f 665/901/846 664/915/858 679/922/865 680/924/867
f 658/900/845 657/899/844 672/923/866 673/925/868
f 666/902/847 665/901/846 680/924/867 681/926/869
f 659/903/848 658/900/845 673/925/868 674/927/870
f 652/905/849 419/928/625 667/929/871
f 426/930/627 666/902/847 681/926/869
f 660/907/850 659/903/848 674/927/870 675/931/872
f 653/908/851 652/905/849 667/929/871 668/932/873
f 661/909/852 660/907/850 675/931/872 676/916/859
f 654/910/853 653/908/851 668/932/873 669/918/861
f 681/926/869 680/924/867 695/933/874 696/934/875
f 674/927/870 673/925/868 688/935/876 689/936/877
f 667/929/871 419/937/625 682/938/878
f 426/939/627 681/926/869 696/934/875
f 675/931/872 674/927/870 689/936/877 690/940/879
f 668/932/873 667/929/871 682/938/878 683/941/880
f 676/916/859 675/931/872 690/940/879 691/942/881
f 669/918/861 668/932/873 683/941/880 684/943/882
f 677/917/860 676/916/859 691/942/881 692/944/883
f 670/919/862 669/918/861 684/943/882 685/945/884
f 678/920/863 677/917/860 692/944/883 693/946/885
f 671/921/864 670/919/862 685/945/884 686/947/886
f 679/922/865 678/920/863 693/946/885 694/948/887
f 672/923/866 671/921/864 686/947/886 687/949/888
f 680/924/867 679/922/865 694/948/887 695/933/874
f 673/925/868 672/923/866 687/949/888 688/935/876
f 685/945/884 684/943/882 699/950/889 700/951/890
f 693/946/885 692/944/883 707/952/891 708/953/892
f 686/947/886 685/945/884 700/951/890 701/954/893
f 694/948/887 693/946/885 708/953/892 709/955/894
f 687/949/888 686/947/886 701/954/893 702/956/895
f 695/933/874 694/948/887 709/955/894 710/957/896
f 688/935/876 687/949/888 702/956/895 703/958/897
f 696/934/875 695/933/874 710/957/896 711/959/898
f 689/936/877 688/935/876 703/958/897 704/960/899
f 682/938/878 419/961/625 697/962/900
f 426/963/627 696/934/875 711/959/898
f 690/940/879 689/936/877 704/960/899 705/964/901
f 683/941/880 682/938/878 697/962/900 698/965/902
f 691/942/881 690/940/879 705/964/901 706/966/903
f 684/943/882 683/941/880 698/965/902 699/950/889
f 692/944/883 691/942/881 706/966/903 707/952/891
f 704/960/899 703/958/897 718/967/904 719/968/905
f 697/962/900 419/969/625 712/970/906
f 426/971/627 711/959/898 726/972/907
f 705/964/901 704/960/899 719/968/905 720/973/908
f 698/965/902 697/962/900 712/970/906 713/974/909
f 706/966/903 705/964/901 720/973/908 721/975/910
f 699/950/889 698/965/902 713/974/909 714/976/911
f 707/952/891 706/966/903 721/975/910 722/977/912
f 700/951/890 699/950/889 714/976/911 715/978/913
f 708/953/892 707/952/891 722/977/912 723/979/914
f 701/954/893 700/951/890 715/978/913 716/980/915
f 709/955/894 708/953/892 723/979/914 724/981/916
f 702/956/895 701/954/893 716/980/915 717/982/917
f 710/957/896 709/955/894 724/981/916 725/983/918
f 703/958/897 702/956/895 717/982/917 718/967/904
f 711/959/898 710/957/896 725/983/918 726/972/907
f 723/979/914 722/977/912 737/984/919 738/985/920
f 716/980/915 715/978/913 730/986/921 731/987/922
f 724/981/916 723/979/914 738/985/920 739/988/923
f 717/982/917 716/980/915 731/987/922 732/989/924
f 725/983/918 724/981/916 739/988/923 740/990/925
f 718/967/904 717/982/917 732/989/924 733/991/926
f 726/972/907 725/983/918 740/990/925 741/992/927
f 719/968/905 718/967/904 733/991/926 734/993/928
f 712/970/906 419/994/625 727/995/929
f 426/996/627 726/972/907 741/992/927
f 720/973/908 719/968/905 734/993/928 735/997/930
f 713/974/909 712/970/906 727/995/929 728/998/931
f 721/975/910 720/973/908 735/997/930 736/999/932
f 714/976/911 713/974/909 728/998/931 729/1000/933
f 722/977/912 721/975/910 736/999/932 737/984/919
f 715/978/913 714/976/911 729/1000/933 730/986/921
f 426/1001/627 741/992/927 756/1002/934
f 735/997/930 734/993/928 749/1003/935 750/1004/936
f 728/998/931 727/995/929 742/1005/937 743/1006/938
f 736/999/932 735/997/930 750/1004/936 751/1007/939
f 729/1000/933 728/998/931 743/1006/938 744/1008/940
f 737/984/919 736/999/932 751/1007/939 752/1009/941
f 730/986/921 729/1000/933 744/1008/940 745/1010/942
f 738/985/920 737/984/919 752/1009/941 753/1011/943
f 731/987/922 730/986/921 745/1010/942 746/1012/944
f 739/988/923 738/985/920 753/1011/943 754/1013/945
f 732/989/924 731/987/922 746/1012/944 747/1014/946
f 740/990/925 739/988/923 754/1013/945 755/1015/947
f 733/991/926 732/989/924 747/1014/946 748/1016/948
f 741/992/927 740/990/925 755/1015/947 756/1002/934
f 734/993/928 733/991/926 748/1016/948 749/1003/935
f 727/995/929 419/1017/625 742/1005/937
f 754/1013/945 753/1011/943 768/1018/949 769/1019/950
f 747/1014/946 746/1012/944 761/1020/951 762/1021/952
f 755/1015/947 754/1013/945 769/1019/950 770/1022/953
f 748/1016/948 747/1014/946 762/1021/952 763/1023/954
f 756/1002/934 755/1015/947 770/1022/953 771/1024/955
f 749/1003/935 748/1016/948 763/1023/954 764/1025/956
f 742/1005/937 419/1026/625 757/1027/957
f 426/1028/627 756/1002/934 771/1024/955
f 750/1004/936 749/1003/935 764/1025/956 765/1029/958
f 743/1006/938 742/1005/937 757/1027/957 758/1030/959
f 751/1007/939 750/1004/936 765/1029/958 766/1031/960
f 744/1008/940 743/1006/938 758/1030/959 759/1032/961
f 752/1009/941 751/1007/939 766/1031/960 767/1033/962
f 745/1010/942 744/1008/940 759/1032/961 760/1034/963
f 753/1011/943 752/1009/941 767/1033/962 768/1018/949
f 746/1012/944 745/1010/942 760/1034/963 761/1020/951
f 758/1030/959 757/1027/957 772/1035/964 773/1036/965
f 766/1031/960 765/1029/958 780/1037/966 781/1038/967
f 759/1032/961 758/1030/959 773/1036/965 774/1039/968
f 767/1033/962 766/1031/960 781/1038/967 782/1040/969
f 760/1034/963 759/1032/961 774/1039/968 775/1041/970
f 768/1018/949 767/1033/962 782/1040/969 783/1042/971
f 761/1020/951 760/1034/963 775/1041/970 776/1043/972
f 769/1019/950 768/1018/949 783/1042/971 784/1044/973
f 762/1021/952 761/1020/951 776/1043/972 777/1045/974
f 770/1022/953 769/1019/950 784/1044/973 785/1046/975
f 763/1023/954 762/1021/952 777/1045/974 778/1047/976
f 771/1024/955 770/1022/953 785/1046/975 786/1048/977
f 764/1025/956 763/1023/954 778/1047/976 779/1049/978
f 757/1027/957 419/1050/625 772/1035/964
f 426/1051/627 771/1024/955 786/1048/977
f 765/1029/958 764/1025/956 779/1049/978 780/1037/966
f 777/1052/974 776/1053/972 791/1054/979 792/1055/980
f 785/1056/975 784/1057/973 799/1058/981 800/1059/982
f 778/1060/976 777/1052/974 792/1055/980 793/1061/983
f 786/1062/977 785/1056/975 800/1059/982 801/1063/984
f 779/1064/978 778/1060/976 793/1061/983 794/1065/985
f 772/1066/964 419/1067/625 787/1068/986
f 426/1069/627 786/1062/977 801/1063/984
f 780/1070/966 779/1064/978 794/1065/985 795/1071/987
f 773/1072/965 772/1066/964 787/1068/986 788/1073/988
f 781/1074/967 780/1070/966 795/1071/987 796/1075/989
f 774/1076/968 773/1072/965 788/1073/988 789/1077/990
f 782/1078/969 781/1074/967 796/1075/989 797/1079/991
f 775/1080/970 774/1076/968 789/1077/990 790/1081/992
f 783/1082/971 782/1078/969 797/1079/991 798/1083/993
f 776/1053/972 775/1080/970 790/1081/992 791/1054/979
f 784/1057/973 783/1082/971 798/1083/993 799/1058/981
f 796/1075/989 795/1071/987 810/1084/994 811/1085/995
f 789/1077/990 788/1073/988 803/1086/996 804/1087/997
f 797/1079/991 796/1075/989 811/1085/995 812/1088/998
f 790/1081/992 789/1077/990 804/1087/997 805/1089/999
f 798/1083/993 797/1079/991 812/1088/998 813/1090/1000
f 791/1054/979 790/1081/992 805/1089/999 806/1091/1001
f 799/1058/981 798/1083/993 813/1090/1000 814/1092/1002
f 792/1055/980 791/1054/979 806/1091/1001 807/1093/1003
f 800/1059/982 799/1058/981 814/1092/1002 815/1094/1004
f 793/1061/983 792/1055/980 807/1093/1003 808/1095/1005
f 801/1063/984 800/1059/982 815/1094/1004 816/1096/1006
f 794/1065/985 793/1061/983 808/1095/1005 809/1097/1007
f 787/1068/986 419/1098/625 802/1099/1008
f 426/1100/627 801/1063/984 816/1096/1006
f 795/1071/987 794/1065/985 809/1097/1007 810/1084/994
f 788/1073/988 787/1068/986 802/1099/1008 803/1086/996
f 815/1094/1004 814/1092/1002 829/1101/1009 830/1102/1010
f 808/1095/1005 807/1093/1003 822/1103/1011 823/1104/1012
f 816/1096/1006 815/1094/1004 830/1102/1010 831/1105/1013
f 809/1097/1007 808/1095/1005 823/1104/1012 824/1106/1014
f 802/1099/1008 419/1107/625 817/1108/1015
f 426/1109/627 816/1096/1006 831/1105/1013
f 810/1084/994 809/1097/1007 824/1106/1014 825/1110/1016
f 803/1086/996 802/1099/1008 817/1108/1015 818/1111/1017
f 811/1085/995 810/1084/994 825/1110/1016 826/1112/1018
f 804/1087/997 803/1086/996 818/1111/1017 819/1113/1019
f 812/1088/998 811/1085/995 826/1112/1018 827/1114/1020
f 805/1089/999 804/1087/997 819/1113/1019 820/1115/1021
f 813/1090/1000 812/1088/998 827/1114/1020 828/1116/1022
f 806/1091/1001 805/1089/999 820/1115/1021 821/1117/1023
f 814/1092/1002 813/1090/1000 828/1116/1022 829/1101/1009
f 807/1093/1003 806/1091/1001 821/1117/1023 822/1103/1011
f 819/1113/1019 818/1111/1017 833/1118/1024 834/1119/1025
f 827/1114/1020 826/1112/1018 841/1120/1026 842/1121/1027
f 820/1115/1021 819/1113/1019 834/1119/1025 835/1122/1028
f 828/1116/1022 827/1114/1020 842/1121/1027 843/1123/1029
f 821/1117/1023 820/1115/1021 835/1122/1028 836/1124/1030
f 829/1101/1009 828/1116/1022 843/1123/1029 844/1125/1031
f 822/1103/1011 821/1117/1023 836/1124/1030 837/1126/1032
f 830/1102/1010 829/1101/1009 844/1125/1031 845/1127/1033
f 823/1104/1012 822/1103/1011 837/1126/1032 838/1128/1034
f 831/1105/1013 830/1102/1010 845/1127/1033 846/1129/1035
f 824/1106/1014 823/1104/1012 838/1128/1034 839/1130/1036
f 817/1108/1015 419/1131/625 832/1132/1037
f 426/1133/627 831/1105/1013 846/1129/1035
f 825/1110/1016 824/1106/1014 839/1130/1036 840/1134/1038
f 818/1111/1017 817/1108/1015 832/1132/1037 833/1118/1024
f 826/1112/1018 825/1110/1016 840/1134/1038 841/1120/1026
f 838/1128/1034 837/1126/1032 852/1135/1039 853/1136/1040
f 846/1129/1035 845/1127/1033 860/1137/1041 861/1138/1042
f 839/1130/1036 838/1128/1034 853/1136/1040 854/1139/1043
f 832/1132/1037 419/1140/625 847/1141/1044
f 426/1142/627 846/1129/1035 861/1138/1042
f 840/1134/1038 839/1130/1036 854/1139/1043 855/1143/1045
f 833/1118/1024 832/1132/1037 847/1141/1044 848/1144/1046
f 841/1120/1026 840/1134/1038 855/1143/1045 856/1145/1047
f 834/1119/1025 833/1118/1024 848/1144/1046 849/1146/1048
f 842/1121/1027 841/1120/1026 856/1145/1047 857/1147/1049
f 835/1122/1028 834/1119/1025 849/1146/1048 850/1148/1050
f 843/1123/1029 842/1121/1027 857/1147/1049 858/1149/1051
f 836/1124/1030 835/1122/1028 850/1148/1050 851/1150/1052
f 844/1125/1031 843/1123/1029 858/1149/1051 859/1151/1053
f 837/1126/1032 836/1124/1030 851/1150/1052 852/1135/1039
f 845/1127/1033 844/1125/1031 859/1151/1053 860/1137/1041
f 857/1147/1049 856/1145/1047 871/1152/1054 872/1153/1055
f 850/1148/1050 849/1146/1048 864/1154/1056 865/1155/1057
f 858/1149/1051 857/1147/1049 872/1153/1055 873/1156/1058
f 851/1150/1052 850/1148/1050 865/1155/1057 866/1157/1059
f 859/1151/1053 858/1149/1051 873/1156/1058 874/1158/1060
f 852/1135/1039 851/1150/1052 866/1157/1059 867/1159/1061
f 860/1137/1041 859/1151/1053 874/1158/1060 875/1160/1062
f 853/1136/1040 852/1135/1039 867/1159/1061 868/1161/1063
f 861/1138/1042 860/1137/1041 875/1160/1062 876/1162/1064
f 854/1139/1043 853/1136/1040 868/1161/1063 869/1163/1065
f 847/1141/1044 419/1164/625 862/1165/1066
f 426/1166/627 861/1138/1042 876/1162/1064
f 855/1143/1045 854/1139/1043 869/1163/1065 870/1167/1067
f 848/1144/1046 847/1141/1044 862/1165/1066 863/1168/1068
f 856/1145/1047 855/1143/1045 870/1167/1067 871/1152/1054
f 849/1146/1048 848/1144/1046 863/1168/1068 864/1154/1056
f 876/1162/1064 875/1160/1062 890/1169/1069 891/1170/1070
f 869/1163/1065 868/1161/1063 883/1171/1071 884/1172/1072
f 862/1165/1066 419/1173/625 877/1174/1073
f 426/1175/627 876/1162/1064 891/1170/1070
f 870/1167/1067 869/1163/1065 884/1172/1072 885/1176/1074
f 863/1168/1068 862/1165/1066 877/1174/1073 878/1177/1075
f 871/1152/1054 870/1167/1067 885/1176/1074 886/1178/1076
f 864/1154/1056 863/1168/1068 878/1177/1075 879/1179/1077
f 872/1153/1055 871/1152/1054 886/1178/1076 887/1180/1078
f 865/1155/1057 864/1154/1056 879/1179/1077 880/1181/1079
f 873/1156/1058 872/1153/1055 887/1180/1078 888/1182/1080
f 866/1157/1059 865/1155/1057 880/1181/1079 881/1183/1081
f 874/1158/1060 873/1156/1058 888/1182/1080 889/1184/1082
f 867/1159/1061 866/1157/1059 881/1183/1081 882/1185/1083
f 875/1160/1062 874/1158/1060 889/1184/1082 890/1169/1069
f 868/1161/1063 867/1159/1061 882/1185/1083 883/1171/1071
f 888/1182/1080 887/1180/1078 425/634/607 897/633/606
f 881/1183/1081 880/1181/1079 894/629/602 421/637/610
f 889/1184/1082 888/1182/1080 897/633/606 898/639/612
f 882/1185/1083 881/1183/1081 421/637/610 895/641/614
f 890/1169/1069 889/1184/1082 898/639/612 899/643/616
f 883/1171/1071 882/1185/1083 895/641/614 422/645/618
f 891/1170/1070 890/1169/1069 899/643/616 900/647/620
f 884/1172/1072 883/1171/1071 422/645/618 423/649/622
f 877/1174/1073 419/1186/625 892/651/624
f 426/1187/627 891/1170/1070 900/647/620
f 885/1176/1074 884/1172/1072 423/649/622 424/655/628
f 878/1177/1075 877/1174/1073 892/651/624 893/657/630
f 886/1178/1076 885/1176/1074 424/655/628 896/659/632
f 879/1179/1077 878/1177/1075 893/657/630 420/630/603
f 887/1180/1078 886/1178/1076 896/659/632 425/634/607
f 880/1181/1079 879/1179/1077 420/630/603 894/629/602
s 0
f 901/1188/978 902/1189/978 904/699/978 903/831/978
f 903/831/622 904/699/622 908/706/622 907/838/622
f 907/838/733 908/706/733 906/698/733 905/847/733
f 905/847/848 906/698/848 902/1190/848 901/1191/848
f 903/968/627 907/838/627 905/847/627 901/978/627
f 908/706/625 904/1130/625 902/1122/625 906/698/625
