# Blender 5.1.2
# www.blender.org
mtllib wear_hat.mtl
o wear_hat
v 0.036651 1.531277 -0.071106
v 0.036651 1.537195 0.001957
v 0.046293 1.539269 -0.034982
v 0.000000 1.535532 -0.081124
v 0.000000 1.543007 0.011159
v 0.046293 1.511364 -0.079167
v 0.046293 1.518839 0.013117
v 0.000000 1.548108 -0.035698
v 0.063224 1.515102 -0.033025
v 0.000000 1.520206 0.029992
v 0.000000 1.509997 -0.096042
v 0.043107 1.535851 -0.056518
v 0.043107 1.539361 -0.013178
v 0.021741 1.534126 -0.077814
v 0.021741 1.541086 0.008118
v 0.043107 1.522972 -0.076910
v 0.043107 1.499358 -0.074998
v 0.043107 1.529932 0.009022
v 0.043107 1.506319 0.010935
v 0.000000 1.547928 -0.010362
v 0.025239 1.545890 -0.035519
v 0.000000 1.543853 -0.060676
v 0.058975 1.528278 -0.034092
v 0.058975 1.517139 -0.007868
v 0.058975 1.502839 -0.032032
v 0.058975 1.513064 -0.058182
v 0.000000 1.507600 0.026751
v 0.025239 1.519863 0.025758
v 0.000000 1.533040 0.024690
v 0.000000 1.498077 -0.090814
v 0.000000 1.523517 -0.092875
v 0.025239 1.510340 -0.091808
v 0.023490 1.545699 -0.011936
v 0.023490 1.541906 -0.058763
v 0.054977 1.529262 -0.010605
v 0.054977 1.504735 -0.008618
v 0.054977 1.500942 -0.055445
v 0.054977 1.525469 -0.057432
v 0.023490 1.507277 0.022766
v 0.023490 1.531803 0.020779
v 0.023490 1.522927 -0.088816
v 0.023490 1.498400 -0.086829
v 0.539174 0.959438 0.781812
v 0.751346 0.951665 0.605207
v 0.890452 0.912287 -0.282484
v 0.286989 0.884864 -0.912558
v 0.279980 0.964264 0.891476
v 0.921987 0.927501 0.056182
v 0.545885 0.890498 -0.784567
v 0.480401 1.207660 0.686544
v 0.670494 1.200862 0.526386
v 0.786182 1.165785 -0.260886
v 0.253756 1.141344 -0.816109
v 0.247587 1.211881 0.786545
v 0.815514 1.179047 0.039746
v 0.482673 1.146270 -0.704177
v 0.367924 1.378802 0.532627
v 0.510147 1.373015 0.409204
v 0.593320 1.345251 -0.218938
v 0.191505 1.326688 -0.640052
v 0.191505 1.382043 0.617666
v 0.615491 1.356015 0.020570
v 0.364263 1.330405 -0.555580
v 0.231809 1.480443 0.352046
v 0.306276 1.477295 0.267948
v 0.349047 1.457886 -0.145911
v 0.112843 1.446136 -0.412534
v 0.128197 1.482206 0.405533
v 0.362970 1.465050 0.000251
v 0.214640 1.448327 -0.362759
v 0.057271 1.518692 0.178355
v 0.094863 1.518098 0.153819
v 0.125536 1.517846 0.113450
v 0.152999 1.507873 -0.018819
v 0.146918 1.503040 -0.077918
v 0.085312 1.501706 -0.175755
v 0.044927 1.501211 -0.196139
v 0.300131 0.412000 0.970765
v 0.566599 0.405644 0.835402
v 0.776653 0.394287 0.629968
v 0.505852 0.879010 0.725476
v 0.266381 0.884022 0.832335
v 0.694605 0.870006 0.556499
v 0.814051 0.855537 0.344861
v 0.848594 0.840646 0.057529
v 0.816758 0.826017 -0.254497
v 0.691657 0.813811 -0.528521
v 0.502760 0.805806 -0.712064
v 0.264422 0.800734 -0.828996
v 0.000000 0.798991 -0.869265
v 0.000000 0.885723 0.869213
v 0.452306 1.139986 0.641951
v 0.238081 1.144603 0.733831
v 0.621536 1.132776 0.495382
v 0.729262 1.123845 0.309161
v 0.760960 1.111923 0.042675
v 0.732700 1.099279 -0.242552
v 0.620465 1.088520 -0.490034
v 0.450963 1.081421 -0.655162
v 0.237157 1.076940 -0.760157
v 0.000000 1.075402 -0.796294
v 0.000000 1.146205 0.765473
v 0.352991 1.276660 0.514546
v 0.185725 1.280325 0.587111
v 0.485351 1.270827 0.396720
v 0.569867 1.263628 0.240431
v 0.594685 1.253906 0.029370
v 0.572613 1.243739 -0.198617
v 0.484829 1.235051 -0.397379
v 0.352331 1.229434 -0.528170
v 0.185267 1.225919 -0.610639
v 0.000000 1.224716 -0.638980
v 0.000000 1.281601 0.611979
v 0.236875 1.377085 0.359015
v 0.124594 1.379495 0.408657
v 0.325824 1.373130 0.277883
v 0.382724 1.368258 0.161250
v 0.399428 1.361156 0.014641
v 0.384613 1.353903 -0.145955
v 0.325628 1.347778 -0.284030
v 0.236618 1.343971 -0.373375
v 0.124413 1.341586 -0.429004
v 0.000000 1.340773 -0.448151
v 0.000000 1.380348 0.425414
v 0.128364 1.441284 0.163624
v 0.068130 1.442817 0.194709
v 0.176033 1.439006 0.115466
v 0.206471 1.436205 0.054948
v 0.216698 1.433155 -0.012006
v 0.205713 1.430155 -0.078842
v 0.174592 1.427498 -0.139018
v 0.126380 1.425445 -0.186643
v 0.065797 1.424197 -0.217056
v 0.000000 1.423875 -0.227279
v 0.000000 1.443453 0.205676
v 0.290703 0.345885 0.976471
v 0.551784 0.341176 0.843228
v 0.756891 0.334258 0.637019
v 0.000000 0.347530 1.022541
v 0.924167 0.370952 0.392309
v 0.963697 0.364219 0.078730
v 0.960932 0.339443 0.080364
v 0.927592 0.347170 -0.273140
v 0.924698 0.320838 -0.271178
v 0.782811 0.307189 -0.574929
v 0.570418 0.324440 -0.784063
v 0.568467 0.297909 -0.780265
v 0.299884 0.318604 -0.916338
v 0.298999 0.292070 -0.912003
v 0.000000 0.292360 -0.954540
v 0.306707 0.341821 1.806364
v 0.583212 0.335280 1.669834
v 0.802292 0.326686 1.457263
v 0.000000 0.343916 1.853401
v 0.879978 0.328855 0.392730
v 0.950193 0.311094 0.080724
v 0.912615 0.308116 0.080978
v 0.911351 0.294891 -0.267164
v 0.878195 0.292090 -0.257489
v 0.772358 0.281709 -0.563883
v 0.743720 0.279257 -0.545713
v 0.558472 0.272890 -0.766725
v 0.540666 0.270695 -0.740586
v 0.295043 0.267226 -0.895490
v 0.284378 0.265193 -0.865870
v 0.000000 0.265273 -0.940102
v 0.000000 0.263295 -0.909080
v 0.307315 0.306999 1.804183
v 0.584220 0.301403 1.667120
v 0.802917 0.293087 1.453639
v 0.000000 0.309116 1.851418
v 0.299964 0.429665 0.979541
v 0.570565 0.423744 0.845008
v 0.785316 0.411653 0.635468
v 0.783883 0.379762 0.817104
v 0.930819 0.352313 0.623152
v 0.000000 0.399921 1.174296
v 0.301849 0.397642 1.131652
v 0.911610 0.317313 1.180326
v 0.876221 0.320562 1.316428
v 0.876469 0.286110 1.312382
v 0.910901 0.284289 1.180237
v 0.884312 0.941634 0.377262
v 0.875574 0.940375 0.383638
v 0.878607 0.942369 0.393956
v 0.744966 0.898999 -0.591408
v 0.744864 0.897908 -0.580206
v 0.755490 0.899619 -0.577325
v 0.008734 0.965864 0.927809
v 0.000000 0.963902 0.920814
v 0.778106 1.192790 0.347541
v 0.776582 1.187207 0.337870
v 0.668526 1.154290 -0.521959
v 0.659082 1.148952 -0.525644
v 0.000000 1.208330 0.812606
v 0.783837 1.192055 0.330835
v 0.657878 1.153670 -0.536043
v 0.008830 1.213273 0.818177
v 0.586158 1.368172 0.264712
v 0.586661 1.360591 0.255789
v 0.506069 1.336542 -0.416145
v 0.498333 1.329125 -0.421005
v 0.000000 1.376096 0.638372
v 0.591799 1.367435 0.247967
v 0.495414 1.335923 -0.430228
v 0.008830 1.383108 0.641868
v 0.345227 1.476157 0.157605
v 0.347618 1.467689 0.149354
v 0.302059 1.452085 -0.272631
v 0.295977 1.443687 -0.278681
v 0.000000 1.474911 0.422827
v 0.350663 1.475418 0.140799
v 0.291400 1.451465 -0.286713
v 0.008830 1.482959 0.424131
v 0.142423 1.520091 0.066171
v 0.146861 1.511264 0.057577
v 0.148137 1.519265 0.047389
v 0.128554 1.500912 -0.127819
v 0.123587 1.492150 -0.134920
v 0.117800 1.500285 -0.142065
v 0.000000 1.510577 0.189932
v 0.008830 1.519022 0.191853
v 0.000000 1.508077 0.002207
v 0.008830 1.516398 -0.001376
v 0.008046 1.507658 -0.017086
v 0.011422 1.515508 -0.026824
v 0.009074 1.506526 -0.036305
v 0.920078 0.388961 0.409646
v 0.925725 0.386835 0.387023
v 0.917888 0.390869 0.395077
v -0.036651 1.531277 -0.071106
v 0.000000 0.433721 1.019379
v 0.007986 0.431645 1.024534
v 0.789832 0.333987 -0.569189
v 0.777530 0.333275 -0.585350
v 0.000000 0.413993 1.016036
v 0.000000 0.381905 1.379869
v 0.000000 0.881725 -0.948299
v 0.006049 0.882964 -0.955732
v 0.006116 1.139687 -0.853748
v 0.000000 1.134801 -0.847742
v 0.006116 1.325448 -0.668230
v 0.000000 1.318400 -0.664260
v 0.006116 1.445422 -0.428756
v 0.000000 1.437330 -0.426793
v 0.006116 1.500887 -0.204265
v 0.000000 1.492710 -0.201423
v 0.008736 0.317469 -0.962620
v 0.006116 1.514190 -0.046214
v 0.000000 1.506387 -0.043280
v 0.934301 0.330626 0.394280
v 0.294840 0.687124 0.949746
v 0.569184 0.681429 0.825882
v 0.782449 0.672752 0.634124
v 0.915522 0.660971 0.410234
v 0.911730 0.659432 0.402004
v 0.920047 0.659673 0.396756
v 0.924459 0.621944 -0.282966
v 0.785619 0.608718 -0.580097
v 0.775815 0.593280 -0.580606
v 0.777446 0.608265 -0.590878
v 0.569570 0.599428 -0.799082
v 0.300824 0.593654 -0.930499
v 0.005747 0.591744 -0.974418
v 0.000000 0.576696 -0.966260
v 0.000000 0.687473 0.983018
v 0.010050 0.688973 0.989864
v 0.959945 0.638545 0.069936
v 0.928713 0.301018 0.921365
v 0.931873 0.331520 0.921665
v 0.792429 0.361831 1.050194
v 0.576911 0.373916 1.209623
v 0.304033 0.379578 1.337865
v 0.781410 0.307655 0.989500
v 0.572118 0.320334 1.116272
v 0.301126 0.325443 1.246353
v 0.000000 0.327402 1.296748
v 0.581499 0.354418 1.441886
v 0.306167 0.360447 1.564808
v 0.000000 0.362419 1.609968
v 0.000000 0.308917 1.576603
v 0.307149 0.306626 1.528684
v 0.583176 0.300178 1.407154
v 0.800242 0.343194 1.290985
v 0.797652 0.287479 1.272099
v 0.779332 0.338214 -0.573693
v 0.000000 0.320350 -0.957291
v -0.036651 1.537195 0.001957
v -0.046293 1.539269 -0.034982
v -0.046293 1.511364 -0.079167
v -0.046293 1.518839 0.013117
v -0.063224 1.515102 -0.033025
v -0.043107 1.535851 -0.056518
v -0.043107 1.539361 -0.013178
v -0.021741 1.534126 -0.077814
v -0.021741 1.541086 0.008118
v -0.043107 1.522972 -0.076910
v -0.043107 1.499358 -0.074998
v -0.043107 1.529932 0.009022
v -0.043107 1.506319 0.010935
v -0.025239 1.545890 -0.035519
v -0.058975 1.528278 -0.034092
v -0.058975 1.517139 -0.007868
v -0.058975 1.502839 -0.032032
v -0.058975 1.513064 -0.058182
v -0.025239 1.519863 0.025758
v -0.025239 1.510340 -0.091808
v -0.023490 1.545699 -0.011936
v -0.023490 1.541906 -0.058763
v -0.054977 1.529262 -0.010605
v -0.054977 1.504735 -0.008618
v -0.054977 1.500942 -0.055445
v -0.054977 1.525469 -0.057432
v -0.023490 1.507277 0.022766
v -0.023490 1.531803 0.020779
v -0.023490 1.522927 -0.088816
v -0.023490 1.498400 -0.086829
v -0.539174 0.959438 0.781812
v -0.751346 0.951665 0.605207
v -0.890452 0.912287 -0.282484
v -0.286989 0.884864 -0.912558
v -0.279980 0.964264 0.891476
v -0.921987 0.927501 0.056182
v -0.545885 0.890498 -0.784567
v -0.480401 1.207660 0.686544
v -0.670494 1.200862 0.526386
v -0.786182 1.165785 -0.260886
v -0.253756 1.141344 -0.816109
v -0.247587 1.211881 0.786545
v -0.815514 1.179047 0.039746
v -0.482673 1.146270 -0.704177
v -0.367924 1.378802 0.532627
v -0.510147 1.373015 0.409204
v -0.593320 1.345251 -0.218938
v -0.191505 1.326688 -0.640052
v -0.191505 1.382043 0.617666
v -0.615491 1.356015 0.020570
v -0.364263 1.330405 -0.555580
v -0.231809 1.480443 0.352046
v -0.306276 1.477295 0.267948
v -0.349047 1.457886 -0.145911
v -0.112843 1.446136 -0.412534
v -0.128197 1.482206 0.405533
v -0.362970 1.465050 0.000251
v -0.214640 1.448327 -0.362759
v -0.057271 1.518692 0.178355
v -0.094863 1.518098 0.153819
v -0.125536 1.517846 0.113450
v -0.152999 1.507873 -0.018819
v -0.146918 1.503040 -0.077918
v -0.085312 1.501706 -0.175755
v -0.044927 1.501211 -0.196139
v -0.300131 0.412000 0.970765
v -0.566599 0.405644 0.835402
v -0.776653 0.394287 0.629968
v -0.505852 0.879010 0.725476
v -0.266381 0.884022 0.832335
v -0.694605 0.870006 0.556499
v -0.814051 0.855537 0.344861
v -0.848594 0.840646 0.057529
v -0.816758 0.826017 -0.254497
v -0.691657 0.813811 -0.528521
v 0.000000 1.449636 -0.010802
v -0.502760 0.805806 -0.712064
v -0.264422 0.800734 -0.828996
v -0.452306 1.139986 0.641951
v -0.238081 1.144603 0.733831
v -0.621536 1.132776 0.495382
v -0.729262 1.123845 0.309161
v -0.760960 1.111923 0.042675
v -0.732700 1.099279 -0.242552
v -0.620465 1.088520 -0.490034
v -0.450963 1.081421 -0.655162
v -0.237157 1.076940 -0.760157
v -0.352991 1.276660 0.514546
v -0.185725 1.280325 0.587111
v -0.485351 1.270827 0.396720
v -0.569867 1.263628 0.240431
v -0.594685 1.253906 0.029370
v -0.572613 1.243739 -0.198617
v -0.484829 1.235051 -0.397379
v -0.352331 1.229434 -0.528170
v -0.185267 1.225919 -0.610639
v -0.236875 1.377085 0.359015
v -0.124594 1.379495 0.408657
v -0.325824 1.373130 0.277883
v -0.382724 1.368258 0.161250
v -0.399428 1.361156 0.014641
v -0.384613 1.353903 -0.145955
v -0.325628 1.347778 -0.284030
v -0.236618 1.343971 -0.373375
v -0.124413 1.341586 -0.429004
v -0.128364 1.441284 0.163624
v -0.068130 1.442817 0.194709
v -0.176033 1.439006 0.115466
v -0.206471 1.436205 0.054948
v -0.216698 1.433155 -0.012006
v -0.205713 1.430155 -0.078842
v -0.174592 1.427498 -0.139018
v -0.126380 1.425445 -0.186643
v -0.065797 1.424197 -0.217056
v -0.290703 0.345885 0.976471
v -0.551784 0.341176 0.843228
v -0.756891 0.334258 0.637019
v -0.924167 0.370952 0.392309
v -0.963697 0.364219 0.078730
v -0.960932 0.339443 0.080364
v -0.927592 0.347170 -0.273140
v -0.924698 0.320838 -0.271178
v -0.782811 0.307189 -0.574929
v -0.570418 0.324440 -0.784063
v -0.568467 0.297909 -0.780265
v -0.299884 0.318604 -0.916338
v -0.298999 0.292070 -0.912003
v -0.306707 0.341821 1.806364
v -0.583212 0.335280 1.669834
v -0.802292 0.326686 1.457263
v -0.879978 0.328855 0.392730
v -0.950193 0.311094 0.080724
v -0.912615 0.308116 0.080978
v -0.911351 0.294891 -0.267164
v -0.878195 0.292090 -0.257489
v -0.772358 0.281709 -0.563883
v -0.743720 0.279257 -0.545713
v -0.558472 0.272890 -0.766725
v -0.540666 0.270695 -0.740586
v -0.295043 0.267226 -0.895490
v -0.284378 0.265193 -0.865870
v -0.307315 0.306999 1.804183
v -0.584220 0.301403 1.667120
v -0.802917 0.293087 1.453639
v -0.299964 0.429665 0.979541
v -0.570565 0.423744 0.845008
v -0.785316 0.411653 0.635468
v -0.783883 0.379762 0.817104
v -0.930819 0.352313 0.623152
v -0.301849 0.397642 1.131652
v -0.911610 0.317313 1.180326
v -0.876221 0.320562 1.316428
v -0.876469 0.286110 1.312382
v -0.910901 0.284289 1.180237
v -0.884312 0.941634 0.377262
v -0.875574 0.940375 0.383638
v -0.878607 0.942369 0.393956
v -0.744966 0.898999 -0.591408
v -0.744864 0.897908 -0.580206
v -0.755490 0.899619 -0.577325
v -0.008734 0.965864 0.927809
v -0.778106 1.192790 0.347541
v -0.776582 1.187207 0.337870
v -0.668526 1.154290 -0.521959
v -0.659082 1.148952 -0.525644
v -0.783837 1.192055 0.330835
v -0.657878 1.153670 -0.536043
v -0.008830 1.213273 0.818177
v -0.586158 1.368172 0.264712
v -0.586661 1.360591 0.255789
v -0.506069 1.336542 -0.416145
v -0.498333 1.329125 -0.421005
v -0.591799 1.367435 0.247967
v -0.495414 1.335923 -0.430228
v 0.571546 0.391317 1.003919
v 0.932605 0.318395 0.623536
v -0.008830 1.383108 0.641868
v -0.345227 1.476157 0.157605
v -0.347618 1.467689 0.149354
v -0.302059 1.452085 -0.272631
v -0.295977 1.443687 -0.278681
v -0.350663 1.475418 0.140799
v -0.291400 1.451465 -0.286713
v -0.008830 1.482959 0.424131
v -0.142423 1.520091 0.066171
v -0.146861 1.511264 0.057577
v -0.148137 1.519265 0.047389
v -0.128554 1.500912 -0.127819
v -0.123587 1.492150 -0.134920
v -0.117800 1.500285 -0.142065
v -0.008830 1.519022 0.191853
v -0.008830 1.516398 -0.001376
v -0.008046 1.507658 -0.017086
v -0.011422 1.515508 -0.026824
v -0.009074 1.506526 -0.036305
v -0.920078 0.388961 0.409646
v -0.925725 0.386835 0.387023
v -0.917888 0.390869 0.395077
v -0.007986 0.431645 1.024534
v -0.789832 0.333987 -0.569189
v -0.777530 0.333275 -0.585350
v -0.006049 0.882964 -0.955732
v -0.006116 1.139687 -0.853748
v -0.006116 1.325448 -0.668230
v -0.006116 1.445422 -0.428756
v -0.006116 1.500887 -0.204265
v -0.008736 0.317469 -0.962620
v -0.006116 1.514190 -0.046214
v -0.934301 0.330626 0.394280
v -0.294840 0.687124 0.949746
v -0.569184 0.681429 0.825882
v -0.782449 0.672752 0.634124
v -0.915522 0.660971 0.410234
v -0.911730 0.659432 0.402004
v -0.920047 0.659673 0.396756
v -0.924459 0.621944 -0.282966
v -0.785619 0.608718 -0.580097
v -0.775815 0.593280 -0.580606
v -0.777446 0.608265 -0.590878
v -0.569570 0.599428 -0.799082
v -0.300824 0.593654 -0.930499
v -0.005747 0.591744 -0.974418
v -0.010050 0.688973 0.989864
v -0.959945 0.638545 0.069936
v -0.928713 0.301018 0.921365
v -0.931873 0.331520 0.921665
v -0.792429 0.361831 1.050194
v -0.576911 0.373916 1.209623
v -0.304033 0.379578 1.337865
v -0.781410 0.307655 0.989500
v -0.572118 0.320334 1.116272
v -0.301126 0.325443 1.246353
v -0.581499 0.354418 1.441886
v -0.306167 0.360447 1.564808
v -0.307149 0.306626 1.528684
v -0.583176 0.300178 1.407154
v -0.800242 0.343194 1.290985
v -0.797652 0.287479 1.272099
v -0.779332 0.338214 -0.573693
v -0.571546 0.391317 1.003919
v -0.932605 0.318395 0.623536
v 0.000000 1.000000 -0.000000
v 0.000000 0.831470 -0.555570
v 0.000000 0.555570 -0.831470
v 0.000000 0.195090 -0.980785
v 0.000000 -0.000000 -1.000000
v 0.000000 -0.195090 -0.980785
v 0.000000 -0.555570 -0.831470
v 0.000000 -1.000000 0.000000
v 0.038060 0.980785 -0.191342
v 0.074658 0.923880 -0.375330
v 0.108386 0.831470 -0.544895
v 0.137950 0.707107 -0.693520
v 0.162212 0.555570 -0.815493
v 0.180240 0.382683 -0.906127
v 0.191342 0.195090 -0.961940
v 0.195090 0.000000 -0.980785
v 0.191342 -0.195090 -0.961940
v 0.180240 -0.382683 -0.906127
v 0.162212 -0.555570 -0.815493
v 0.137950 -0.707107 -0.693520
v 0.108386 -0.831470 -0.544895
v 0.074658 -0.923880 -0.375330
v 0.038060 -0.980785 -0.191342
v 0.074658 0.980785 -0.180240
v 0.146447 0.923880 -0.353553
v 0.212608 0.831470 -0.513280
v 0.270598 0.707107 -0.653282
v 0.318190 0.555570 -0.768178
v 0.353553 0.382683 -0.853553
v 0.375330 0.195090 -0.906127
v 0.382683 0.000000 -0.923879
v 0.375330 -0.195090 -0.906127
v 0.353553 -0.382683 -0.853553
v 0.318190 -0.555570 -0.768178
v 0.270598 -0.707107 -0.653282
v 0.212608 -0.831470 -0.513280
v 0.146447 -0.923880 -0.353553
v 0.074658 -0.980785 -0.180240
v 0.108386 0.980785 -0.162212
v 0.212608 0.923880 -0.318190
v 0.308658 0.831470 -0.461940
v 0.392847 0.707107 -0.587938
v 0.461940 0.555570 -0.691342
v 0.513280 0.382683 -0.768178
v 0.544895 0.195090 -0.815493
v 0.555570 0.000000 -0.831470
v 0.544895 -0.195090 -0.815493
v 0.513280 -0.382683 -0.768178
v 0.461940 -0.555570 -0.691342
v 0.392847 -0.707107 -0.587938
v 0.308658 -0.831470 -0.461940
v 0.212608 -0.923880 -0.318190
v 0.108386 -0.980785 -0.162212
v 0.137950 0.980785 -0.137950
v 0.270598 0.923880 -0.270598
v 0.392847 0.831470 -0.392847
v 0.500000 0.707107 -0.500000
v 0.587938 0.555570 -0.587938
v 0.653281 0.382683 -0.653281
v 0.693520 0.195090 -0.693520
v 0.707107 -0.000000 -0.707107
v 0.693520 -0.195090 -0.693520
v 0.653281 -0.382683 -0.653282
v 0.587938 -0.555570 -0.587938
v 0.500000 -0.707107 -0.500000
v 0.392847 -0.831470 -0.392847
v 0.270598 -0.923880 -0.270598
v 0.137950 -0.980785 -0.137950
v 0.162212 0.980785 -0.108386
v 0.318190 0.923880 -0.212608
v 0.461940 0.831470 -0.308658
v 0.587938 0.707107 -0.392848
v 0.691342 0.555570 -0.461940
v 0.768178 0.382683 -0.513280
v 0.815493 0.195090 -0.544895
v 0.831470 0.000000 -0.555570
v 0.815493 -0.195090 -0.544895
v 0.768178 -0.382683 -0.513280
v 0.691342 -0.555570 -0.461940
v 0.587938 -0.707107 -0.392847
v 0.461940 -0.831470 -0.308658
v 0.318190 -0.923880 -0.212608
v 0.162212 -0.980785 -0.108386
v 0.180240 0.980785 -0.074658
v 0.353553 0.923880 -0.146447
v 0.513280 0.831470 -0.212607
v 0.653281 0.707107 -0.270598
v 0.768178 0.555570 -0.318190
v 0.853553 0.382683 -0.353553
v 0.906127 0.195090 -0.375330
v 0.923879 -0.000000 -0.382683
v 0.906127 -0.195090 -0.375330
v 0.853553 -0.382683 -0.353553
v 0.768178 -0.555570 -0.318190
v 0.653281 -0.707107 -0.270598
v 0.513280 -0.831470 -0.212607
v 0.353553 -0.923880 -0.146447
v 0.180240 -0.980785 -0.074658
v 0.191342 0.980785 -0.038060
v 0.375330 0.923880 -0.074658
v 0.544895 0.831470 -0.108386
v 0.693520 0.707107 -0.137950
v 0.815493 0.555570 -0.162212
v 0.906127 0.382683 -0.180240
v 0.961940 0.195090 -0.191342
v 0.980785 0.000000 -0.195090
v 0.961940 -0.195090 -0.191342
v 0.906127 -0.382684 -0.180240
v 0.815493 -0.555570 -0.162212
v 0.693520 -0.707107 -0.137950
v 0.544895 -0.831470 -0.108386
v 0.375330 -0.923880 -0.074658
v 0.191342 -0.980785 -0.038060
v 0.195090 0.980785 0.000000
v 0.382683 0.923880 0.000000
v 0.555570 0.831470 0.000000
v 0.707107 0.707107 -0.000000
v 0.831469 0.555570 0.000000
v 0.923879 0.382683 -0.000000
v 0.980785 0.195090 0.000000
v 1.000000 -0.000000 0.000000
v 0.980785 -0.195090 0.000000
v 0.923879 -0.382684 -0.000000
v 0.831469 -0.555570 0.000000
v 0.707107 -0.707107 -0.000000
v 0.555570 -0.831470 0.000000
v 0.382683 -0.923880 0.000000
v 0.195090 -0.980785 0.000000
v 0.191342 0.980785 0.038060
v 0.375330 0.923880 0.074658
v 0.544895 0.831470 0.108386
v 0.693520 0.707107 0.137950
v 0.815493 0.555570 0.162212
v 0.906127 0.382683 0.180240
v 0.961940 0.195090 0.191342
v 0.980785 -0.000000 0.195090
v 0.961940 -0.195090 0.191342
v 0.906127 -0.382684 0.180240
v 0.815493 -0.555570 0.162212
v 0.693520 -0.707107 0.137950
v 0.544895 -0.831470 0.108386
v 0.375330 -0.923880 0.074658
v 0.191342 -0.980785 0.038060
v 0.180240 0.980785 0.074658
v 0.353553 0.923880 0.146447
v 0.513280 0.831470 0.212608
v 0.653281 0.707107 0.270598
v 0.768178 0.555570 0.318190
v 0.853553 0.382683 0.353553
v 0.906127 0.195090 0.375330
v 0.923879 0.000000 0.382683
v 0.906127 -0.195090 0.375330
v 0.853553 -0.382684 0.353553
v 0.768178 -0.555570 0.318190
v 0.653281 -0.707107 0.270598
v 0.513280 -0.831470 0.212608
v 0.353553 -0.923880 0.146447
v 0.180240 -0.980785 0.074658
v 0.162212 0.980785 0.108386
v 0.318190 0.923880 0.212608
v 0.461940 0.831470 0.308658
v 0.587938 0.707107 0.392847
v 0.691341 0.555570 0.461940
v 0.768178 0.382683 0.513280
v 0.815493 0.195090 0.544895
v 0.831469 -0.000000 0.555570
v 0.815493 -0.195090 0.544895
v 0.768178 -0.382683 0.513280
v 0.691341 -0.555570 0.461940
v 0.587938 -0.707107 0.392847
v 0.461940 -0.831470 0.308658
v 0.318190 -0.923880 0.212608
v 0.162212 -0.980785 0.108386
v 0.137950 0.980785 0.137950
v 0.270598 0.923880 0.270598
v 0.392847 0.831470 0.392847
v 0.500000 0.707107 0.500000
v 0.587938 0.555570 0.587938
v 0.653281 0.382683 0.653281
v 0.693520 0.195090 0.693520
v 0.707106 0.000000 0.707107
v 0.693520 -0.195090 0.693520
v 0.653281 -0.382683 0.653281
v 0.587938 -0.555570 0.587938
v 0.500000 -0.707107 0.500000
v 0.392847 -0.831470 0.392847
v 0.270598 -0.923880 0.270598
v 0.137950 -0.980785 0.137950
v 0.108386 0.980785 0.162212
v 0.212607 0.923880 0.318190
v 0.308658 0.831470 0.461940
v 0.392847 0.707107 0.587938
v 0.461940 0.555570 0.691342
v 0.513280 0.382683 0.768178
v 0.544895 0.195090 0.815493
v 0.555570 -0.000000 0.831469
v 0.544895 -0.195090 0.815493
v 0.513280 -0.382683 0.768178
v 0.461940 -0.555570 0.691342
v 0.392847 -0.707107 0.587938
v 0.308658 -0.831470 0.461940
v 0.212607 -0.923880 0.318190
v 0.108386 -0.980785 0.162212
v 0.074658 0.980785 0.180240
v 0.146447 0.923880 0.353553
v 0.212607 0.831470 0.513280
v 0.270598 0.707107 0.653281
v 0.318189 0.555570 0.768178
v 0.353553 0.382683 0.853553
v 0.375330 0.195090 0.906127
v 0.382683 -0.000000 0.923879
v 0.375330 -0.195090 0.906127
v 0.353553 -0.382683 0.853553
v 0.318189 -0.555570 0.768178
v 0.270598 -0.707107 0.653281
v 0.212607 -0.831470 0.513280
v 0.146447 -0.923880 0.353553
v 0.074658 -0.980785 0.180240
v 0.038060 0.980785 0.191342
v 0.074658 0.923880 0.375330
v 0.108386 0.831470 0.544895
v 0.137950 0.707107 0.693520
v 0.162212 0.555570 0.815493
v 0.180240 0.382683 0.906127
v 0.191342 0.195090 0.961939
v 0.195090 -0.000000 0.980785
v 0.191342 -0.195090 0.961940
v 0.180240 -0.382684 0.906127
v 0.162212 -0.555570 0.815493
v 0.137950 -0.707107 0.693520
v 0.108386 -0.831470 0.544895
v 0.074658 -0.923880 0.375330
v 0.038060 -0.980785 0.191342
v -0.000000 0.980785 0.195090
v -0.000000 0.923880 0.382683
v -0.000000 0.831470 0.555570
v -0.000000 0.707107 0.707107
v -0.000000 0.555570 0.831469
v 0.000000 0.382683 0.923879
v -0.000000 0.195090 0.980785
v -0.000000 0.000000 0.999999
v -0.000000 -0.195090 0.980785
v 0.000000 -0.382684 0.923879
v -0.000000 -0.555570 0.831469
v -0.000000 -0.707107 0.707107
v -0.000000 -0.831470 0.555570
v -0.000000 -0.923880 0.382683
v -0.000000 -0.980785 0.195090
v -0.038060 0.980785 0.191342
v -0.074658 0.923880 0.375330
v -0.108386 0.831470 0.544895
v -0.137950 0.707107 0.693520
v -0.162212 0.555570 0.815493
v -0.180240 0.382683 0.906127
v -0.191342 0.195090 0.961939
v -0.195091 -0.000000 0.980785
v -0.191342 -0.195090 0.961939
v -0.180240 -0.382684 0.906127
v -0.162212 -0.555570 0.815493
v -0.137950 -0.707107 0.693520
v -0.108386 -0.831470 0.544895
v -0.074658 -0.923880 0.375330
v -0.038060 -0.980785 0.191342
v -0.074658 0.980785 0.180240
v -0.146447 0.923880 0.353553
v -0.212608 0.831470 0.513280
v -0.270598 0.707107 0.653281
v -0.318190 0.555570 0.768177
v -0.353553 0.382683 0.853553
v -0.375330 0.195090 0.906127
v -0.382683 -0.000000 0.923879
v -0.375330 -0.195090 0.906127
v -0.353553 -0.382683 0.853553
v -0.318190 -0.555570 0.768177
v -0.270598 -0.707107 0.653281
v -0.212608 -0.831470 0.513280
v -0.146447 -0.923880 0.353553
v -0.074658 -0.980785 0.180240
v -0.108386 0.980785 0.162212
v -0.212608 0.923880 0.318190
v -0.308658 0.831470 0.461939
v -0.392847 0.707107 0.587938
v -0.461940 0.555570 0.691341
v -0.513280 0.382683 0.768178
v -0.544895 0.195090 0.815493
v -0.555570 -0.000000 0.831469
v -0.544895 -0.195090 0.815493
v -0.513280 -0.382683 0.768178
v -0.461940 -0.555570 0.691341
v -0.392847 -0.707107 0.587938
v -0.308658 -0.831470 0.461939
v -0.212608 -0.923880 0.318190
v -0.108386 -0.980785 0.162212
v -0.137950 0.980785 0.137950
v -0.270598 0.923880 0.270598
v -0.392847 0.831470 0.392847
v -0.500000 0.707107 0.500000
v -0.587938 0.555570 0.587937
v -0.653281 0.382683 0.653281
v -0.693520 0.195090 0.693520
v -0.707106 0.000000 0.707106
v -0.693520 -0.195090 0.693520
v -0.653281 -0.382683 0.653281
v -0.587938 -0.555570 0.587937
v -0.500000 -0.707107 0.500000
v -0.392847 -0.831470 0.392847
v -0.270598 -0.923880 0.270598
v -0.137950 -0.980785 0.137950
v -0.162212 0.980785 0.108386
v -0.318190 0.923880 0.212607
v -0.461940 0.831470 0.308658
v -0.587938 0.707107 0.392847
v -0.691341 0.555570 0.461939
v -0.768177 0.382683 0.513280
v -0.815493 0.195090 0.544895
v -0.831469 -0.000000 0.555569
v -0.815493 -0.195090 0.544895
v -0.768177 -0.382683 0.513280
v -0.691341 -0.555570 0.461939
v -0.587938 -0.707107 0.392847
v -0.461940 -0.831470 0.308658
v -0.318190 -0.923880 0.212607
v -0.162212 -0.980785 0.108386
v -0.180240 0.980785 0.074658
v -0.353553 0.923880 0.146447
v -0.513280 0.831470 0.212607
v -0.653281 0.707107 0.270598
v -0.768177 0.555570 0.318189
v -0.853553 0.382683 0.353553
v -0.906127 0.195090 0.375330
v -0.923879 0.000000 0.382683
v -0.906127 -0.195090 0.375330
v -0.853553 -0.382684 0.353553
v -0.768177 -0.555570 0.318189
v -0.653281 -0.707107 0.270598
v -0.513280 -0.831470 0.212607
v -0.353553 -0.923880 0.146447
v -0.180240 -0.980785 0.074658
v -0.191342 0.980785 0.038060
v -0.375330 0.923880 0.074658
v -0.544895 0.831470 0.108386
v -0.693520 0.707107 0.137950
v -0.815493 0.555570 0.162211
v -0.906127 0.382683 0.180240
v -0.961939 0.195090 0.191341
v -0.980784 -0.000000 0.195090
v -0.961939 -0.195090 0.191341
v -0.906127 -0.382684 0.180240
v -0.815493 -0.555570 0.162211
v -0.693520 -0.707107 0.137950
v -0.544895 -0.831470 0.108386
v -0.375330 -0.923880 0.074658
v -0.191342 -0.980785 0.038060
v -0.195090 0.980785 -0.000000
v -0.382683 0.923880 -0.000000
v -0.555570 0.831470 -0.000000
v -0.707107 0.707107 -0.000000
v -0.831469 0.555570 -0.000000
v -0.923879 0.382683 -0.000000
v -0.980785 0.195090 -0.000000
v -0.999999 -0.000000 -0.000000
v -0.980785 -0.195090 -0.000000
v -0.923879 -0.382684 -0.000000
v -0.831469 -0.555570 -0.000000
v -0.707107 -0.707107 -0.000000
v -0.555570 -0.831470 -0.000000
v -0.382683 -0.923880 -0.000000
v -0.195090 -0.980785 -0.000000
v -0.191342 0.980785 -0.038060
v -0.375330 0.923880 -0.074658
v -0.544895 0.831470 -0.108386
v -0.693520 0.707107 -0.137950
v -0.815493 0.555570 -0.162212
v -0.906127 0.382683 -0.180240
v -0.961939 0.195090 -0.191342
v -0.980784 0.000000 -0.195091
v -0.961939 -0.195090 -0.191342
v -0.906127 -0.382684 -0.180240
v -0.815493 -0.555570 -0.162212
v -0.693520 -0.707107 -0.137950
v -0.544895 -0.831470 -0.108386
v -0.375330 -0.923880 -0.074658
v -0.191342 -0.980785 -0.038060
v -0.180240 0.980785 -0.074658
v -0.353553 0.923880 -0.146447
v -0.513279 0.831470 -0.212607
v -0.653281 0.707107 -0.270598
v -0.768177 0.555570 -0.318190
v -0.853553 0.382683 -0.353553
v -0.906127 0.195090 -0.375330
v -0.923878 -0.000000 -0.382684
v -0.906127 -0.195090 -0.375330
v -0.853553 -0.382683 -0.353553
v -0.768177 -0.555570 -0.318190
v -0.653281 -0.707107 -0.270598
v -0.513279 -0.831470 -0.212607
v -0.353553 -0.923880 -0.146447
v -0.180240 -0.980785 -0.074658
v -0.162212 0.980785 -0.108386
v -0.318189 0.923880 -0.212607
v -0.461939 0.831470 -0.308658
v -0.587938 0.707107 -0.392847
v -0.691341 0.555570 -0.461940
v -0.768177 0.382683 -0.513280
v -0.815493 0.195090 -0.544895
v -0.831468 0.000000 -0.555570
v -0.815493 -0.195090 -0.544895
v -0.768177 -0.382683 -0.513280
v -0.691341 -0.555570 -0.461940
v -0.587938 -0.707107 -0.392847
v -0.461939 -0.831470 -0.308658
v -0.318189 -0.923880 -0.212607
v -0.162212 -0.980785 -0.108386
v -0.137950 0.980785 -0.137950
v -0.270598 0.923880 -0.270598
v -0.392847 0.831470 -0.392847
v -0.500000 0.707107 -0.500000
v -0.587937 0.555570 -0.587938
v -0.653281 0.382683 -0.653281
v -0.693519 0.195090 -0.693520
v -0.707106 -0.000000 -0.707106
v -0.693519 -0.195090 -0.693520
v -0.653281 -0.382683 -0.653281
v -0.587937 -0.555570 -0.587938
v -0.500000 -0.707107 -0.500000
v -0.392847 -0.831470 -0.392847
v -0.270598 -0.923880 -0.270598
v -0.137950 -0.980785 -0.137950
v -0.108386 0.980785 -0.162212
v -0.212607 0.923880 -0.318190
v -0.308658 0.831470 -0.461939
v -0.392847 0.707107 -0.587938
v -0.461939 0.555570 -0.691341
v -0.513280 0.382683 -0.768177
v -0.544895 0.195090 -0.815493
v -0.555569 0.000000 -0.831469
v -0.544895 -0.195090 -0.815493
v -0.513280 -0.382683 -0.768177
v -0.461939 -0.555570 -0.691341
v -0.392847 -0.707107 -0.587938
v -0.308658 -0.831470 -0.461939
v -0.212607 -0.923880 -0.318190
v -0.108386 -0.980785 -0.162212
v -0.074658 0.980785 -0.180240
v -0.146446 0.923880 -0.353553
v -0.212607 0.831470 -0.513280
v -0.270598 0.707107 -0.653281
v -0.318189 0.555570 -0.768177
v -0.353553 0.382683 -0.853553
v -0.375330 0.195090 -0.906127
v -0.382683 0.000000 -0.923879
v -0.375330 -0.195090 -0.906127
v -0.353553 -0.382683 -0.853553
v -0.318189 -0.555570 -0.768177
v -0.270598 -0.707107 -0.653281
v -0.212607 -0.831470 -0.513280
v -0.146446 -0.923880 -0.353553
v -0.074658 -0.980785 -0.180240
v -0.038060 0.980785 -0.191342
v -0.074658 0.923880 -0.375330
v -0.108386 0.831470 -0.544895
v -0.137950 0.707107 -0.693520
v -0.162211 0.555570 -0.815493
v -0.180240 0.382683 -0.906127
v -0.191341 0.195090 -0.961939
v -0.195090 0.000000 -0.980784
v -0.191341 -0.195090 -0.961939
v -0.180240 -0.382683 -0.906127
v -0.162211 -0.555570 -0.815493
v -0.137950 -0.707107 -0.693520
v -0.108386 -0.831470 -0.544895
v -0.074658 -0.923880 -0.375330
v -0.038060 -0.980785 -0.191341
v 0.000000 0.980785 -0.195090
v 0.000000 0.923880 -0.382683
v 0.000000 0.707107 -0.707107
v 0.000000 0.382683 -0.923879
v 0.000000 -0.382683 -0.923879
v 0.000000 -0.707107 -0.707107
v 0.000000 -0.831470 -0.555570
v 0.000000 -0.923880 -0.382683
v 0.000000 -0.980785 -0.195090
v -0.581260 -0.262780 1.073478
v -0.581260 0.262780 1.073478
v -0.581260 -0.262780 0.568734
v -0.581260 0.262780 0.568734
v 0.581260 -0.262780 1.073478
v 0.581260 0.262780 1.073478
v 0.581260 -0.262780 0.568734
v 0.581260 0.262780 0.568734
vn 0.2226 0.8973 0.3812
vn 0.4209 0.8349 0.3547
vn 0.4523 0.8788 0.1522
vn 0.1926 0.9746 0.1143
vn 0.4640 0.8829 -0.0715
vn 0.1884 0.9789 -0.0793
vn -0.0000 0.9967 -0.0807
vn -0.0000 0.9941 0.1085
vn -0.0000 0.9204 0.3910
vn 0.4523 0.8428 -0.2916
vn 0.4209 0.7669 -0.4844
vn 0.2226 0.8243 -0.5206
vn 0.1926 0.9435 -0.2697
vn -0.0000 0.8455 -0.5340
vn -0.0000 0.9637 -0.2671
vn 0.5889 0.5992 0.5423
vn 0.7719 0.5852 0.2486
vn 0.7071 0.0571 0.7048
vn 0.9389 0.0278 0.3431
vn 1.0000 -0.0000 -0.0000
vn 0.8195 0.5712 -0.0463
vn 0.9447 -0.3269 0.0265
vn 0.8850 -0.3065 0.3506
vn 0.6644 -0.2875 0.6899
vn 0.6644 -0.3948 -0.6346
vn 0.7071 -0.0571 -0.7048
vn 0.9389 -0.0278 -0.3431
vn 0.8850 -0.3589 -0.2967
vn 0.5890 0.5040 -0.6317
vn 0.7719 0.5376 -0.3395
vn 0.3442 0.0758 0.9358
vn 0.3247 -0.2612 0.9090
vn -0.0000 0.0808 0.9967
vn -0.0000 -0.2506 0.9681
vn 0.2950 0.6237 0.7239
vn -0.0000 0.6374 0.7706
vn 0.2950 0.4991 -0.8148
vn 0.3442 -0.0758 -0.9358
vn -0.0000 -0.0807 -0.9967
vn -0.0000 0.5051 -0.8631
vn -0.0000 -0.4032 -0.9151
vn 0.3246 -0.4041 -0.8552
vn -0.5428 -0.2641 -0.7972
vn -0.2761 -0.2904 -0.9162
vn -0.2339 -0.5276 -0.8167
vn -0.4650 -0.5295 -0.7095
vn -0.7712 -0.2329 -0.5924
vn -0.6691 -0.5313 -0.5197
vn -0.9409 -0.2045 -0.2699
vn -0.8213 -0.5240 -0.2258
vn -0.8634 -0.5043 0.0183
vn -0.9831 -0.1829 0.0072
vn -0.9496 -0.1718 0.2621
vn -0.8345 -0.4947 0.2426
vn -0.8093 -0.1592 0.5655
vn -0.7134 -0.4831 0.5077
vn -0.5651 -0.1449 0.8122
vn -0.4998 -0.4677 0.7290
vn -0.2937 -0.1367 0.9461
vn -0.2599 -0.4583 0.8499
vn -0.0000 -0.1340 0.9910
vn -0.0000 -0.4551 0.8904
vn -0.0000 -0.3005 -0.9538
vn -0.0000 -0.5271 -0.8498
vn -0.1641 -0.8158 -0.5545
vn -0.3221 -0.8227 -0.4684
vn -0.4550 -0.8297 -0.3234
vn -0.5494 -0.8260 -0.1260
vn -0.5816 -0.8128 0.0332
vn -0.5605 -0.8082 0.1804
vn -0.4787 -0.8026 0.3560
vn -0.3364 -0.7934 0.5074
vn -0.1752 -0.7874 0.5911
vn -0.0000 -0.7853 0.6191
vn -0.0000 -0.8132 -0.5819
vn -0.1185 -0.9206 -0.3721
vn -0.2331 -0.9211 -0.3120
vn -0.3353 -0.9180 -0.2116
vn -0.4128 -0.9074 -0.0785
vn -0.4444 -0.8950 0.0389
vn -0.4251 -0.8927 0.1497
vn -0.3543 -0.8938 0.2750
vn -0.2439 -0.8928 0.3786
vn -0.1259 -0.8910 0.4361
vn -0.0000 -0.8903 0.4554
vn -0.0000 -0.9201 -0.3918
vn -0.0752 -0.9765 -0.2020
vn -0.1252 -0.9829 -0.1350
vn -0.2122 -0.9710 -0.1105
vn -0.2280 -0.9734 -0.0229
vn -0.2969 -0.9539 0.0433
vn -0.2390 -0.9648 0.1098
vn -0.2250 -0.9546 0.1952
vn -0.1303 -0.9663 0.2221
vn -0.0784 -0.9552 0.2853
vn -0.0000 -0.9654 0.2607
vn -0.0000 -0.9843 -0.1764
vn -0.2850 -0.2563 -0.9236
vn -0.0000 -0.2694 -0.9630
vn -0.5565 -0.2226 -0.8005
vn 0.0514 -0.9982 -0.0316
vn 0.0264 -0.9996 0.0082
vn 0.0340 -0.9993 0.0171
vn 0.0700 -0.9970 -0.0342
vn -0.9511 -0.1457 -0.2722
vn -0.7838 -0.1828 -0.5935
vn 0.2615 0.3023 0.9167
vn 0.5095 0.2938 0.8088
vn 0.4440 0.5678 0.6932
vn 0.2316 0.5559 0.7983
vn 0.7328 0.2796 0.6203
vn 0.6290 0.5777 0.5203
vn 0.9678 0.2518 -0.0048
vn 0.9354 0.2418 -0.2578
vn 0.7982 0.5559 -0.2323
vn 0.8259 0.5635 -0.0208
vn 0.5566 0.2184 -0.8016
vn 0.2906 0.2130 -0.9328
vn 0.2483 0.5293 -0.8113
vn 0.4715 0.5342 -0.7016
vn 0.3265 0.8216 0.4673
vn 0.1742 0.8132 0.5552
vn 0.4415 0.8364 0.3249
vn 0.5418 0.8225 -0.1733
vn 0.5611 0.8268 -0.0389
vn 0.1717 0.7955 -0.5811
vn 0.3236 0.8021 -0.5020
vn 0.2048 0.9461 0.2508
vn 0.1088 0.9457 0.3062
vn 0.2739 0.9474 0.1654
vn 0.3293 0.9362 -0.1226
vn 0.3473 0.9360 -0.0577
vn 0.1045 0.9237 -0.3685
vn 0.1966 0.9281 -0.3162
vn 0.0951 0.9914 0.0896
vn 0.0510 0.9923 0.1126
vn 0.1264 0.9896 0.0685
vn 0.1705 0.9812 -0.0908
vn 0.1879 0.9782 -0.0883
vn 0.0555 0.9771 -0.2052
vn 0.1093 0.9792 -0.1707
vn 0.2814 0.1594 0.9463
vn 0.5446 0.1262 0.8291
vn 0.7669 0.0929 0.6350
vn 1.0000 0.0038 0.0031
vn 0.9864 -0.1646 0.0013
vn 0.9236 -0.3016 -0.2364
vn 0.9658 -0.0087 -0.2591
vn 0.7769 -0.3409 -0.5294
vn 0.8967 -0.0178 -0.4423
vn 0.5749 -0.0478 -0.8169
vn 0.5379 -0.3712 -0.7569
vn 0.2764 -0.3903 -0.8782
vn 0.3001 -0.0620 -0.9519
vn -0.0000 -0.3998 -0.9166
vn 0.1289 -0.0648 -0.9895
vn 0.0378 0.9960 0.0806
vn -0.0000 0.9968 0.0802
vn -0.0000 0.9971 0.0763
vn 0.0377 0.9962 0.0779
vn 0.1645 0.9832 0.0787
vn 0.0825 0.9932 0.0817
vn 0.0835 0.9930 0.0832
vn 0.1501 0.9850 0.0847
vn -0.0000 -0.9995 -0.0328
vn -0.0238 -0.9992 -0.0328
vn -0.0133 -0.9999 0.0020
vn -0.0000 -1.0000 0.0010
vn 0.0673 -0.9963 0.0539
vn 0.0672 -0.9963 0.0540
vn 0.0865 -0.9960 0.0216
vn 0.0792 -0.9968 -0.0119
vn 0.0792 -0.9968 -0.0120
vn 0.0588 -0.9974 -0.0411
vn 0.0590 -0.9974 -0.0409
vn 0.0311 -0.9979 -0.0576
vn 0.0316 -0.9978 -0.0574
vn -0.0000 -0.9980 -0.0631
vn -0.0514 -0.9982 -0.0316
vn -0.0264 -0.9996 0.0082
vn -0.0700 -0.9970 -0.0342
vn -0.0340 -0.9993 0.0171
vn -0.9926 -0.1214 0.0059
vn -0.9585 -0.1106 0.2626
vn -0.8160 -0.0983 0.5696
vn -0.5698 -0.0845 0.8174
vn -0.2961 -0.0767 0.9521
vn -0.0000 -0.0742 0.9972
vn -0.0771 -0.9945 -0.0704
vn -0.0749 -0.9949 -0.0681
vn -0.0349 -0.9970 -0.0696
vn -0.0355 -0.9967 -0.0734
vn -0.0889 -0.9942 -0.0601
vn -0.0935 -0.9934 -0.0663
vn -0.0000 -0.9976 -0.0696
vn -0.0000 -0.9973 -0.0740
vn 0.9974 0.0719 0.0021
vn 0.9638 0.0594 -0.2600
vn 0.5755 0.0238 -0.8175
vn 0.2996 0.0138 -0.9540
vn 0.9777 -0.2099 0.0049
vn 0.8688 -0.4468 -0.2133
vn 0.7144 -0.5105 -0.4786
vn 0.4894 -0.5482 -0.6782
vn 0.2515 -0.5389 -0.8039
vn -0.0000 -0.5191 -0.8547
vn 0.2984 -0.0563 0.9528
vn 0.2983 -0.0563 0.9528
vn 0.5736 -0.0526 0.8174
vn 0.5737 -0.0526 0.8174
vn 0.7693 -0.0478 0.6371
vn -0.0000 -0.0584 0.9983
vn 0.5629 0.0249 0.8261
vn 0.2937 0.0677 0.9535
vn 0.2645 -0.4603 0.8475
vn 0.4990 -0.4731 0.7261
vn 0.7748 -0.0101 0.6321
vn 0.6736 -0.4586 0.5796
vn 0.0928 0.9924 0.0810
vn 0.0418 0.9953 0.0870
vn 0.0407 0.9954 0.0864
vn 0.0895 0.9927 0.0808
vn -0.0000 0.9961 0.0886
vn -0.0000 0.9961 0.0878
vn -0.4715 0.5342 -0.7016
vn -0.3236 0.8021 -0.5020
vn -0.1717 0.7955 -0.5811
vn -0.2483 0.5293 -0.8113
vn -0.5081 0.8408 0.1868
vn -0.3257 0.9439 0.0543
vn -0.4781 0.6872 -0.5471
vn -0.6171 0.6177 -0.4875
vn 0.2663 0.9616 0.0662
vn 0.2649 0.9619 0.0675
vn 0.1896 0.9792 0.0723
vn 0.1873 0.9797 0.0718
vn 0.9896 -0.0472 0.1361
vn 0.9986 -0.0397 0.0340
vn -0.5749 -0.0478 -0.8169
vn -0.3001 -0.0620 -0.9519
vn -0.2764 -0.3903 -0.8782
vn -0.5379 -0.3712 -0.7569
vn 0.2761 0.9586 0.0703
vn 0.2628 0.9622 0.0712
vn -0.0831 -0.9944 -0.0659
vn -0.0656 -0.9969 -0.0442
vn 0.9291 -0.0324 0.3684
vn -0.0281 -0.9994 0.0211
vn 0.2735 0.9595 0.0673
vn 0.1799 0.9810 0.0730
vn 0.9886 -0.0437 0.1439
vn 0.8734 -0.0148 0.4868
vn 0.9899 0.0097 0.1417
vn 0.7167 -0.0351 -0.6965
vn -0.1884 0.9789 -0.0793
vn -0.1926 0.9746 0.1143
vn 0.8473 0.2676 0.4587
vn 0.7317 0.5771 0.3627
vn 0.9580 0.2586 0.1242
vn 0.8162 0.5703 0.0926
vn 0.8679 0.2321 -0.4392
vn 0.7409 0.5455 -0.3918
vn 0.6986 0.2201 -0.6808
vn 0.5974 0.5371 -0.5954
vn 0.1001 0.3040 0.9474
vn 0.0794 0.5485 0.8324
vn 0.5081 0.8408 0.1868
vn 0.5490 0.8343 0.0497
vn 0.4956 0.8166 -0.2958
vn 0.4224 0.8086 -0.4095
vn 0.0396 0.8102 0.5848
vn 0.3257 0.9439 0.0543
vn 0.3306 0.9436 0.0164
vn 0.2766 0.9360 -0.2175
vn 0.2822 0.9330 -0.2233
vn -0.0134 0.9471 0.3208
vn 0.1822 0.9819 -0.0526
vn 0.1458 0.9893 0.0035
vn 0.0828 0.9776 -0.1933
vn 0.2159 0.9754 -0.0446
vn -0.0999 0.9885 0.1138
vn -0.0578 0.9963 -0.0632
vn -0.0379 0.9952 -0.0900
vn 0.0010 1.0000 0.0060
vn 0.1138 0.1711 0.9787
vn 0.9874 0.0777 0.1381
vn 0.8936 0.0495 -0.4460
vn 0.7199 0.0322 -0.6934
vn 0.1233 0.0838 0.9888
vn 0.1203 -0.4558 0.8819
vn 0.8731 0.0797 0.4811
vn 0.5385 0.2409 0.8074
vn 0.5940 0.0594 0.8023
vn 0.9179 0.2030 -0.3411
vn 0.9507 0.0585 -0.3044
vn 0.8107 0.4412 -0.3849
vn 0.3987 0.5056 0.7651
vn 0.9729 0.2085 0.0999
vn 0.9949 0.0590 0.0818
vn 0.1786 0.1431 -0.9735
vn 0.1964 -0.0021 -0.9805
vn 0.1234 0.4053 -0.9058
vn 0.8801 0.4616 0.1116
vn -0.6192 0.2412 0.7473
vn -0.6448 0.4326 0.6302
vn 0.6171 0.6176 -0.4876
vn 0.1469 0.6951 0.7037
vn -0.0642 0.5934 -0.8023
vn 0.7089 0.6565 0.2578
vn -0.6599 0.6201 0.4243
vn 0.4781 0.6872 -0.5471
vn -0.0364 0.7572 0.6522
vn -0.2383 0.6762 -0.6971
vn 0.5897 0.7224 0.3612
vn -0.6804 0.7018 0.2112
vn 0.3462 0.7552 -0.5566
vn -0.2027 0.7796 0.5926
vn -0.3632 0.7032 -0.6112
vn 0.5186 0.7438 0.4217
vn -0.6903 0.7213 0.0568
vn 0.2603 0.8007 -0.5396
vn -0.3151 0.7772 0.5447
vn -0.4086 0.7074 -0.5768
vn 0.4811 0.7522 0.4502
vn -0.6889 0.7247 -0.0097
vn -0.5794 0.1480 0.8015
vn 0.1149 0.2080 -0.9714
vn 0.0916 0.5255 -0.8458
vn 0.0417 0.7929 -0.6079
vn -0.0193 0.9228 -0.3848
vn -0.1190 0.9706 -0.2094
vn 0.1231 0.0109 -0.9923
vn -0.7988 0.1289 -0.5876
vn -0.7514 0.0043 -0.6598
vn -0.7845 0.3383 -0.5197
vn -0.7954 0.4921 -0.3538
vn -0.8058 0.5540 -0.2091
vn -0.8081 0.5798 -0.1043
vn -0.8018 0.5954 -0.0508
vn -0.0232 -0.9997 0.0037
vn 0.9966 0.0674 0.0471
vn 0.9631 0.0204 0.2683
vn -0.0000 -0.0474 -0.9989
vn -0.5486 0.1089 0.8290
vn 0.9979 0.0641 0.0018
vn 0.0840 0.9932 0.0804
vn 0.0391 0.9956 0.0846
vn -0.0000 0.9963 0.0855
vn 0.7962 -0.0054 -0.6050
vn -0.2226 0.8973 0.3812
vn -0.4523 0.8788 0.1522
vn -0.4209 0.8349 0.3547
vn -0.4640 0.8829 -0.0715
vn -0.1926 0.9435 -0.2697
vn -0.4523 0.8428 -0.2916
vn -0.2226 0.8243 -0.5206
vn -0.4209 0.7669 -0.4844
vn -0.9389 0.0278 0.3431
vn -0.7719 0.5852 0.2486
vn -0.8195 0.5712 -0.0463
vn -1.0000 -0.0000 -0.0000
vn -0.5890 0.5991 0.5424
vn -0.7071 0.0571 0.7048
vn -0.9447 -0.3269 0.0265
vn -0.8849 -0.3064 0.3507
vn -0.6644 -0.2875 0.6899
vn -0.9389 -0.0278 -0.3431
vn -0.8850 -0.3589 -0.2967
vn -0.6644 -0.3948 -0.6346
vn -0.7071 -0.0571 -0.7048
vn -0.7719 0.5376 -0.3395
vn -0.5889 0.5041 -0.6317
vn -0.3442 0.0758 0.9358
vn -0.3247 -0.2612 0.9090
vn -0.2950 0.6237 0.7239
vn -0.2950 0.4991 -0.8148
vn -0.3442 -0.0758 -0.9358
vn -0.3247 -0.4041 -0.8551
vn -0.0779 -0.9955 -0.0532
vn 0.1752 -0.7874 0.5911
vn 0.2599 -0.4583 0.8499
vn -0.1873 0.9797 0.0718
vn -0.1799 0.9810 0.0730
vn -0.0840 0.9932 0.0804
vn -0.0895 0.9927 0.0808
vn 0.3221 -0.8227 -0.4684
vn 0.2331 -0.9211 -0.3120
vn 0.1185 -0.9206 -0.3721
vn 0.1641 -0.8158 -0.5545
vn 0.4550 -0.8297 -0.3234
vn 0.3353 -0.9180 -0.2116
vn 0.7712 -0.2330 -0.5924
vn 0.6691 -0.5313 -0.5197
vn 0.4650 -0.5295 -0.7095
vn 0.5428 -0.2641 -0.7972
vn 0.0749 -0.9949 -0.0681
vn 0.0935 -0.9934 -0.0663
vn -0.3293 0.9362 -0.1226
vn -0.1705 0.9812 -0.0908
vn -0.0827 0.9776 -0.1933
vn -0.2766 0.9360 -0.2175
vn 0.2937 -0.1367 0.9461
vn 0.4998 -0.4677 0.7290
vn 0.3364 -0.7934 0.5074
vn 0.4787 -0.8026 0.3560
vn 0.7134 -0.4831 0.5076
vn 0.2440 -0.8928 0.3786
vn 0.3543 -0.8938 0.2750
vn 0.4251 -0.8927 0.1497
vn 0.5605 -0.8083 0.1804
vn 0.1252 -0.9829 -0.1350
vn 0.0752 -0.9765 -0.2020
vn 0.4128 -0.9074 -0.0785
vn 0.2280 -0.9734 -0.0229
vn 0.2122 -0.9710 -0.1105
vn 0.1190 0.9705 -0.2095
vn -0.0010 1.0000 0.0060
vn 0.8018 0.5954 -0.0508
vn 0.8081 0.5798 -0.1043
vn 0.1259 -0.8910 0.4361
vn -0.1469 0.6951 0.7037
vn 0.0364 0.7572 0.6522
vn -0.3306 0.9436 0.0164
vn -0.5490 0.8343 0.0497
vn 0.2391 -0.9648 0.1098
vn 0.2969 -0.9539 0.0433
vn 0.4444 -0.8950 0.0389
vn 0.7988 0.1289 -0.5876
vn 0.7514 0.0043 -0.6598
vn -0.1231 0.0109 -0.9923
vn -0.1149 0.2079 -0.9714
vn 0.9511 -0.1457 -0.2722
vn 0.9409 -0.2045 -0.2699
vn 0.7837 -0.1828 -0.5936
vn -0.0391 0.9956 0.0846
vn -0.0407 0.9954 0.0864
vn -0.6290 0.5777 0.5203
vn -0.4415 0.8364 0.3249
vn -0.7317 0.5771 0.3627
vn -0.9638 0.0594 -0.2600
vn -0.9658 -0.0087 -0.2591
vn -1.0000 0.0038 0.0031
vn -0.9974 0.0719 0.0021
vn -0.9864 -0.1646 0.0013
vn -0.9777 -0.2099 0.0049
vn -0.9966 0.0674 0.0471
vn -0.9886 -0.0437 0.1439
vn -0.2615 0.3023 0.9167
vn -0.2316 0.5559 0.7983
vn -0.4440 0.5678 0.6932
vn -0.5095 0.2937 0.8088
vn 0.1303 -0.9663 0.2221
vn 0.2250 -0.9546 0.1952
vn -0.1742 0.8132 0.5552
vn -0.3265 0.8216 0.4673
vn -0.8259 0.5635 -0.0208
vn -0.5611 0.8268 -0.0389
vn -0.5418 0.8225 -0.1733
vn -0.7982 0.5559 -0.2323
vn -0.3473 0.9360 -0.0577
vn -0.7328 0.2796 0.6203
vn -0.6986 0.2201 -0.6808
vn -0.7199 0.0322 -0.6934
vn -0.9949 0.0590 0.0818
vn -0.9729 0.2085 0.0998
vn -0.1967 0.9281 -0.3162
vn -0.1045 0.9237 -0.3685
vn -0.2048 0.9461 0.2508
vn -0.0951 0.9914 0.0896
vn -0.1264 0.9896 0.0685
vn -0.2739 0.9474 0.1654
vn -0.1645 0.9832 0.0787
vn -0.1501 0.9850 0.0847
vn -0.0835 0.9930 0.0832
vn -0.0825 0.9932 0.0817
vn -0.8679 0.2321 -0.4392
vn -0.8936 0.0495 -0.4460
vn -0.9354 0.2418 -0.2578
vn -0.1896 0.9792 0.0723
vn -0.0928 0.9924 0.0810
vn -0.1138 0.1711 0.9787
vn -0.1234 0.0838 0.9888
vn 0.5486 0.1089 0.8290
vn 0.5794 0.1480 0.8015
vn -0.2813 0.1594 0.9463
vn -0.1001 0.3040 0.9474
vn 0.2761 -0.2904 -0.9162
vn 0.2850 -0.2564 -0.9236
vn 0.5565 -0.2226 -0.8005
vn 0.8213 -0.5240 -0.2257
vn -0.1086 0.9457 0.3063
vn -0.0510 0.9923 0.1126
vn 0.8093 -0.1592 0.5655
vn 0.8345 -0.4947 0.2426
vn 0.9496 -0.1718 0.2621
vn -0.9678 0.2518 -0.0048
vn 0.5651 -0.1449 0.8122
vn -0.0379 0.9960 0.0806
vn -0.0377 0.9962 0.0779
vn -0.5897 0.7224 0.3611
vn -0.5186 0.7438 0.4217
vn -0.2159 0.9754 -0.0446
vn -0.2822 0.9330 -0.2233
vn 0.2339 -0.5276 -0.8167
vn -0.4224 0.8086 -0.4096
vn 0.5494 -0.8260 -0.1260
vn 0.5816 -0.8128 0.0332
vn 0.8634 -0.5043 0.0183
vn 0.6804 0.7018 0.2112
vn 0.6903 0.7213 0.0568
vn 0.0999 0.9885 0.1138
vn 0.0134 0.9470 0.3208
vn -0.9899 0.0096 0.1417
vn -0.9874 0.0777 0.1381
vn -0.0794 0.5485 0.8324
vn -0.0396 0.8102 0.5848
vn 0.0771 -0.9945 -0.0704
vn 0.0355 -0.9967 -0.0734
vn 0.0350 -0.9970 -0.0696
vn -0.1289 -0.0648 -0.9895
vn -0.2996 0.0139 -0.9540
vn -0.1786 0.1431 -0.9735
vn -0.1964 -0.0021 -0.9805
vn 0.0578 0.9963 -0.0632
vn 0.5697 -0.0845 0.8175
vn 0.2961 -0.0767 0.9521
vn -0.8967 -0.0162 -0.4424
vn -0.7769 -0.3409 -0.5294
vn -0.9236 -0.3016 -0.2364
vn -0.1822 0.9818 -0.0526
vn -0.3462 0.7552 -0.5566
vn -0.2983 -0.0563 0.9528
vn -0.2983 -0.0562 0.9528
vn -0.2906 0.2130 -0.9328
vn -0.0916 0.5255 -0.8458
vn -0.2735 0.9595 0.0673
vn -0.2662 0.9616 0.0663
vn 0.0889 -0.9942 -0.0601
vn -0.3987 0.5056 0.7651
vn -0.8162 0.5703 0.0926
vn -0.5737 -0.0526 0.8174
vn -0.7693 -0.0478 0.6371
vn -0.5736 -0.0526 0.8174
vn -0.5974 0.5371 -0.5954
vn 0.2026 0.7796 0.5926
vn 0.3151 0.7772 0.5447
vn 0.0379 0.9952 -0.0900
vn -0.1458 0.9893 0.0035
vn 0.6889 0.7247 -0.0097
vn -0.4956 0.8166 -0.2958
vn 0.3632 0.7032 -0.6112
vn 0.2379 0.6761 -0.6973
vn -0.2937 0.0677 0.9535
vn -0.1879 0.9782 -0.0883
vn -0.8473 0.2675 0.4588
vn -0.8731 0.0797 0.4811
vn -0.7669 0.0929 0.6350
vn -0.7167 -0.0351 -0.6965
vn -0.7962 -0.0054 -0.6050
vn -0.0000 -0.9990 0.0449
vn 0.0642 0.5934 -0.8023
vn 0.6599 0.6201 0.4243
vn -0.1093 0.9792 -0.1707
vn -0.6736 -0.4586 0.5796
vn -0.7748 -0.0101 0.6321
vn -0.8734 -0.0149 0.4868
vn -0.0555 0.9771 -0.2052
vn 0.0193 0.9228 -0.3848
vn 0.0784 -0.9552 0.2853
vn -0.8801 0.4615 0.1117
vn -0.7089 0.6565 0.2578
vn -0.2761 0.9586 0.0703
vn -0.2628 0.9622 0.0712
vn -0.2603 0.8007 -0.5396
vn 0.4086 0.7074 -0.5768
vn -0.9580 0.2586 0.1242
vn -0.2515 -0.5389 -0.8039
vn -0.5755 0.0238 -0.8175
vn 0.9585 -0.1105 0.2626
vn 0.8160 -0.0983 0.5696
vn -0.0673 -0.9963 0.0539
vn -0.0865 -0.9960 0.0216
vn -0.0672 -0.9963 0.0540
vn -0.0417 0.7929 -0.6079
vn 0.8058 0.5540 -0.2091
vn 0.7954 0.4921 -0.3538
vn 0.0232 -0.9997 0.0037
vn 0.6192 0.2412 0.7473
vn 0.6448 0.4325 0.6303
vn -0.5446 0.1262 0.8291
vn -0.7409 0.5455 -0.3918
vn -0.4811 0.7522 0.4502
vn -0.9179 0.2030 -0.3410
vn -0.9507 0.0586 -0.3045
vn -0.0418 0.9953 0.0870
vn 0.0281 -0.9994 0.0211
vn 0.0656 -0.9969 -0.0442
vn -0.5566 0.2184 -0.8016
vn 0.9831 -0.1829 0.0072
vn 0.9926 -0.1214 0.0059
vn 0.0238 -0.9992 -0.0328
vn -0.9631 0.0204 0.2683
vn -0.7144 -0.5104 -0.4786
vn -0.8688 -0.4468 -0.2133
vn -0.8107 0.4412 -0.3849
vn 0.7845 0.3383 -0.5197
vn -0.5940 0.0594 0.8023
vn -0.1234 0.4053 -0.9058
vn -0.2645 -0.4603 0.8475
vn -0.1203 -0.4558 0.8819
vn -0.4990 -0.4731 0.7261
vn -0.5630 0.0249 0.8261
vn -0.0792 -0.9968 -0.0119
vn -0.0793 -0.9968 -0.0118
vn -0.4894 -0.5482 -0.6782
vn -0.5385 0.2409 0.8074
vn 0.0133 -0.9999 0.0020
vn -0.9979 0.0641 0.0018
vn -0.9979 0.0640 0.0018
vn -0.2649 0.9619 0.0675
vn -0.9291 -0.0324 0.3684
vn -0.9896 -0.0472 0.1361
vn 0.0834 -0.9943 -0.0657
vn 0.0779 -0.9955 -0.0532
vn -0.0587 -0.9974 -0.0412
vn -0.0588 -0.9974 -0.0411
vn -0.0316 -0.9978 -0.0574
vn -0.0314 -0.9979 -0.0575
vn -0.9986 -0.0397 0.0341
vn -0.9986 -0.0397 0.0340
vn -0.0000 0.7041 -0.7101
vn -0.0000 0.8286 -0.5598
vn 0.1092 0.8286 -0.5490
vn 0.1385 0.7041 -0.6965
vn -0.0000 -0.7041 -0.7101
vn -0.0000 -0.5528 -0.8333
vn 0.1626 -0.5528 -0.8173
vn 0.1385 -0.7041 -0.6965
vn -0.0000 0.5528 -0.8333
vn 0.1626 0.5528 -0.8173
vn -0.0000 -0.8286 -0.5598
vn 0.1092 -0.8286 -0.5490
vn -0.0000 0.3805 -0.9248
vn 0.1804 0.3805 -0.9070
vn -0.0000 -0.9217 -0.3879
vn 0.0757 -0.9217 -0.3804
vn -0.0000 0.1939 -0.9810
vn 0.1914 0.1939 -0.9622
vn -0.0000 -0.9796 -0.2010
vn 0.0392 -0.9796 -0.1971
vn -0.0000 -0.0000 -1.0000
vn 0.1951 -0.0000 -0.9808
vn -0.0000 0.9796 -0.2010
vn -0.0000 1.0000 -0.0000
vn 0.0392 0.9796 -0.1971
vn -0.0000 -1.0000 -0.0000
vn -0.0000 -0.1939 -0.9810
vn 0.1914 -0.1939 -0.9622
vn -0.0000 0.9217 -0.3879
vn 0.0757 0.9217 -0.3804
vn -0.0000 -0.3805 -0.9248
vn 0.1804 -0.3805 -0.9070
vn 0.3754 -0.1939 -0.9063
vn 0.3539 -0.3805 -0.8544
vn 0.1484 0.9217 -0.3584
vn 0.2142 0.8286 -0.5172
vn 0.3189 -0.5528 -0.7699
vn 0.2718 0.7041 -0.6561
vn 0.2718 -0.7041 -0.6561
vn 0.3189 0.5528 -0.7699
vn 0.2142 -0.8286 -0.5172
vn 0.3539 0.3805 -0.8544
vn 0.1484 -0.9217 -0.3584
vn 0.3754 0.1939 -0.9063
vn 0.0769 -0.9796 -0.1857
vn 0.3827 -0.0000 -0.9239
vn 0.0769 0.9796 -0.1857
vn 0.3110 -0.8286 -0.4654
vn 0.2155 -0.9217 -0.3225
vn 0.5138 0.3805 -0.7689
vn 0.5450 0.1939 -0.8157
vn 0.1117 -0.9796 -0.1671
vn 0.5556 -0.0000 -0.8315
vn 0.1117 0.9796 -0.1671
vn 0.5450 -0.1939 -0.8157
vn 0.2155 0.9217 -0.3225
vn 0.5138 -0.3805 -0.7689
vn 0.3110 0.8286 -0.4654
vn 0.4630 -0.5528 -0.6929
vn 0.3945 0.7041 -0.5905
vn 0.3945 -0.7041 -0.5905
vn 0.4630 0.5528 -0.6929
vn 0.6539 -0.3805 -0.6539
vn 0.5893 -0.5528 -0.5893
vn 0.3958 0.8286 -0.3958
vn 0.5021 0.7041 -0.5021
vn 0.5021 -0.7041 -0.5021
vn 0.5893 0.5528 -0.5893
vn 0.3958 -0.8286 -0.3958
vn 0.6539 0.3805 -0.6539
vn 0.2743 -0.9217 -0.2743
vn 0.6937 0.1939 -0.6937
vn 0.1421 -0.9796 -0.1421
vn 0.7071 -0.0000 -0.7071
vn 0.1421 0.9796 -0.1421
vn 0.6937 -0.1939 -0.6937
vn 0.2743 0.9217 -0.2743
vn 0.3225 -0.9217 -0.2155
vn 0.1671 -0.9796 -0.1117
vn 0.8157 0.1939 -0.5450
vn 0.8315 -0.0000 -0.5556
vn 0.1671 0.9796 -0.1117
vn 0.8157 -0.1939 -0.5450
vn 0.3225 0.9217 -0.2155
vn 0.7689 -0.3805 -0.5138
vn 0.4654 0.8286 -0.3110
vn 0.6929 -0.5528 -0.4630
vn 0.5905 0.7041 -0.3945
vn 0.5905 -0.7041 -0.3945
vn 0.6929 0.5528 -0.4630
vn 0.4654 -0.8286 -0.3110
vn 0.7689 0.3805 -0.5138
vn 0.5172 0.8286 -0.2142
vn 0.6561 0.7041 -0.2718
vn 0.7699 -0.5528 -0.3189
vn 0.6561 -0.7041 -0.2718
vn 0.7699 0.5528 -0.3189
vn 0.5172 -0.8286 -0.2142
vn 0.8544 0.3805 -0.3539
vn 0.3584 -0.9217 -0.1484
vn 0.9063 0.1939 -0.3754
vn 0.1857 -0.9796 -0.0769
vn 0.9239 -0.0000 -0.3827
vn 0.1857 0.9796 -0.0769
vn 0.9063 -0.1939 -0.3754
vn 0.3584 0.9217 -0.1484
vn 0.8544 -0.3805 -0.3539
vn 0.9622 0.1939 -0.1914
vn 0.9808 -0.0000 -0.1951
vn 0.1971 0.9796 -0.0392
vn 0.1971 -0.9796 -0.0392
vn 0.9622 -0.1939 -0.1914
vn 0.3804 0.9217 -0.0757
vn 0.9070 -0.3805 -0.1804
vn 0.5490 0.8286 -0.1092
vn 0.8173 -0.5528 -0.1626
vn 0.6965 0.7041 -0.1385
vn 0.6965 -0.7041 -0.1385
vn 0.8173 0.5528 -0.1626
vn 0.5490 -0.8286 -0.1092
vn 0.9070 0.3805 -0.1804
vn 0.3804 -0.9217 -0.0757
vn 0.8333 -0.5528 -0.0000
vn 0.7101 -0.7041 -0.0000
vn 0.7101 0.7041 -0.0000
vn 0.8333 0.5528 -0.0000
vn 0.5598 -0.8286 -0.0000
vn 0.9248 0.3805 -0.0000
vn 0.3879 -0.9217 -0.0000
vn 0.9810 0.1939 -0.0000
vn 0.2010 -0.9796 -0.0000
vn 0.2010 0.9796 -0.0000
vn 0.9810 -0.1939 -0.0000
vn 0.3879 0.9217 -0.0000
vn 0.9248 -0.3805 -0.0000
vn 0.5598 0.8286 -0.0000
vn 0.1971 0.9796 0.0392
vn 0.1971 -0.9796 0.0392
vn 0.9808 -0.0000 0.1951
vn 0.9622 -0.1939 0.1914
vn 0.3804 0.9217 0.0757
vn 0.9070 -0.3805 0.1804
vn 0.5490 0.8286 0.1092
vn 0.8173 -0.5528 0.1626
vn 0.6965 0.7041 0.1385
vn 0.6965 -0.7041 0.1385
vn 0.8173 0.5528 0.1626
vn 0.5490 -0.8286 0.1092
vn 0.9070 0.3805 0.1804
vn 0.3804 -0.9217 0.0757
vn 0.9622 0.1939 0.1914
vn 0.6561 0.7041 0.2718
vn 0.7699 0.5528 0.3189
vn 0.6561 -0.7041 0.2718
vn 0.5172 -0.8286 0.2142
vn 0.8544 0.3805 0.3539
vn 0.3584 -0.9217 0.1484
vn 0.9063 0.1939 0.3754
vn 0.1857 -0.9796 0.0769
vn 0.9239 -0.0000 0.3827
vn 0.1857 0.9796 0.0769
vn 0.9063 -0.1939 0.3754
vn 0.3584 0.9217 0.1484
vn 0.8544 -0.3805 0.3539
vn 0.5172 0.8286 0.2142
vn 0.7699 -0.5528 0.3189
vn 0.8315 -0.0000 0.5556
vn 0.8157 -0.1939 0.5450
vn 0.1671 0.9796 0.1117
vn 0.3225 0.9217 0.2155
vn 0.7689 -0.3805 0.5138
vn 0.4654 0.8286 0.3110
vn 0.6929 -0.5528 0.4630
vn 0.5905 0.7041 0.3945
vn 0.5905 -0.7041 0.3945
vn 0.6929 0.5528 0.4630
vn 0.4654 -0.8286 0.3110
vn 0.7689 0.3805 0.5138
vn 0.3225 -0.9217 0.2155
vn 0.8157 0.1939 0.5450
vn 0.1671 -0.9796 0.1117
vn 0.5021 -0.7041 0.5021
vn 0.3958 -0.8286 0.3958
vn 0.5893 0.5528 0.5893
vn 0.6539 0.3805 0.6539
vn 0.2743 -0.9217 0.2743
vn 0.6937 0.1939 0.6937
vn 0.1421 -0.9796 0.1421
vn 0.7071 -0.0000 0.7071
vn 0.1421 0.9796 0.1421
vn 0.6937 -0.1939 0.6937
vn 0.2743 0.9217 0.2743
vn 0.6539 -0.3805 0.6539
vn 0.3958 0.8286 0.3958
vn 0.5893 -0.5528 0.5893
vn 0.5021 0.7041 0.5021
vn 0.5450 -0.1939 0.8157
vn 0.5138 -0.3805 0.7689
vn 0.2155 0.9217 0.3225
vn 0.3110 0.8286 0.4654
vn 0.4630 -0.5528 0.6929
vn 0.3945 0.7041 0.5905
vn 0.3945 -0.7041 0.5905
vn 0.4630 0.5528 0.6929
vn 0.3110 -0.8286 0.4654
vn 0.5138 0.3805 0.7689
vn 0.2155 -0.9217 0.3225
vn 0.5450 0.1939 0.8157
vn 0.1117 -0.9796 0.1671
vn 0.5556 -0.0000 0.8315
vn 0.1117 0.9796 0.1671
vn 0.2142 -0.8286 0.5172
vn 0.1484 -0.9217 0.3584
vn 0.3539 0.3805 0.8544
vn 0.3754 0.1939 0.9063
vn 0.0769 -0.9796 0.1857
vn 0.3827 -0.0000 0.9239
vn 0.0769 0.9796 0.1857
vn 0.3754 -0.1939 0.9063
vn 0.1484 0.9217 0.3584
vn 0.3539 -0.3805 0.8544
vn 0.2142 0.8286 0.5172
vn 0.3189 -0.5528 0.7699
vn 0.2718 0.7041 0.6561
vn 0.2718 -0.7041 0.6561
vn 0.3189 0.5528 0.7699
vn 0.0757 0.9217 0.3804
vn 0.1092 0.8286 0.5490
vn 0.1804 -0.3805 0.9070
vn 0.1626 -0.5528 0.8173
vn 0.1385 0.7041 0.6965
vn 0.1385 -0.7041 0.6965
vn 0.1626 0.5528 0.8173
vn 0.1092 -0.8286 0.5490
vn 0.1804 0.3805 0.9070
vn 0.0757 -0.9217 0.3804
vn 0.1914 0.1939 0.9622
vn 0.0392 -0.9796 0.1971
vn 0.1951 -0.0000 0.9808
vn 0.0392 0.9796 0.1971
vn 0.1914 -0.1939 0.9622
vn -0.0000 0.3805 0.9248
vn -0.0000 0.1939 0.9810
vn -0.0000 -0.9217 0.3879
vn -0.0000 -0.9796 0.2010
vn -0.0000 -0.0000 1.0000
vn -0.0000 0.9796 0.2010
vn -0.0000 -0.1939 0.9810
vn -0.0000 0.9217 0.3879
vn -0.0000 -0.3805 0.9248
vn -0.0000 0.8286 0.5598
vn -0.0000 -0.5528 0.8333
vn -0.0000 0.7041 0.7101
vn -0.0000 -0.7041 0.7101
vn -0.0000 0.5528 0.8333
vn -0.0000 -0.8286 0.5598
vn -0.1804 -0.3805 0.9070
vn -0.1626 -0.5528 0.8173
vn -0.1092 0.8286 0.5490
vn -0.1385 0.7041 0.6965
vn -0.1385 -0.7041 0.6965
vn -0.1626 0.5528 0.8173
vn -0.1092 -0.8286 0.5490
vn -0.1804 0.3805 0.9070
vn -0.0757 -0.9217 0.3804
vn -0.1914 0.1939 0.9622
vn -0.0392 -0.9796 0.1971
vn -0.1951 -0.0000 0.9808
vn -0.0392 0.9796 0.1971
vn -0.1914 -0.1939 0.9622
vn -0.0757 0.9217 0.3804
vn -0.1484 -0.9217 0.3584
vn -0.0769 -0.9796 0.1857
vn -0.3754 0.1939 0.9063
vn -0.3827 -0.0000 0.9239
vn -0.0769 0.9796 0.1857
vn -0.3754 -0.1939 0.9063
vn -0.1484 0.9217 0.3584
vn -0.3539 -0.3805 0.8544
vn -0.2142 0.8286 0.5172
vn -0.3189 -0.5528 0.7699
vn -0.2718 0.7041 0.6561
vn -0.2718 -0.7041 0.6561
vn -0.3189 0.5528 0.7699
vn -0.2142 -0.8286 0.5172
vn -0.3539 0.3805 0.8544
vn -0.3110 0.8286 0.4654
vn -0.3945 0.7041 0.5905
vn -0.4630 -0.5528 0.6929
vn -0.3945 -0.7041 0.5905
vn -0.4630 0.5528 0.6929
vn -0.3110 -0.8286 0.4654
vn -0.5138 0.3805 0.7689
vn -0.2155 -0.9217 0.3225
vn -0.5450 0.1939 0.8157
vn -0.1117 -0.9796 0.1671
vn -0.5556 -0.0000 0.8315
vn -0.1117 0.9796 0.1671
vn -0.5450 -0.1939 0.8157
vn -0.2155 0.9217 0.3225
vn -0.5138 -0.3805 0.7689
vn -0.6937 0.1939 0.6937
vn -0.7071 -0.0000 0.7071
vn -0.1421 0.9796 0.1421
vn -0.1421 -0.9796 0.1421
vn -0.6937 -0.1939 0.6937
vn -0.2743 0.9217 0.2743
vn -0.6539 -0.3805 0.6539
vn -0.3958 0.8286 0.3958
vn -0.5893 -0.5528 0.5893
vn -0.5021 0.7041 0.5021
vn -0.5021 -0.7041 0.5021
vn -0.5893 0.5528 0.5893
vn -0.3958 -0.8286 0.3958
vn -0.6539 0.3805 0.6539
vn -0.2743 -0.9217 0.2743
vn -0.6929 -0.5528 0.4630
vn -0.5905 -0.7041 0.3945
vn -0.5905 0.7041 0.3945
vn -0.6929 0.5528 0.4630
vn -0.4654 -0.8286 0.3110
vn -0.7689 0.3805 0.5138
vn -0.3225 -0.9217 0.2155
vn -0.8157 0.1939 0.5450
vn -0.1671 -0.9796 0.1117
vn -0.8315 -0.0000 0.5556
vn -0.1671 0.9796 0.1117
vn -0.8157 -0.1939 0.5450
vn -0.3225 0.9217 0.2155
vn -0.7689 -0.3805 0.5138
vn -0.4654 0.8286 0.3110
vn -0.1857 -0.9796 0.0769
vn -0.9239 -0.0000 0.3827
vn -0.9063 -0.1939 0.3754
vn -0.1857 0.9796 0.0769
vn -0.3584 0.9217 0.1484
vn -0.8544 -0.3805 0.3539
vn -0.5172 0.8286 0.2142
vn -0.7699 -0.5528 0.3189
vn -0.6561 0.7041 0.2718
vn -0.6561 -0.7041 0.2718
vn -0.7699 0.5528 0.3189
vn -0.5172 -0.8286 0.2142
vn -0.8544 0.3805 0.3539
vn -0.3584 -0.9217 0.1484
vn -0.9063 0.1939 0.3754
vn -0.6965 -0.7041 0.1385
vn -0.5490 -0.8286 0.1092
vn -0.8173 0.5528 0.1626
vn -0.9070 0.3805 0.1804
vn -0.3804 -0.9217 0.0757
vn -0.9622 0.1939 0.1914
vn -0.1971 -0.9796 0.0392
vn -0.9808 -0.0000 0.1951
vn -0.1971 0.9796 0.0392
vn -0.9622 -0.1939 0.1914
vn -0.3804 0.9217 0.0757
vn -0.9070 -0.3805 0.1804
vn -0.5490 0.8286 0.1092
vn -0.8173 -0.5528 0.1626
vn -0.6965 0.7041 0.1385
vn -0.2010 0.9796 -0.0000
vn -0.3879 0.9217 -0.0000
vn -0.9810 -0.1939 -0.0000
vn -0.9248 -0.3805 -0.0000
vn -0.5598 0.8286 -0.0000
vn -0.8333 -0.5528 -0.0000
vn -0.7101 0.7041 -0.0000
vn -0.7101 -0.7041 -0.0000
vn -0.8333 0.5528 -0.0000
vn -0.5598 -0.8286 -0.0000
vn -0.9248 0.3805 -0.0000
vn -0.3879 -0.9217 -0.0000
vn -0.9810 0.1939 -0.0000
vn -0.2010 -0.9796 -0.0000
vn -0.8173 0.5528 -0.1626
vn -0.9070 0.3805 -0.1804
vn -0.5490 -0.8286 -0.1092
vn -0.3804 -0.9217 -0.0757
vn -0.9622 0.1939 -0.1914
vn -0.1971 -0.9796 -0.0392
vn -0.9808 -0.0000 -0.1951
vn -0.1971 0.9796 -0.0392
vn -0.9622 -0.1939 -0.1914
vn -0.3804 0.9217 -0.0757
vn -0.9070 -0.3805 -0.1804
vn -0.5490 0.8286 -0.1092
vn -0.8173 -0.5528 -0.1626
vn -0.6965 0.7041 -0.1385
vn -0.6965 -0.7041 -0.1385
vn -0.9063 -0.1939 -0.3754
vn -0.8544 -0.3805 -0.3539
vn -0.3584 0.9217 -0.1484
vn -0.5172 0.8286 -0.2142
vn -0.7699 -0.5528 -0.3189
vn -0.6561 0.7041 -0.2718
vn -0.6561 -0.7041 -0.2718
vn -0.7699 0.5528 -0.3189
vn -0.5172 -0.8286 -0.2142
vn -0.8544 0.3805 -0.3539
vn -0.3584 -0.9217 -0.1484
vn -0.9063 0.1939 -0.3754
vn -0.1857 -0.9796 -0.0769
vn -0.9239 -0.0000 -0.3827
vn -0.1857 0.9796 -0.0769
vn -0.4654 -0.8286 -0.3110
vn -0.3225 -0.9217 -0.2155
vn -0.7689 0.3805 -0.5138
vn -0.8157 0.1939 -0.5450
vn -0.1671 -0.9796 -0.1117
vn -0.8315 -0.0000 -0.5556
vn -0.1671 0.9796 -0.1117
vn -0.8157 -0.1939 -0.5450
vn -0.3225 0.9217 -0.2155
vn -0.7689 -0.3805 -0.5138
vn -0.4654 0.8286 -0.3110
vn -0.6929 -0.5528 -0.4630
vn -0.5905 0.7041 -0.3945
vn -0.5905 -0.7041 -0.3945
vn -0.6929 0.5528 -0.4630
vn -0.2743 0.9217 -0.2743
vn -0.3958 0.8286 -0.3958
vn -0.6539 -0.3805 -0.6539
vn -0.5893 -0.5528 -0.5893
vn -0.5021 0.7041 -0.5021
vn -0.5021 -0.7041 -0.5021
vn -0.5893 0.5528 -0.5893
vn -0.3958 -0.8286 -0.3958
vn -0.6539 0.3805 -0.6539
vn -0.2743 -0.9217 -0.2743
vn -0.6937 0.1939 -0.6937
vn -0.1421 -0.9796 -0.1421
vn -0.7071 -0.0000 -0.7071
vn -0.1421 0.9796 -0.1421
vn -0.6937 -0.1939 -0.6937
vn -0.5138 0.3805 -0.7689
vn -0.5450 0.1939 -0.8157
vn -0.2155 -0.9217 -0.3225
vn -0.1117 -0.9796 -0.1671
vn -0.5556 -0.0000 -0.8315
vn -0.1117 0.9796 -0.1671
vn -0.5450 -0.1939 -0.8157
vn -0.2155 0.9217 -0.3225
vn -0.5138 -0.3805 -0.7689
vn -0.3110 0.8286 -0.4654
vn -0.4630 -0.5528 -0.6929
vn -0.3945 0.7041 -0.5905
vn -0.3945 -0.7041 -0.5905
vn -0.4630 0.5528 -0.6929
vn -0.3110 -0.8286 -0.4654
vn -0.3539 -0.3805 -0.8544
vn -0.3189 -0.5528 -0.7699
vn -0.2142 0.8286 -0.5172
vn -0.2718 0.7041 -0.6561
vn -0.2718 -0.7041 -0.6561
vn -0.3189 0.5528 -0.7699
vn -0.2142 -0.8286 -0.5172
vn -0.3539 0.3805 -0.8544
vn -0.1484 -0.9217 -0.3584
vn -0.3754 0.1939 -0.9063
vn -0.0769 -0.9796 -0.1857
vn -0.3827 -0.0000 -0.9239
vn -0.0769 0.9796 -0.1857
vn -0.3754 -0.1939 -0.9063
vn -0.1484 0.9217 -0.3584
vn -0.0757 -0.9217 -0.3804
vn -0.0392 -0.9796 -0.1971
vn -0.1914 0.1939 -0.9622
vn -0.1951 -0.0000 -0.9808
vn -0.0392 0.9796 -0.1971
vn -0.1914 -0.1939 -0.9622
vn -0.0757 0.9217 -0.3804
vn -0.1804 -0.3805 -0.9070
vn -0.1092 0.8286 -0.5490
vn -0.1626 -0.5528 -0.8173
vn -0.1385 0.7041 -0.6965
vn -0.1385 -0.7041 -0.6965
vn -0.1626 0.5528 -0.8173
vn -0.1092 -0.8286 -0.5490
vn -0.1804 0.3805 -0.9070
vt 0.217304 0.968380
vt 0.217291 0.968374
vt 0.217289 0.968360
vt 0.217305 0.968364
vt 0.217290 0.968342
vt 0.217307 0.968345
vt 0.217326 0.968348
vt 0.217323 0.968368
vt 0.217320 0.968385
vt 0.217295 0.968326
vt 0.217301 0.968314
vt 0.217315 0.968311
vt 0.217311 0.968327
vt 0.217332 0.968312
vt 0.217329 0.968329
vt 0.217283 0.968380
vt 0.217276 0.968361
vt 0.217274 0.968386
vt 0.217264 0.968364
vt 0.217263 0.968338
vt 0.217276 0.968340
vt 0.217248 0.968336
vt 0.217248 0.968367
vt 0.217260 0.968396
vt 0.217278 0.968282
vt 0.217288 0.968296
vt 0.217272 0.968314
vt 0.217258 0.968306
vt 0.217295 0.968305
vt 0.217282 0.968321
vt 0.217292 0.968403
vt 0.217284 0.968417
vt 0.217316 0.968412
vt 0.217314 0.968427
vt 0.217299 0.968392
vt 0.217318 0.968399
vt 0.217314 0.968298
vt 0.217311 0.968286
vt 0.217337 0.968285
vt 0.217334 0.968298
vt 0.217339 0.968270
vt 0.217308 0.968270
vt 0.220180 0.966733
vt 0.220151 0.966874
vt 0.220041 0.966834
vt 0.220063 0.966729
vt 0.220168 0.966593
vt 0.220053 0.966627
vt 0.220111 0.966473
vt 0.220012 0.966539
vt 0.219929 0.966447
vt 0.220005 0.966355
vt 0.219857 0.966269
vt 0.219814 0.966382
vt 0.219694 0.966239
vt 0.219691 0.966359
vt 0.219551 0.966262
vt 0.219584 0.966377
vt 0.219419 0.966328
vt 0.219487 0.966427
vt 0.219310 0.966430
vt 0.219410 0.966504
vt 0.220079 0.967001
vt 0.219988 0.966933
vt 0.219959 0.966810
vt 0.219975 0.966733
vt 0.219967 0.966656
vt 0.219934 0.966586
vt 0.219871 0.966519
vt 0.219784 0.966469
vt 0.219691 0.966450
vt 0.219611 0.966464
vt 0.219539 0.966501
vt 0.219483 0.966558
vt 0.219920 0.966882
vt 0.219875 0.966784
vt 0.219886 0.966734
vt 0.219880 0.966683
vt 0.219855 0.966635
vt 0.219812 0.966590
vt 0.219753 0.966556
vt 0.219692 0.966543
vt 0.219640 0.966551
vt 0.219593 0.966575
vt 0.219556 0.966613
vt 0.219850 0.966831
vt 0.219788 0.966750
vt 0.219792 0.966722
vt 0.219788 0.966695
vt 0.219775 0.966670
vt 0.219756 0.966650
vt 0.219731 0.966637
vt 0.219704 0.966633
vt 0.219677 0.966638
vt 0.219652 0.966650
vt 0.219633 0.966670
vt 0.219775 0.966775
vt 0.220386 0.966959
vt 0.220286 0.967154
vt 0.220424 0.966745
vt 0.219188 0.968015
vt 0.219193 0.968259
vt 0.218983 0.968064
vt 0.218983 0.967894
vt 0.220311 0.966337
vt 0.220393 0.966530
vt 0.218100 0.966267
vt 0.218337 0.966292
vt 0.218285 0.966522
vt 0.218073 0.966488
vt 0.218580 0.966338
vt 0.218501 0.966583
vt 0.218408 0.968506
vt 0.218418 0.968813
vt 0.218174 0.968797
vt 0.218161 0.968532
vt 0.220317 0.968614
vt 0.220320 0.968870
vt 0.220078 0.968853
vt 0.220074 0.968630
vt 0.218209 0.966738
vt 0.218037 0.966694
vt 0.218377 0.966807
vt 0.217937 0.968785
vt 0.217924 0.968568
vt 0.219844 0.968842
vt 0.219839 0.968666
vt 0.218106 0.966959
vt 0.217996 0.966919
vt 0.218202 0.967031
vt 0.217680 0.968756
vt 0.217671 0.968617
vt 0.219592 0.968824
vt 0.219587 0.968714
vt 0.217979 0.967194
vt 0.217934 0.967169
vt 0.218019 0.967238
vt 0.217472 0.968722
vt 0.217469 0.968664
vt 0.219362 0.968800
vt 0.219360 0.968755
vt 0.218117 0.966034
vt 0.218377 0.966051
vt 0.218638 0.966078
vt 0.218941 0.968490
vt 0.218964 0.968490
vt 0.218964 0.968835
vt 0.218939 0.968834
vt 0.218961 0.969164
vt 0.218933 0.969154
vt 0.220843 0.968584
vt 0.220869 0.968584
vt 0.220870 0.968879
vt 0.220844 0.968879
vt 0.220866 0.969180
vt 0.220839 0.969170
vt 0.217574 0.967965
vt 0.217861 0.968007
vt 0.217861 0.968235
vt 0.217573 0.968191
vt 0.217110 0.967710
vt 0.217316 0.967850
vt 0.217314 0.968064
vt 0.217108 0.967867
vt 0.219738 0.968161
vt 0.220025 0.968109
vt 0.220031 0.968367
vt 0.219744 0.968418
vt 0.220593 0.966739
vt 0.220558 0.966740
vt 0.220518 0.966424
vt 0.220549 0.966414
vt 0.220386 0.966157
vt 0.220413 0.966139
vt 0.220192 0.965979
vt 0.220208 0.965954
vt 0.219950 0.965867
vt 0.219959 0.965839
vt 0.219683 0.965833
vt 0.219682 0.965804
vt 0.220281 0.967989
vt 0.220287 0.968233
vt 0.220479 0.967859
vt 0.220488 0.968028
vt 0.220147 0.966161
vt 0.219920 0.966038
vt 0.219682 0.966002
vt 0.219470 0.966039
vt 0.219278 0.966139
vt 0.219126 0.966294
vt 0.220237 0.967461
vt 0.220263 0.967717
vt 0.220012 0.967844
vt 0.219996 0.967592
vt 0.220425 0.967264
vt 0.220457 0.967594
vt 0.219732 0.967898
vt 0.219726 0.967641
vt 0.218678 0.968492
vt 0.218680 0.968824
vt 0.220581 0.968595
vt 0.220582 0.968873
vt 0.218993 0.968491
vt 0.218993 0.968836
vt 0.218993 0.969160
vt 0.220868 0.968283
vt 0.220899 0.968284
vt 0.220899 0.968584
vt 0.220899 0.968878
vt 0.220899 0.969178
vt 0.218930 0.969928
vt 0.218930 0.969896
vt 0.219216 0.969896
vt 0.219216 0.969928
vt 0.219500 0.969896
vt 0.219500 0.969928
vt 0.218642 0.969928
vt 0.218642 0.969896
vt 0.218395 0.965821
vt 0.218123 0.965816
vt 0.218129 0.965804
vt 0.218404 0.965804
vt 0.218674 0.965829
vt 0.218678 0.965804
vt 0.217330 0.967281
vt 0.217580 0.967406
vt 0.217578 0.967558
vt 0.217325 0.967439
vt 0.217861 0.967448
vt 0.217861 0.967597
vt 0.219860 0.969305
vt 0.220096 0.969341
vt 0.220091 0.969517
vt 0.219857 0.969528
vt 0.217209 0.966915
vt 0.217452 0.967143
vt 0.217441 0.967154
vt 0.217198 0.966923
vt 0.216981 0.967087
vt 0.216988 0.966870
vt 0.217131 0.967090
vt 0.217125 0.967266
vt 0.219776 0.969928
vt 0.219776 0.969896
vt 0.220017 0.969896
vt 0.220017 0.969928
vt 0.219092 0.969259
vt 0.219091 0.969554
vt 0.219064 0.969554
vt 0.219065 0.969259
vt 0.217001 0.967609
vt 0.217036 0.967736
vt 0.220593 0.967527
vt 0.220583 0.967770
vt 0.219647 0.969896
vt 0.219647 0.969928
vt 0.220554 0.967895
vt 0.216981 0.967367
vt 0.217117 0.967485
vt 0.218943 0.965804
vt 0.218934 0.965828
vt 0.218929 0.968176
vt 0.218948 0.968171
vt 0.220839 0.968294
vt 0.217346 0.968351
vt 0.217341 0.968369
vt 0.218819 0.966403
vt 0.218694 0.966669
vt 0.218375 0.968206
vt 0.218124 0.968271
vt 0.218391 0.969107
vt 0.218143 0.969051
vt 0.220288 0.968359
vt 0.220034 0.968414
vt 0.217875 0.966259
vt 0.217874 0.966480
vt 0.218518 0.966915
vt 0.217884 0.968359
vt 0.217904 0.968982
vt 0.219798 0.968501
vt 0.217875 0.966685
vt 0.218276 0.967143
vt 0.217640 0.968484
vt 0.217660 0.968884
vt 0.219553 0.968614
vt 0.217877 0.966907
vt 0.218044 0.967293
vt 0.217454 0.968601
vt 0.217462 0.968774
vt 0.219343 0.968711
vt 0.217878 0.967155
vt 0.217880 0.967386
vt 0.217330 0.968692
vt 0.219206 0.968776
vt 0.217875 0.966031
vt 0.218651 0.968174
vt 0.218661 0.969130
vt 0.220558 0.968321
vt 0.217871 0.965818
vt 0.217864 0.965804
vt 0.218897 0.966113
vt 0.218373 0.968196
vt 0.218650 0.968164
vt 0.218830 0.966407
vt 0.218907 0.966114
vt 0.218705 0.966675
vt 0.218122 0.968260
vt 0.220286 0.968349
vt 0.220572 0.968309
vt 0.218389 0.969117
vt 0.218674 0.969141
vt 0.218141 0.969062
vt 0.220033 0.968403
vt 0.217864 0.966259
vt 0.217864 0.966479
vt 0.218529 0.966923
vt 0.217882 0.968348
vt 0.217902 0.968993
vt 0.219795 0.968489
vt 0.217864 0.966684
vt 0.218286 0.967154
vt 0.217637 0.968472
vt 0.217656 0.968895
vt 0.219550 0.968602
vt 0.217864 0.966906
vt 0.218054 0.967307
vt 0.217450 0.968589
vt 0.217458 0.968785
vt 0.219338 0.968699
vt 0.217864 0.967157
vt 0.217881 0.967409
vt 0.217324 0.968681
vt 0.217328 0.968705
vt 0.219197 0.968766
vt 0.217864 0.967382
vt 0.217864 0.966031
vt 0.220296 0.969126
vt 0.220046 0.969075
vt 0.219810 0.969013
vt 0.219567 0.968928
vt 0.219355 0.968839
vt 0.220563 0.969149
vt 0.220294 0.969134
vt 0.220577 0.969160
vt 0.220044 0.969084
vt 0.219808 0.969023
vt 0.219564 0.968938
vt 0.219349 0.968849
vt 0.219200 0.968785
vt 0.220586 0.967033
vt 0.220535 0.967033
vt 0.218993 0.968172
vt 0.218949 0.965828
vt 0.218924 0.968164
vt 0.220836 0.969180
vt 0.217864 0.965819
vt 0.220293 0.969928
vt 0.220293 0.969896
vt 0.220507 0.969896
vt 0.220507 0.969928
vt 0.217320 0.967632
vt 0.217576 0.967751
vt 0.217861 0.967790
vt 0.220834 0.968282
vt 0.218928 0.969166
vt 0.217338 0.968385
vt 0.217358 0.968371
vt 0.217351 0.968383
vt 0.217363 0.968354
vt 0.217347 0.968333
vt 0.217363 0.968337
vt 0.217349 0.968317
vt 0.217361 0.968323
vt 0.217381 0.968383
vt 0.217370 0.968376
vt 0.217376 0.968356
vt 0.217390 0.968359
vt 0.217358 0.968392
vt 0.217364 0.968401
vt 0.217405 0.968361
vt 0.217395 0.968391
vt 0.217374 0.968415
vt 0.217389 0.968333
vt 0.217405 0.968330
vt 0.217393 0.968300
vt 0.217379 0.968310
vt 0.217377 0.968336
vt 0.217370 0.968317
vt 0.217342 0.968411
vt 0.217345 0.968427
vt 0.217339 0.968399
vt 0.217354 0.968304
vt 0.217361 0.968294
vt 0.217369 0.968280
vt 0.220590 0.967248
vt 0.219444 0.966629
vt 0.219358 0.966600
vt 0.218597 0.967266
vt 0.218604 0.967485
vt 0.218401 0.967632
vt 0.218396 0.967439
vt 0.219792 0.966979
vt 0.219768 0.966893
vt 0.219813 0.966868
vt 0.219862 0.966941
vt 0.219717 0.966994
vt 0.219718 0.966902
vt 0.219715 0.967203
vt 0.219714 0.967084
vt 0.219815 0.967064
vt 0.219853 0.967175
vt 0.219192 0.967742
vt 0.218993 0.967629
vt 0.218095 0.969441
vt 0.218303 0.969408
vt 0.218313 0.969459
vt 0.218116 0.969569
vt 0.219244 0.966564
vt 0.219339 0.966708
vt 0.219429 0.966709
vt 0.219440 0.966789
vt 0.219353 0.966815
vt 0.219521 0.966710
vt 0.219529 0.966763
vt 0.219559 0.966818
vt 0.219485 0.966873
vt 0.219729 0.966806
vt 0.219754 0.966794
vt 0.219664 0.966893
vt 0.219674 0.966806
vt 0.219702 0.966810
vt 0.220580 0.969515
vt 0.220729 0.969451
vt 0.220735 0.969460
vt 0.220586 0.969524
vt 0.219531 0.966659
vt 0.217894 0.969034
vt 0.218138 0.969157
vt 0.218135 0.969169
vt 0.217891 0.969045
vt 0.219631 0.966773
vt 0.219650 0.966793
vt 0.219609 0.966864
vt 0.219641 0.969810
vt 0.219358 0.969836
vt 0.219372 0.969825
vt 0.219639 0.969801
vt 0.219511 0.967415
vt 0.219583 0.967184
vt 0.219720 0.967438
vt 0.218145 0.967751
vt 0.218143 0.967558
vt 0.217226 0.966583
vt 0.217350 0.966807
vt 0.217034 0.966669
vt 0.217095 0.969509
vt 0.216837 0.969519
vt 0.216835 0.969176
vt 0.217097 0.969177
vt 0.216811 0.969175
vt 0.216783 0.969176
vt 0.216783 0.968857
vt 0.216828 0.968856
vt 0.217627 0.966267
vt 0.217654 0.966488
vt 0.217442 0.966522
vt 0.217391 0.966292
vt 0.219615 0.966721
vt 0.219619 0.966748
vt 0.217690 0.966694
vt 0.217518 0.966738
vt 0.217614 0.969217
vt 0.217852 0.969253
vt 0.217838 0.969471
vt 0.217601 0.969482
vt 0.218104 0.969302
vt 0.217147 0.966338
vt 0.219646 0.969034
vt 0.219376 0.968996
vt 0.219363 0.968984
vt 0.219648 0.969024
vt 0.220347 0.969390
vt 0.220343 0.969499
vt 0.217621 0.966959
vt 0.217749 0.967194
vt 0.217709 0.967238
vt 0.217525 0.967031
vt 0.218611 0.967710
vt 0.218614 0.967867
vt 0.218407 0.968064
vt 0.218406 0.967850
vt 0.217385 0.969792
vt 0.217115 0.969815
vt 0.217358 0.969498
vt 0.218590 0.967090
vt 0.218392 0.967281
vt 0.217852 0.966031
vt 0.217857 0.965818
vt 0.217610 0.966034
vt 0.217853 0.966259
vt 0.219979 0.967106
vt 0.220128 0.967306
vt 0.219935 0.967404
vt 0.219618 0.967070
vt 0.217732 0.966919
vt 0.217794 0.967169
vt 0.219239 0.966853
vt 0.219410 0.966926
vt 0.219315 0.967000
vt 0.217367 0.969191
vt 0.219219 0.966709
vt 0.218147 0.967965
vt 0.218148 0.968191
vt 0.220385 0.969278
vt 0.220596 0.969374
vt 0.220592 0.969386
vt 0.220381 0.969289
vt 0.219909 0.967012
vt 0.220137 0.969176
vt 0.219640 0.966982
vt 0.219557 0.966941
vt 0.219506 0.967018
vt 0.217849 0.967155
vt 0.217851 0.966907
vt 0.216847 0.968861
vt 0.217124 0.968859
vt 0.217853 0.966480
vt 0.217852 0.966685
vt 0.219206 0.967486
vt 0.219453 0.967604
vt 0.219449 0.967858
vt 0.219096 0.969845
vt 0.219352 0.969548
vt 0.217387 0.969803
vt 0.217101 0.969827
vt 0.217847 0.967386
vt 0.218982 0.966697
vt 0.219022 0.966484
vt 0.216842 0.969840
vt 0.216814 0.969850
vt 0.216811 0.969520
vt 0.217683 0.967293
vt 0.217673 0.967307
vt 0.218355 0.969928
vt 0.218355 0.969896
vt 0.219615 0.969545
vt 0.219889 0.969750
vt 0.218740 0.967367
vt 0.218740 0.967087
vt 0.219010 0.967298
vt 0.217653 0.968945
vt 0.217652 0.968956
vt 0.218068 0.969928
vt 0.217785 0.969928
vt 0.217785 0.969896
vt 0.218068 0.969896
vt 0.219900 0.969089
vt 0.218325 0.969274
vt 0.218452 0.969366
vt 0.218445 0.969377
vt 0.218322 0.969286
vt 0.217871 0.969667
vt 0.218317 0.969471
vt 0.218119 0.969580
vt 0.217604 0.965816
vt 0.218307 0.969350
vt 0.216908 0.966403
vt 0.216830 0.966113
vt 0.217089 0.966078
vt 0.219095 0.968969
vt 0.219101 0.968957
vt 0.219704 0.966722
vt 0.217874 0.969678
vt 0.220575 0.969430
vt 0.216785 0.965804
vt 0.217049 0.965804
vt 0.217053 0.965829
vt 0.216793 0.965828
vt 0.219067 0.968958
vt 0.220572 0.969476
vt 0.220368 0.969603
vt 0.219620 0.966694
vt 0.219902 0.969079
vt 0.220140 0.969164
vt 0.218720 0.967609
vt 0.218685 0.967736
vt 0.217846 0.967409
vt 0.218447 0.969391
vt 0.217400 0.968892
vt 0.219068 0.969855
vt 0.219035 0.969853
vt 0.219035 0.969554
vt 0.219353 0.969270
vt 0.219112 0.967128
vt 0.219008 0.966910
vt 0.218816 0.966781
vt 0.218845 0.966454
vt 0.218876 0.966463
vt 0.218852 0.966780
vt 0.220124 0.969688
vt 0.220371 0.969613
vt 0.220126 0.969698
vt 0.218838 0.967074
vt 0.218889 0.967072
vt 0.217350 0.966051
vt 0.217633 0.969736
vt 0.220738 0.969441
vt 0.216897 0.966407
vt 0.216820 0.966114
vt 0.218142 0.967406
vt 0.218911 0.967934
vt 0.218875 0.967811
vt 0.219617 0.969289
vt 0.219440 0.967117
vt 0.219295 0.967309
vt 0.219449 0.968123
vt 0.216778 0.965828
vt 0.216847 0.969851
vt 0.216783 0.969845
vt 0.216783 0.969521
vt 0.217022 0.966675
vt 0.219890 0.969759
vt 0.216851 0.968849
vt 0.217125 0.968849
vt 0.217635 0.969747
vt 0.217598 0.965804
vt 0.217323 0.965804
vt 0.217332 0.965821
vt 0.218968 0.966174
vt 0.218996 0.966190
vt 0.219035 0.969260
vt 0.219035 0.968959
vt 0.217402 0.968881
vt 0.219099 0.969856
vt 0.219455 0.968381
vt 0.216991 0.969928
vt 0.216778 0.969928
vt 0.216778 0.969896
vt 0.216991 0.969896
vt 0.218734 0.966870
vt 0.217638 0.969928
vt 0.217638 0.969896
vt 0.217509 0.969928
vt 0.217509 0.969896
vt 0.218854 0.967568
vt 0.218845 0.967289
vt 0.219164 0.965979
vt 0.219181 0.966003
vt 0.219407 0.965853
vt 0.219418 0.965880
vt 0.217268 0.969928
vt 0.217268 0.969896
vt 0.026211 0.971057
s 1
usemtl GMHead
f 15/1/1 2/2/2 13/3/3 33/4/4
f 13/3/3 3/5/5 21/6/6 33/4/4
f 21/6/6 8/7/7 20/8/8 33/4/4
f 20/8/8 5/9/9 15/1/1 33/4/4
f 12/10/10 1/11/11 14/12/12 34/13/13
f 14/12/12 4/14/14 22/15/15 34/13/13
f 22/15/15 8/7/7 21/6/6 34/13/13
f 21/6/6 3/5/5 12/10/10 34/13/13
f 13/3/3 2/2/2 18/16/16 35/17/17
f 18/16/16 7/18/18 24/19/19 35/17/17
f 24/19/19 9/20/20 23/21/21 35/17/17
f 23/21/21 3/5/5 13/3/3 35/17/17
f 25/22/22 9/20/20 24/19/19 36/23/23
f 24/19/19 7/18/18 19/24/24 36/23/23
f 17/25/25 6/26/26 26/27/27 37/28/28
f 26/27/27 9/20/20 25/22/22 37/28/28
f 16/29/29 1/11/11 12/10/10 38/30/30
f 12/10/10 3/5/5 23/21/21 38/30/30
f 23/21/21 9/20/20 26/27/27 38/30/30
f 26/27/27 6/26/26 16/29/29 38/30/30
f 19/24/24 7/18/18 28/31/31 39/32/32
f 28/31/31 10/33/33 27/34/34 39/32/32
f 18/16/16 2/2/2 15/1/1 40/35/35
f 15/1/1 5/9/9 29/36/36 40/35/35
f 29/36/36 10/33/33 28/31/31 40/35/35
f 28/31/31 7/18/18 18/16/16 40/35/35
f 14/12/12 1/11/11 16/29/29 41/37/37
f 16/29/29 6/26/26 32/38/38 41/37/37
f 32/38/38 11/39/39 31/40/40 41/37/37
f 31/40/40 4/14/14 14/12/12 41/37/37
f 30/41/41 11/39/39 32/38/38 42/42/42
f 32/38/38 6/26/26 17/25/25 42/42/42
f 81/43/43 82/44/44 93/45/45 92/46/46
f 83/47/47 81/43/43 92/46/46 94/48/48
f 84/49/49 83/47/47 94/48/48 95/50/50
f 84/49/49 95/50/50 96/51/51 85/52/52
f 86/53/53 85/52/52 96/51/51 97/54/54
f 87/55/55 86/53/53 97/54/54 98/56/56
f 88/57/57 87/55/55 98/56/56 99/58/58
f 89/59/59 88/57/57 99/58/58 100/60/60
f 90/61/61 89/59/59 100/60/60 101/62/62
f 82/44/44 91/63/63 102/64/64 93/45/45
f 92/46/46 93/45/45 104/65/65 103/66/66
f 94/48/48 92/46/46 103/66/66 105/67/67
f 95/50/50 94/48/48 105/67/67 106/68/68
f 95/50/50 106/68/68 107/69/69 96/51/51
f 97/54/54 96/51/51 107/69/69 108/70/70
f 98/56/56 97/54/54 108/70/70 109/71/71
f 99/58/58 98/56/56 109/71/71 110/72/72
f 100/60/60 99/58/58 110/72/72 111/73/73
f 101/62/62 100/60/60 111/73/73 112/74/74
f 93/45/45 102/64/64 113/75/75 104/65/65
f 103/66/66 104/65/65 115/76/76 114/77/77
f 105/67/67 103/66/66 114/77/77 116/78/78
f 106/68/68 105/67/67 116/78/78 117/79/79
f 106/68/68 117/79/79 118/80/80 107/69/69
f 108/70/70 107/69/69 118/80/80 119/81/81
f 109/71/71 108/70/70 119/81/81 120/82/82
f 110/72/72 109/71/71 120/82/82 121/83/83
f 111/73/73 110/72/72 121/83/83 122/84/84
f 112/74/74 111/73/73 122/84/84 123/85/85
f 104/65/65 113/75/75 124/86/86 115/76/76
f 114/77/77 115/76/76 126/87/87 125/88/88
f 116/78/78 114/77/77 125/88/88 127/89/89
f 117/79/79 116/78/78 127/89/89 128/90/90
f 117/79/79 128/90/90 129/91/91 118/80/80
f 119/81/81 118/80/80 129/91/91 130/92/92
f 120/82/82 119/81/81 130/92/92 131/93/93
f 121/83/83 120/82/82 131/93/93 132/94/94
f 122/84/84 121/83/83 132/94/94 133/95/95
f 123/85/85 122/84/84 133/95/95 134/96/96
f 115/76/76 124/86/86 135/97/97 126/87/87
f 82/44/44 136/98/98 139/99/99 91/63/63
f 81/43/43 137/100/100 136/98/98 82/44/44
f 523/101/101 430/102/102 431/103/103 525/104/104
f 155/105/105 138/106/106 83/47/47 84/49/49
f 47/107/107 43/108/108 50/109/109 54/110/110
f 43/108/108 44/111/111 51/112/112 50/109/109
f 48/113/113 45/114/114 52/115/115 55/116/116
f 49/117/117 46/118/118 53/119/119 56/120/120
f 54/110/110 50/109/109 57/121/121 61/122/122
f 50/109/109 51/112/112 58/123/123 57/121/121
f 55/116/116 52/115/115 59/124/124 62/125/125
f 56/120/120 53/119/119 60/126/126 63/127/127
f 61/122/122 57/121/121 64/128/128 68/129/129
f 57/121/121 58/123/123 65/130/130 64/128/128
f 62/125/125 59/124/124 66/131/131 69/132/132
f 63/127/127 60/126/126 67/133/133 70/134/134
f 68/129/129 64/128/128 72/135/135 71/136/136
f 64/128/128 65/130/130 73/137/137 72/135/135
f 69/132/132 66/131/131 75/138/138 74/139/139
f 70/134/134 67/133/133 77/140/140 76/141/141
f 43/108/108 47/107/107 252/142/142 253/143/143
f 44/111/111 43/108/108 253/143/143 254/144/144
f 141/145/145 142/146/146 144/147/147 143/148/148
f 143/148/148 144/147/147 145/149/149 234/150/150
f 146/151/151 147/152/152 149/153/153 148/154/154
f 148/154/154 149/153/153 150/155/155 248/156/156
f 279/157/157 280/158/158 154/159/159 151/160/160
f 284/161/161 278/162/162 152/163/163 153/164/164
f 281/165/165 282/166/166 168/167/167 171/168/168
f 156/169/169 157/170/170 159/171/171 158/172/171
f 158/172/171 159/171/171 161/173/172 160/174/173
f 160/174/173 161/173/172 163/175/174 162/176/175
f 162/176/175 163/175/174 165/177/176 164/178/177
f 164/178/177 165/177/176 167/179/178 166/180/178
f 282/166/166 283/181/179 169/182/180 168/167/167
f 283/181/179 285/183/181 170/184/182 169/182/180
f 155/105/105 84/49/49 85/52/52 157/185/183
f 86/53/53 159/186/184 157/185/183 85/52/52
f 87/55/55 161/187/185 159/186/184 86/53/53
f 88/57/57 163/188/186 161/187/185 87/55/55
f 89/59/59 165/189/187 163/188/186 88/57/57
f 90/61/61 167/190/188 165/189/187 89/59/59
f 137/191/189 275/192/190 276/193/191 136/194/192
f 138/195/193 274/196/194 275/192/190 137/191/189
f 136/194/192 276/193/191 277/197/195 139/198/196
f 45/114/114 48/113/113 268/199/197 258/200/198
f 46/118/118 49/117/117 262/201/199 263/202/200
f 142/146/146 156/203/201 158/204/202 144/147/147
f 144/147/147 158/204/202 160/205/203 145/149/149
f 145/206/149 160/207/203 162/208/204 147/152/152
f 147/152/152 162/208/204 164/209/205 149/153/153
f 149/153/153 164/209/205 166/210/206 150/155/155
f 151/211/207 168/212/208 169/213/209 152/214/210
f 152/214/210 169/213/209 170/215/211 153/216/211
f 154/217/212 171/218/212 168/212/208 151/211/207
f 173/219/213 172/220/214 78/221/215 79/222/216
f 174/223/217 173/219/213 79/222/216 80/224/218
f 79/225/219 78/226/220 178/227/221 462/228/222
f 78/226/220 236/229/223 177/230/224 178/227/221
f 331/231/225 338/232/226 335/233/227 328/234/228
f 456/235/229 465/236/230 466/237/231 457/238/232
f 176/239/233 140/240/234 80/241/235 175/242/236
f 179/243/237 182/244/237 269/245/238 270/246/238
f 411/247/239 413/248/240 414/249/241 412/250/242
f 179/251/243 284/161/161 153/164/164 180/252/244
f 269/253/245 182/254/246 285/183/181 274/196/194
f 153/216/211 170/215/211 181/255/247 180/256/247
f 170/184/182 285/183/181 182/254/246 181/257/248
f 270/258/249 271/259/250 284/161/161 179/251/243
f 179/243/237 180/256/247 181/255/247 182/244/237
f 140/260/251 228/261/252 174/223/217 80/224/218
f 229/262/253 140/263/251 142/146/146 141/145/145
f 235/264/254 145/206/149 147/152/152 146/151/151
f 301/265/255 308/266/256 20/8/8 8/7/7
f 44/111/111 185/267/257 191/268/258 51/112/112
f 183/269/259 48/113/113 55/116/116 196/270/260
f 45/114/114 188/271/261 193/272/262 52/115/115
f 186/273/263 49/117/117 56/120/120 197/274/264
f 189/275/265 47/107/107 54/110/110 198/276/266
f 51/112/112 191/268/258 199/277/267 58/123/123
f 196/270/260 55/116/116 62/125/125 204/278/268
f 52/115/115 193/272/262 201/279/269 59/124/124
f 197/274/264 56/120/120 63/127/127 205/280/270
f 198/276/266 54/110/110 61/122/122 206/281/271
f 58/123/123 199/277/267 207/282/272 65/130/130
f 204/278/268 62/125/125 69/132/132 212/283/273
f 59/124/124 201/279/269 209/284/274 66/131/131
f 205/280/270 63/127/127 70/134/134 213/285/275
f 206/281/271 61/122/122 68/129/129 214/286/276
f 65/130/130 207/282/272 215/287/277 73/137/137
f 212/283/273 69/132/132 74/139/139 217/288/278
f 66/131/131 209/284/274 218/289/279 75/138/138
f 213/285/275 70/134/134 76/141/141 220/290/280
f 214/286/276 68/129/129 71/136/136 222/291/281
f 71/136/136 72/135/135 224/292/282
f 72/135/135 73/137/137 224/292/282
f 73/137/137 215/287/277 224/292/282
f 217/288/278 74/139/139 226/293/283
f 74/139/139 75/138/138 226/293/283
f 75/138/138 218/289/279 226/293/283
f 220/290/280 76/141/141 249/294/284
f 76/141/141 77/140/140 249/294/284
f 222/291/281 71/136/136 224/292/282
f 47/107/107 189/275/265 267/295/285 252/142/142
f 48/113/113 183/269/259 257/296/286 268/199/197
f 188/271/261 45/114/114 258/200/198 259/297/287
f 49/117/117 186/273/263 261/298/288 262/201/199
f 172/220/214 233/299/289 236/300/290 78/221/215
f 185/267/257 44/111/111 254/144/144 255/301/291
f 183/269/259 184/302/292 256/303/293 257/296/286
f 184/304/294 185/267/257 255/301/291 256/305/295
f 185/267/257 184/304/294 192/306/296 191/268/258
f 184/302/292 183/269/259 196/270/260 192/307/297
f 186/273/263 187/308/298 260/309/299 261/298/288
f 187/310/300 188/271/261 259/297/287 260/311/301
f 188/271/261 187/310/300 194/312/302 193/272/262
f 187/308/298 186/273/263 197/274/264 194/313/303
f 190/314/304 189/275/265 198/276/266 195/315/305
f 191/268/258 192/306/296 200/316/306 199/277/267
f 192/307/297 196/270/260 204/278/268 200/317/307
f 193/272/262 194/312/302 202/318/308 201/279/269
f 194/313/303 197/274/264 205/280/270 202/319/309
f 195/315/305 198/276/266 206/281/271 203/320/310
f 199/277/267 200/316/306 208/321/311 207/282/272
f 200/317/307 204/278/268 212/283/273 208/322/312
f 201/279/269 202/318/308 210/323/313 209/284/274
f 202/319/309 205/280/270 213/285/275 210/324/314
f 203/320/310 206/281/271 214/286/276 211/325/315
f 207/282/272 208/321/311 216/326/316 215/287/277
f 208/322/312 212/283/273 217/288/278 216/327/317
f 209/284/274 210/323/313 219/328/318 218/289/279
f 210/324/314 213/285/275 220/290/280 219/329/319
f 211/325/315 214/286/276 222/291/281 221/330/320
f 215/287/277 216/326/316 225/331/321 224/292/282
f 216/327/317 217/288/278 226/293/283 225/332/322
f 218/289/279 219/328/318 227/333/323 226/293/283
f 219/329/319 220/290/280 249/294/284 227/334/324
f 221/330/320 222/291/281 224/292/282 223/335/325
f 189/275/265 190/314/304 266/336/326 267/295/285
f 46/118/118 239/337/327 240/338/328 53/119/119
f 53/119/119 240/338/328 242/339/329 60/126/126
f 60/126/126 242/339/329 244/340/330 67/133/133
f 67/133/133 244/340/330 246/341/331 77/140/140
f 239/337/327 46/118/118 263/202/200 264/342/332
f 77/140/140 246/341/331 249/294/284
f 238/343/333 239/337/327 264/342/332 265/344/334
f 239/337/327 238/343/333 241/345/335 240/338/328
f 240/338/328 241/345/335 243/346/336 242/339/329
f 242/339/329 243/346/336 245/347/337 244/340/330
f 244/340/330 245/347/337 247/348/338 246/341/331
f 246/341/331 247/348/338 250/349/339 249/294/284
f 251/350/340 155/351/340 157/170/170 156/169/169
f 142/146/146 140/263/251 251/352/341 156/203/201
f 253/143/143 252/142/142 172/220/214 173/219/213
f 254/144/144 253/143/143 173/219/213 174/223/217
f 255/301/291 254/144/144 174/223/217 228/261/252
f 256/305/295 255/301/291 228/261/252 230/353/342
f 257/296/286 256/303/293 230/354/342 229/262/253
f 268/199/197 257/296/286 229/262/253 141/145/145
f 258/200/198 268/199/197 141/145/145 143/148/148
f 259/297/287 258/200/198 143/148/148 234/150/150
f 262/201/199 261/298/288 235/264/254 146/151/151
f 263/202/200 262/201/199 146/151/151 148/154/154
f 264/342/332 263/202/200 148/154/154 248/156/156
f 265/344/334 264/342/332 248/156/156 287/355/343
f 267/295/285 266/336/326 232/356/344 233/299/289
f 252/142/142 267/295/285 233/299/289 172/220/214
f 176/357/345 463/358/345 251/359/341 140/360/251
f 175/242/236 462/228/222 272/361/346 271/259/250
f 462/228/222 178/227/221 273/362/347 272/361/346
f 178/227/221 177/230/224 237/363/348 273/362/347
f 271/259/250 272/361/346 278/162/162 284/161/161
f 272/361/346 273/362/347 279/157/157 278/162/162
f 273/362/347 237/363/348 280/158/158 279/157/157
f 277/197/195 276/193/191 282/166/166 281/165/165
f 276/193/191 275/192/190 283/181/179 282/166/166
f 275/192/190 274/196/194 285/183/181 283/181/179
f 278/162/162 279/157/157 151/160/160 152/163/163
f 261/298/288 260/309/299 286/364/349 235/264/254
f 260/311/301 259/297/287 234/150/150 286/365/349
f 286/365/349 234/150/150 145/149/149
f 296/366/350 308/266/256 294/367/351 288/368/352
f 294/367/351 308/266/256 301/265/255 289/369/353
f 20/8/8 308/266/256 296/366/350 5/9/9
f 22/15/15 309/370/354 301/265/255 8/7/7
f 293/371/355 309/370/354 295/372/356 231/373/357
f 295/372/356 309/370/354 22/15/15 4/14/14
f 301/265/255 309/370/354 293/371/355 289/369/353
f 303/374/358 310/375/359 302/376/360 292/377/361
f 299/378/362 310/375/359 303/374/358 291/379/363
f 294/367/351 310/375/359 299/378/362 288/368/352
f 302/376/360 310/375/359 294/367/351 289/369/353
f 304/380/364 311/381/365 303/374/358 292/377/361
f 303/374/358 311/381/365 300/382/366 291/379/363
f 305/383/367 312/384/368 304/380/364 292/377/361
f 298/385/369 312/384/368 305/383/367 290/386/370
f 302/376/360 313/387/371 305/383/367 292/377/361
f 293/371/355 313/387/371 302/376/360 289/369/353
f 297/388/372 313/387/371 293/371/355 231/373/357
f 305/383/367 313/387/371 297/388/372 290/386/370
f 306/389/373 314/390/374 27/34/34 10/33/33
f 300/382/366 314/390/374 306/389/373 291/379/363
f 299/378/362 315/391/375 296/366/350 288/368/352
f 29/36/36 315/391/375 306/389/373 10/33/33
f 296/366/350 315/391/375 29/36/36 5/9/9
f 306/389/373 315/391/375 299/378/362 291/379/363
f 295/372/356 316/392/376 297/388/372 231/373/357
f 307/393/377 316/392/376 31/40/40 11/39/39
f 297/388/372 316/392/376 307/393/377 290/386/370
f 31/40/40 316/392/376 295/372/356 4/14/14
f 30/41/41 317/394/378 307/393/377 11/39/39
f 307/393/377 317/394/378 298/385/369 290/386/370
f 463/395/379 269/253/245 274/196/194 138/195/193
f 101/62/62 112/74/74 383/396/380 374/397/381
f 435/398/382 514/399/383 515/400/384 527/401/385
f 375/402/386 384/403/387 385/404/388 376/405/389
f 377/406/390 386/407/391 384/403/387 375/402/386
f 358/408/392 368/409/393 366/410/394 356/411/395
f 518/412/396 523/101/101 525/104/104 517/413/397
f 341/414/398 350/415/399 475/416/400 467/417/401
f 90/61/61 101/62/62 374/397/381 365/418/402
f 373/419/403 382/420/404 381/421/405 372/422/406
f 382/420/404 391/423/407 390/424/408 381/421/405
f 381/421/405 390/424/408 389/425/409 380/426/410
f 384/403/387 393/427/411 394/428/412 385/404/388
f 387/429/413 396/430/414 395/431/415 386/407/391
f 493/432/416 495/433/417 250/434/418 247/435/419
f 112/74/74 123/85/85 392/436/420 383/396/380
f 457/437/421 466/438/422 469/439/423 460/440/424
f 389/425/409 398/441/425 397/442/426 388/443/427
f 238/444/428 265/445/429 509/446/430 489/447/431
f 418/448/432 359/449/433 358/408/392 404/450/434
f 374/397/381 383/396/380 382/420/404 373/419/403
f 527/401/385 515/400/384 516/451/435 437/452/436
f 326/453/437 333/454/438 456/235/229 449/455/439
f 503/456/440 408/457/441 406/458/442 511/459/443
f 407/460/444 419/461/445 496/462/446 405/463/447
f 322/464/448 329/465/449 325/466/450 318/467/451
f 387/429/413 388/443/427 397/442/426 396/430/414
f 391/423/407 400/468/452 399/469/453 390/424/408
f 329/465/449 336/470/454 332/471/455 325/466/450
f 330/472/456 337/473/457 334/474/458 327/475/459
f 337/473/457 344/476/460 341/414/398 334/474/458
f 318/467/451 325/466/450 326/453/437 319/477/461
f 445/478/462 506/479/463 505/480/464 446/481/465
f 338/232/226 345/482/466 342/483/467 335/233/227
f 339/484/468 347/485/469 348/486/470 340/487/471
f 524/488/472 417/489/473 416/490/474 520/491/475
f 447/492/476 504/493/477 503/456/440 320/494/478
f 390/424/408 399/469/453 398/441/425 389/425/409
f 355/495/479 435/398/382 527/401/385 354/496/480
f 510/497/481 486/498/482 232/356/483 266/336/484
f 322/464/448 497/499/485 510/497/481 448/500/486
f 356/411/395 357/501/487 402/502/488 403/503/489
f 359/449/433 369/504/490 368/409/393 358/408/392
f 332/471/455 339/484/468 340/487/471 333/454/438
f 343/505/491 346/506/492 347/485/469 339/484/468
f 362/507/493 372/422/406 371/508/494 361/509/495
f 323/510/496 330/472/456 327/475/459 320/494/478
f 364/511/497 373/419/403 372/422/406 362/507/493
f 521/512/498 415/513/499 154/159/159 280/158/158
f 468/514/500 476/515/501 477/516/502 470/517/503
f 356/411/395 366/410/394 367/518/504 357/501/487
f 461/519/505 470/517/503 345/482/466 338/232/226
f 368/409/393 377/406/390 375/402/386 366/410/394
f 369/504/490 378/520/506 377/406/390 368/409/393
f 357/501/487 367/518/504 102/64/64 91/63/63
f 371/508/494 380/426/410 379/521/507 370/522/508
f 211/325/509 221/330/510 478/523/511 471/524/512
f 511/459/443 406/458/442 484/525/513 502/526/514
f 455/527/515 464/528/516 336/470/454 329/465/449
f 403/529/517 402/530/518 519/531/519 518/412/396
f 320/494/478 503/456/440 511/459/443 323/510/496
f 509/446/430 494/532/520 413/248/240 508/533/521
f 446/534/522 505/535/523 504/493/477 447/492/476
f 346/506/492 479/536/524 347/485/469
f 365/418/402 364/511/497 426/537/525 428/538/526
f 367/518/504 376/405/389 113/75/75 102/64/64
f 408/457/441 487/539/527 410/540/528 409/541/529
f 465/236/230 472/542/530 473/543/531 466/237/231
f 154/217/212 415/544/532 429/545/533 171/218/212
f 90/61/61 365/418/402 428/538/526 167/190/188
f 321/546/534 328/234/228 490/547/535 489/447/431
f 513/548/536 514/399/383 435/398/382 436/549/537
f 404/550/538 403/529/517 518/412/396 517/413/397
f 516/451/435 521/512/498 280/158/158 237/363/348
f 450/551/539 457/437/421 460/440/424 453/552/540
f 416/553/541 417/554/542 431/555/542 430/556/543
f 454/557/544 461/519/505 338/232/226 331/231/225
f 515/400/384 520/491/475 521/512/498 516/451/435
f 473/558/545 480/559/546 481/560/547 474/561/548
f 221/330/510 223/335/549 479/536/524 478/523/511
f 466/438/422 473/558/545 474/561/548 469/439/423
f 334/474/458 341/414/398 467/417/401 458/562/550
f 467/417/401 475/416/400 476/563/551 468/564/552
f 497/499/485 432/565/553 486/498/482 510/497/481
f 474/561/548 481/560/547 349/566/554
f 444/567/555 500/568/556 499/569/557 319/477/461
f 402/530/518 139/198/196 277/197/195 519/531/519
f 506/479/463 488/570/558 526/571/559 505/480/464
f 394/428/412 393/427/411 363/572/560 135/97/97
f 406/458/442 408/457/441 409/541/529 407/460/444
f 458/562/550 467/417/401 468/564/552 459/573/561
f 203/320/562 211/325/509 471/524/512 464/528/516
f 348/486/470 479/536/524 472/542/530
f 325/466/450 332/471/455 333/454/438 326/453/437
f 470/517/503 477/516/502 351/574/563 345/482/466
f 405/575/447 355/576/564 434/577/565 483/578/566
f 488/570/558 411/247/239 412/250/242 410/579/528
f 342/483/467 352/580/567 493/432/416 492/581/568
f 376/405/389 385/404/388 124/86/86 113/75/75
f 340/487/471 348/486/470 472/542/530 465/236/230
f 123/85/85 134/96/96 401/582/569 392/436/420
f 452/583/570 459/584/571 461/519/505 454/557/544
f 438/585/572 439/586/573 417/489/473 524/488/472
f 478/523/511 479/536/524 346/506/492
f 397/442/426 398/441/425 363/572/560 396/430/414
f 319/477/461 326/453/437 449/455/439 444/567/555
f 489/447/431 509/446/430 508/533/521 321/546/534
f 472/542/530 479/536/524 480/587/574 473/543/531
f 464/528/516 471/524/512 343/505/491 336/470/454
f 357/501/487 91/63/63 139/99/99 402/502/488
f 475/416/400 481/560/547 482/588/575 476/563/551
f 323/510/496 511/459/443 502/526/514 442/589/576
f 414/249/241 150/590/155 166/591/206 427/592/577
f 369/504/490 370/522/508 379/521/507 378/520/506
f 508/533/521 413/248/240 411/247/239 507/593/578
f 362/507/493 361/509/495 422/594/579 424/595/580
f 419/596/581 421/597/582 422/598/582 420/599/583
f 491/600/584 492/581/568 245/601/585 243/602/586
f 496/603/587 419/596/581 420/599/583 418/604/587
f 380/426/410 389/425/409 388/443/427 379/521/507
f 190/314/588 195/315/589 455/527/515 448/500/486
f 347/485/469 479/536/524 348/486/470
f 318/467/451 498/605/590 497/499/485 322/464/448
f 327/475/459 334/474/458 458/562/550 451/606/591
f 366/410/394 375/402/386 376/405/389 367/518/504
f 476/515/501 482/607/592 495/433/417 477/516/502
f 443/608/593 501/609/594 500/568/556 444/567/555
f 500/568/556 483/578/566 434/577/565 499/569/557
f 354/496/480 527/401/385 437/452/436 353/610/595
f 431/103/103 440/611/596 441/612/597 525/104/104
f 321/546/534 508/533/521 507/593/578 324/613/598
f 361/509/495 360/614/599 420/615/600 422/594/579
f 328/234/228 335/233/227 491/600/584 490/547/535
f 448/500/486 455/527/515 329/465/449 322/464/448
f 277/197/195 281/165/165 522/616/601 519/531/519
f 324/613/598 507/593/578 506/479/463 445/478/462
f 501/609/594 485/617/602 483/578/566 500/568/556
f 526/618/559 410/540/528 487/539/527
f 319/477/461 499/569/557 498/605/590 318/467/451
f 505/535/523 526/618/559 487/539/527 504/493/477
f 469/439/423 474/561/548 349/566/554 344/476/460
f 413/248/240 494/532/520 150/590/155 414/249/241
f 333/454/438 340/487/471 465/236/230 456/235/229
f 409/541/529 410/540/528 423/619/603 421/620/604
f 444/567/555 449/455/439 450/621/605 443/608/593
f 401/582/569 134/96/96 363/572/560 400/468/452
f 392/436/420 401/582/569 400/468/452 391/423/407
f 350/415/399 481/560/547 475/416/400
f 477/516/502 495/433/417 351/574/563
f 446/481/465 452/583/570 454/557/544 445/478/462
f 407/460/444 409/541/529 421/620/604 419/461/445
f 359/449/433 360/614/599 370/522/508 369/504/490
f 489/447/431 490/547/535 241/622/606 238/444/428
f 378/520/506 379/521/507 388/443/427 387/429/413
f 502/526/514 484/525/513 485/623/602 501/624/607
f 451/606/591 458/562/550 459/573/561 452/625/608
f 432/565/553 353/626/609 236/300/610 486/498/482
f 364/511/497 362/507/493 424/595/580 426/537/525
f 513/548/536 438/585/572 524/488/472 514/399/383
f 484/525/513 406/458/442 407/460/444 405/463/447
f 352/580/567 495/433/417 493/432/416
f 415/544/532 416/553/541 430/556/543 429/545/533
f 336/470/454 343/505/491 339/484/468 332/471/455
f 399/469/453 400/468/452 363/572/560 398/441/425
f 434/577/565 355/576/564 354/627/611 433/628/612
f 351/574/563 495/433/417 352/580/567
f 504/493/477 487/539/527 408/457/441 503/456/440
f 460/440/424 469/439/423 344/476/460 337/473/457
f 421/597/582 423/629/613 424/630/614 422/598/582
f 410/579/528 412/250/242 425/631/615 423/632/603
f 443/633/616 450/551/539 453/552/540 442/589/576
f 494/532/520 287/634/343 150/590/155
f 353/610/595 437/452/436 177/230/224 236/229/223
f 499/569/557 434/577/565 433/628/612 498/605/590
f 522/616/601 429/635/617 430/102/102 523/101/101
f 448/500/486 510/497/481 266/336/484 190/314/588
f 412/250/242 414/249/241 427/592/577 425/631/615
f 365/418/402 374/397/381 373/419/403 364/511/497
f 436/636/618 405/637/447 496/638/446 528/639/619
f 436/549/537 435/398/382 355/495/479 405/640/620
f 492/581/568 493/432/416 247/435/419 245/601/585
f 335/233/227 342/483/467 492/581/568 491/600/584
f 417/554/542 439/641/621 440/642/621 431/555/542
f 324/613/598 331/231/225 328/234/228 321/546/534
f 358/408/392 356/411/395 403/503/489 404/450/434
f 361/509/495 371/508/494 370/522/508 360/614/599
f 281/165/165 171/168/168 429/635/617 522/616/601
f 459/584/571 468/514/500 470/517/503 461/519/505
f 438/643/622 441/644/622 440/642/621 439/641/621
f 512/645/623 517/413/397 525/104/104 441/612/597
f 447/492/476 451/606/591 452/625/608 446/534/522
f 442/589/576 502/526/514 501/624/607 443/633/616
f 498/605/590 433/628/612 432/565/553 497/499/485
f 265/445/429 287/634/343 494/532/520 509/446/430
f 449/455/439 456/235/229 457/238/232 450/621/605
f 507/593/578 411/247/239 488/570/558 506/479/463
f 385/404/388 394/428/412 135/97/97 124/86/86
f 496/603/587 418/604/587 404/550/538 528/646/624
f 520/491/475 416/490/474 415/513/499 521/512/498
f 433/628/612 354/627/611 353/626/609 432/565/553
f 395/431/415 396/430/414 363/572/560 393/427/411
f 195/315/589 203/320/562 464/528/516 455/527/515
f 372/422/406 381/421/405 380/426/410 371/508/494
f 320/494/478 327/475/459 451/606/591 447/492/476
f 386/407/391 395/431/415 393/427/411 384/403/387
f 423/629/613 425/647/625 426/648/626 424/630/614
f 378/520/506 387/429/413 386/407/391 377/406/390
f 445/478/462 454/557/544 331/231/225 324/613/598
f 349/566/554 481/560/547 350/415/399
f 471/524/512 478/523/511 346/506/492 343/505/491
f 490/547/535 491/600/584 243/602/586 241/622/606
f 418/448/432 420/615/600 360/614/599 359/449/433
f 405/463/447 485/623/602 484/525/513
f 344/476/460 349/566/554 350/415/399 341/414/398
f 425/647/625 427/649/627 428/650/628 426/648/626
f 519/531/519 522/616/601 523/101/101 518/412/396
f 528/646/624 404/550/538 517/413/397 512/645/623
f 236/300/610 232/356/483 486/498/482
f 437/452/436 516/451/435 237/363/348 177/230/224
f 427/649/627 166/180/178 167/179/178 428/650/628
f 126/87/87 135/97/97 363/572/560 125/88/88
f 383/396/380 392/436/420 391/423/407 382/420/404
f 514/399/383 524/488/472 520/491/475 515/400/384
f 453/552/540 460/440/424 337/473/457 330/472/456
f 345/482/466 351/574/563 352/580/567 342/483/467
f 133/95/95 132/94/94 363/572/560 134/96/96
f 131/93/93 130/92/92 363/572/560 132/94/94
f 129/91/91 128/90/90 363/572/560 130/92/92
f 127/89/89 125/88/88 363/572/560 128/90/90
f 438/643/622 513/651/629 512/652/630 441/644/622
f 140/263/251 229/262/253 230/354/342
f 236/300/290 233/299/289 232/356/344
f 442/589/576 453/552/540 330/472/456 323/510/496
f 248/156/156 150/155/155 287/355/343
f 513/651/629 436/636/618 528/639/619 512/652/630
f 83/47/47 138/106/106 137/100/100 81/43/43
f 80/241/235 79/225/219 462/228/222 175/242/236
f 270/246/238 269/245/238 463/358/345 176/357/345
f 270/258/249 176/239/233 175/242/236 271/259/250
f 251/350/340 463/395/379 138/195/193 155/351/340
f 235/264/254 286/364/349 145/206/149
f 228/261/252 140/260/251 230/353/342
f 488/570/558 410/579/528 526/571/559
f 483/578/566 485/617/602 405/575/447
f 1004/653/631 530/653/632 539/653/633 540/653/634
f 1007/653/635 535/653/636 547/653/637 548/653/638
f 531/653/639 1004/653/631 540/653/634 541/653/640
f 1008/653/641 1007/653/635 548/653/638 549/653/642
f 1005/653/643 531/653/639 541/653/640 542/653/644
f 1009/653/645 1008/653/641 549/653/642 550/653/646
f 532/653/647 1005/653/643 542/653/644 543/653/648
f 1010/653/649 1009/653/645 550/653/646 551/653/650
f 533/653/651 532/653/647 543/653/648 544/653/652
f 1002/653/653 529/653/654 537/653/655
f 536/653/656 1010/653/649 551/653/650
f 534/653/657 533/653/651 544/653/652 545/653/658
f 1003/653/659 1002/653/653 537/653/655 538/653/660
f 1006/653/661 534/653/657 545/653/658 546/653/662
f 530/653/632 1003/653/659 538/653/660 539/653/633
f 535/653/636 1006/653/661 546/653/662 547/653/637
f 546/653/662 545/653/658 560/653/663 561/653/664
f 539/653/633 538/653/660 553/653/665 554/653/666
f 547/653/637 546/653/662 561/653/664 562/653/667
f 540/653/634 539/653/633 554/653/666 555/653/668
f 548/653/638 547/653/637 562/653/667 563/653/669
f 541/653/640 540/653/634 555/653/668 556/653/670
f 549/653/642 548/653/638 563/653/669 564/653/671
f 542/653/644 541/653/640 556/653/670 557/653/672
f 550/653/646 549/653/642 564/653/671 565/653/673
f 543/653/648 542/653/644 557/653/672 558/653/674
f 551/653/650 550/653/646 565/653/673 566/653/675
f 544/653/652 543/653/648 558/653/674 559/653/676
f 537/653/655 529/653/654 552/653/677
f 536/653/656 551/653/650 566/653/675
f 545/653/658 544/653/652 559/653/676 560/653/663
f 538/653/660 537/653/655 552/653/677 553/653/665
f 565/653/673 564/653/671 579/653/678 580/653/679
f 558/653/674 557/653/672 572/653/680 573/653/681
f 566/653/675 565/653/673 580/653/679 581/653/682
f 559/653/676 558/653/674 573/653/681 574/653/683
f 552/653/677 529/653/654 567/653/684
f 536/653/656 566/653/675 581/653/682
f 560/653/663 559/653/676 574/653/683 575/653/685
f 553/653/665 552/653/677 567/653/684 568/653/686
f 561/653/664 560/653/663 575/653/685 576/653/687
f 554/653/666 553/653/665 568/653/686 569/653/688
f 562/653/667 561/653/664 576/653/687 577/653/689
f 555/653/668 554/653/666 569/653/688 570/653/690
f 563/653/669 562/653/667 577/653/689 578/653/691
f 556/653/670 555/653/668 570/653/690 571/653/692
f 564/653/671 563/653/669 578/653/691 579/653/678
f 557/653/672 556/653/670 571/653/692 572/653/680
f 577/653/689 576/653/687 591/653/693 592/653/694
f 570/653/690 569/653/688 584/653/695 585/653/696
f 578/653/691 577/653/689 592/653/694 593/653/697
f 571/653/692 570/653/690 585/653/696 586/653/698
f 579/653/678 578/653/691 593/653/697 594/653/699
f 572/653/680 571/653/692 586/653/698 587/653/700
f 580/653/679 579/653/678 594/653/699 595/653/701
f 573/653/681 572/653/680 587/653/700 588/653/702
f 581/653/682 580/653/679 595/653/701 596/653/703
f 574/653/683 573/653/681 588/653/702 589/653/704
f 567/653/684 529/653/654 582/653/705
f 536/653/656 581/653/682 596/653/703
f 575/653/685 574/653/683 589/653/704 590/653/706
f 568/653/686 567/653/684 582/653/705 583/653/707
f 576/653/687 575/653/685 590/653/706 591/653/693
f 569/653/688 568/653/686 583/653/707 584/653/695
f 596/653/703 595/653/701 610/653/708 611/653/709
f 589/653/704 588/653/702 603/653/710 604/653/711
f 582/653/705 529/653/654 597/653/712
f 536/653/656 596/653/703 611/653/709
f 590/653/706 589/653/704 604/653/711 605/653/713
f 583/653/707 582/653/705 597/653/712 598/653/714
f 591/653/693 590/653/706 605/653/713 606/653/715
f 584/653/695 583/653/707 598/653/714 599/653/716
f 592/653/694 591/653/693 606/653/715 607/653/717
f 585/653/696 584/653/695 599/653/716 600/653/718
f 593/653/697 592/653/694 607/653/717 608/653/719
f 586/653/698 585/653/696 600/653/718 601/653/720
f 594/653/699 593/653/697 608/653/719 609/653/721
f 587/653/700 586/653/698 601/653/720 602/653/722
f 595/653/701 594/653/699 609/653/721 610/653/708
f 588/653/702 587/653/700 602/653/722 603/653/710
f 600/653/718 599/653/716 614/653/723 615/653/724
f 608/653/719 607/653/717 622/653/725 623/653/726
f 601/653/720 600/653/718 615/653/724 616/653/727
f 609/653/721 608/653/719 623/653/726 624/653/728
f 602/653/722 601/653/720 616/653/727 617/653/729
f 610/653/708 609/653/721 624/653/728 625/653/730
f 603/653/710 602/653/722 617/653/729 618/653/731
f 611/653/709 610/653/708 625/653/730 626/653/732
f 604/653/711 603/653/710 618/653/731 619/653/733
f 597/653/712 529/653/654 612/653/734
f 536/653/656 611/653/709 626/653/732
f 605/653/713 604/653/711 619/653/733 620/653/735
f 598/653/714 597/653/712 612/653/734 613/653/736
f 606/653/715 605/653/713 620/653/735 621/653/737
f 599/653/716 598/653/714 613/653/736 614/653/723
f 607/653/717 606/653/715 621/653/737 622/653/725
f 619/653/733 618/653/731 633/653/738 634/653/739
f 612/653/734 529/653/654 627/653/740
f 536/653/656 626/653/732 641/653/741
f 620/653/735 619/653/733 634/653/739 635/653/742
f 613/653/736 612/653/734 627/653/740 628/653/743
f 621/653/737 620/653/735 635/653/742 636/653/744
f 614/653/723 613/653/736 628/653/743 629/653/745
f 622/653/725 621/653/737 636/653/744 637/653/746
f 615/653/724 614/653/723 629/653/745 630/653/747
f 623/653/726 622/653/725 637/653/746 638/653/748
f 616/653/727 615/653/724 630/653/747 631/653/749
f 624/653/728 623/653/726 638/653/748 639/653/750
f 617/653/729 616/653/727 631/653/749 632/653/751
f 625/653/730 624/653/728 639/653/750 640/653/752
f 618/653/731 617/653/729 632/653/751 633/653/738
f 626/653/732 625/653/730 640/653/752 641/653/741
f 638/653/748 637/653/746 652/653/753 653/653/754
f 631/653/749 630/653/747 645/653/755 646/653/756
f 639/653/750 638/653/748 653/653/754 654/653/757
f 632/653/751 631/653/749 646/653/756 647/653/758
f 640/653/752 639/653/750 654/653/757 655/653/759
f 633/653/738 632/653/751 647/653/758 648/653/760
f 641/653/741 640/653/752 655/653/759 656/653/761
f 634/653/739 633/653/738 648/653/760 649/653/20
f 627/653/740 529/653/654 642/653/762
f 536/653/656 641/653/741 656/653/761
f 635/653/742 634/653/739 649/653/20 650/653/763
f 628/653/743 627/653/740 642/653/762 643/653/764
f 636/653/744 635/653/742 650/653/763 651/653/765
f 629/653/745 628/653/743 643/653/764 644/653/766
f 637/653/746 636/653/744 651/653/765 652/653/753
f 630/653/747 629/653/745 644/653/766 645/653/755
f 642/653/762 529/653/654 657/653/767
f 536/653/656 656/653/761 671/653/768
f 650/653/763 649/653/20 664/653/769 665/653/770
f 643/653/764 642/653/762 657/653/767 658/653/771
f 651/653/765 650/653/763 665/653/770 666/653/772
f 644/653/766 643/653/764 658/653/771 659/653/773
f 652/653/753 651/653/765 666/653/772 667/653/774
f 645/653/755 644/653/766 659/653/773 660/653/775
f 653/653/754 652/653/753 667/653/774 668/653/776
f 646/653/756 645/653/755 660/653/775 661/653/777
f 654/653/757 653/653/754 668/653/776 669/653/778
f 647/653/758 646/653/756 661/653/777 662/653/779
f 655/653/759 654/653/757 669/653/778 670/653/780
f 648/653/760 647/653/758 662/653/779 663/653/781
f 656/653/761 655/653/759 670/653/780 671/653/768
f 649/653/20 648/653/760 663/653/781 664/653/769
f 661/653/777 660/653/775 675/653/782 676/653/783
f 669/653/778 668/653/776 683/653/784 684/653/785
f 662/653/779 661/653/777 676/653/783 677/653/786
f 670/653/780 669/653/778 684/653/785 685/653/787
f 663/653/781 662/653/779 677/653/786 678/653/788
f 671/653/768 670/653/780 685/653/787 686/653/789
f 664/653/769 663/653/781 678/653/788 679/653/790
f 657/653/767 529/653/654 672/653/791
f 536/653/656 671/653/768 686/653/789
f 665/653/770 664/653/769 679/653/790 680/653/792
f 658/653/771 657/653/767 672/653/791 673/653/793
f 666/653/772 665/653/770 680/653/792 681/653/794
f 659/653/773 658/653/771 673/653/793 674/653/795
f 667/653/774 666/653/772 681/653/794 682/653/796
f 660/653/775 659/653/773 674/653/795 675/653/782
f 668/653/776 667/653/774 682/653/796 683/653/784
f 680/653/792 679/653/790 694/653/797 695/653/798
f 673/653/793 672/653/791 687/653/799 688/653/800
f 681/653/794 680/653/792 695/653/798 696/653/801
f 674/653/795 673/653/793 688/653/800 689/653/802
f 682/653/796 681/653/794 696/653/801 697/653/803
f 675/653/782 674/653/795 689/653/802 690/653/804
f 683/653/784 682/653/796 697/653/803 698/653/805
f 676/653/783 675/653/782 690/653/804 691/653/806
f 684/653/785 683/653/784 698/653/805 699/653/807
f 677/653/786 676/653/783 691/653/806 692/653/808
f 685/653/787 684/653/785 699/653/807 700/653/809
f 678/653/788 677/653/786 692/653/808 693/653/810
f 686/653/789 685/653/787 700/653/809 701/653/811
f 679/653/790 678/653/788 693/653/810 694/653/797
f 672/653/791 529/653/654 687/653/799
f 536/653/656 686/653/789 701/653/811
f 699/653/807 698/653/805 713/653/812 714/653/813
f 692/653/808 691/653/806 706/653/814 707/653/815
f 700/653/809 699/653/807 714/653/813 715/653/816
f 693/653/810 692/653/808 707/653/815 708/653/817
f 701/653/811 700/653/809 715/653/816 716/653/818
f 694/653/797 693/653/810 708/653/817 709/653/819
f 687/653/799 529/653/654 702/653/820
f 536/653/656 701/653/811 716/653/818
f 695/653/798 694/653/797 709/653/819 710/653/821
f 688/653/800 687/653/799 702/653/820 703/653/822
f 696/653/801 695/653/798 710/653/821 711/653/823
f 689/653/802 688/653/800 703/653/822 704/653/824
f 697/653/803 696/653/801 711/653/823 712/653/825
f 690/653/804 689/653/802 704/653/824 705/653/826
f 698/653/805 697/653/803 712/653/825 713/653/812
f 691/653/806 690/653/804 705/653/826 706/653/814
f 711/653/823 710/653/821 725/653/827 726/653/828
f 704/653/824 703/653/822 718/653/829 719/653/830
f 712/653/825 711/653/823 726/653/828 727/653/831
f 705/653/826 704/653/824 719/653/830 720/653/832
f 713/653/812 712/653/825 727/653/831 728/653/833
f 706/653/814 705/653/826 720/653/832 721/653/834
f 714/653/813 713/653/812 728/653/833 729/653/835
f 707/653/815 706/653/814 721/653/834 722/653/836
f 715/653/816 714/653/813 729/653/835 730/653/837
f 708/653/817 707/653/815 722/653/836 723/653/838
f 716/653/818 715/653/816 730/653/837 731/653/839
f 709/653/819 708/653/817 723/653/838 724/653/840
f 702/653/820 529/653/654 717/653/841
f 536/653/656 716/653/818 731/653/839
f 710/653/821 709/653/819 724/653/840 725/653/827
f 703/653/822 702/653/820 717/653/841 718/653/829
f 730/653/837 729/653/835 744/653/842 745/653/843
f 723/653/838 722/653/836 737/653/844 738/653/845
f 731/653/839 730/653/837 745/653/843 746/653/846
f 724/653/840 723/653/838 738/653/845 739/653/847
f 717/653/841 529/653/654 732/653/848
f 536/653/656 731/653/839 746/653/846
f 725/653/827 724/653/840 739/653/847 740/653/849
f 718/653/829 717/653/841 732/653/848 733/653/850
f 726/653/828 725/653/827 740/653/849 741/653/851
f 719/653/830 718/653/829 733/653/850 734/653/852
f 727/653/831 726/653/828 741/653/851 742/653/853
f 720/653/832 719/653/830 734/653/852 735/653/854
f 728/653/833 727/653/831 742/653/853 743/653/855
f 721/653/834 720/653/832 735/653/854 736/653/856
f 729/653/835 728/653/833 743/653/855 744/653/842
f 722/653/836 721/653/834 736/653/856 737/653/844
f 734/653/852 733/653/850 748/653/857 749/653/858
f 742/653/853 741/653/851 756/653/859 757/653/860
f 735/653/854 734/653/852 749/653/858 750/653/861
f 743/653/855 742/653/853 757/653/860 758/653/862
f 736/653/856 735/653/854 750/653/861 751/653/863
f 744/653/842 743/653/855 758/653/862 759/653/864
f 737/653/844 736/653/856 751/653/863 752/653/865
f 745/653/843 744/653/842 759/653/864 760/653/866
f 738/653/845 737/653/844 752/653/865 753/653/867
f 746/653/846 745/653/843 760/653/866 761/653/868
f 739/653/847 738/653/845 753/653/867 754/653/869
f 732/653/848 529/653/654 747/653/870
f 536/653/656 746/653/846 761/653/868
f 740/653/849 739/653/847 754/653/869 755/653/871
f 733/653/850 732/653/848 747/653/870 748/653/857
f 741/653/851 740/653/849 755/653/871 756/653/859
f 753/653/867 752/653/865 767/653/872 768/653/873
f 761/653/868 760/653/866 775/653/874 776/653/875
f 754/653/869 753/653/867 768/653/873 769/653/876
f 747/653/870 529/653/654 762/653/877
f 536/653/656 761/653/868 776/653/875
f 755/653/871 754/653/869 769/653/876 770/653/878
f 748/653/857 747/653/870 762/653/877 763/653/879
f 756/653/859 755/653/871 770/653/878 771/653/880
f 749/653/858 748/653/857 763/653/879 764/653/881
f 757/653/860 756/653/859 771/653/880 772/653/882
f 750/653/861 749/653/858 764/653/881 765/653/883
f 758/653/862 757/653/860 772/653/882 773/653/884
f 751/653/863 750/653/861 765/653/883 766/653/885
f 759/653/864 758/653/862 773/653/884 774/653/886
f 752/653/865 751/653/863 766/653/885 767/653/872
f 760/653/866 759/653/864 774/653/886 775/653/874
f 772/653/882 771/653/880 786/653/887 787/653/888
f 765/653/883 764/653/881 779/653/889 780/653/890
f 773/653/884 772/653/882 787/653/888 788/653/891
f 766/653/885 765/653/883 780/653/890 781/653/892
f 774/653/886 773/653/884 788/653/891 789/653/893
f 767/653/872 766/653/885 781/653/892 782/653/894
f 775/653/874 774/653/886 789/653/893 790/653/895
f 768/653/873 767/653/872 782/653/894 783/653/896
f 776/653/875 775/653/874 790/653/895 791/653/897
f 769/653/876 768/653/873 783/653/896 784/653/898
f 762/653/877 529/653/654 777/653/899
f 536/653/656 776/653/875 791/653/897
f 770/653/878 769/653/876 784/653/898 785/653/900
f 763/653/879 762/653/877 777/653/899 778/653/901
f 771/653/880 770/653/878 785/653/900 786/653/887
f 764/653/881 763/653/879 778/653/901 779/653/889
f 791/653/897 790/653/895 805/653/902 806/653/903
f 784/653/898 783/653/896 798/653/904 799/653/905
f 777/653/899 529/653/654 792/653/906
f 536/653/656 791/653/897 806/653/903
f 785/653/900 784/653/898 799/653/905 800/653/907
f 778/653/901 777/653/899 792/653/906 793/653/908
f 786/653/887 785/653/900 800/653/907 801/653/909
f 779/653/889 778/653/901 793/653/908 794/653/910
f 787/653/888 786/653/887 801/653/909 802/653/911
f 780/653/890 779/653/889 794/653/910 795/653/912
f 788/653/891 787/653/888 802/653/911 803/653/913
f 781/653/892 780/653/890 795/653/912 796/653/914
f 789/653/893 788/653/891 803/653/913 804/653/915
f 782/653/894 781/653/892 796/653/914 797/653/916
f 790/653/895 789/653/893 804/653/915 805/653/902
f 783/653/896 782/653/894 797/653/916 798/653/904
f 795/653/912 794/653/910 809/653/917 810/653/918
f 803/653/913 802/653/911 817/653/919 818/653/920
f 796/653/914 795/653/912 810/653/918 811/653/921
f 804/653/915 803/653/913 818/653/920 819/653/922
f 797/653/916 796/653/914 811/653/921 812/653/923
f 805/653/902 804/653/915 819/653/922 820/653/924
f 798/653/904 797/653/916 812/653/923 813/653/925
f 806/653/903 805/653/902 820/653/924 821/653/926
f 799/653/905 798/653/904 813/653/925 814/653/927
f 792/653/906 529/653/654 807/653/928
f 536/653/656 806/653/903 821/653/926
f 800/653/907 799/653/905 814/653/927 815/653/929
f 793/653/908 792/653/906 807/653/928 808/653/930
f 801/653/909 800/653/907 815/653/929 816/653/931
f 794/653/910 793/653/908 808/653/930 809/653/917
f 802/653/911 801/653/909 816/653/931 817/653/919
f 814/653/927 813/653/925 828/653/932 829/653/933
f 807/653/928 529/653/654 822/653/934
f 536/653/656 821/653/926 836/653/935
f 815/653/929 814/653/927 829/653/933 830/653/936
f 808/653/930 807/653/928 822/653/934 823/653/937
f 816/653/931 815/653/929 830/653/936 831/653/938
f 809/653/917 808/653/930 823/653/937 824/653/939
f 817/653/919 816/653/931 831/653/938 832/653/940
f 810/653/918 809/653/917 824/653/939 825/653/941
f 818/653/920 817/653/919 832/653/940 833/653/942
f 811/653/921 810/653/918 825/653/941 826/653/943
f 819/653/922 818/653/920 833/653/942 834/653/944
f 812/653/923 811/653/921 826/653/943 827/653/945
f 820/653/924 819/653/922 834/653/944 835/653/946
f 813/653/925 812/653/923 827/653/945 828/653/932
f 821/653/926 820/653/924 835/653/946 836/653/935
f 833/653/942 832/653/940 847/653/947 848/653/948
f 826/653/943 825/653/941 840/653/949 841/653/950
f 834/653/944 833/653/942 848/653/948 849/653/951
f 827/653/945 826/653/943 841/653/950 842/653/952
f 835/653/946 834/653/944 849/653/951 850/653/953
f 828/653/932 827/653/945 842/653/952 843/653/954
f 836/653/935 835/653/946 850/653/953 851/653/955
f 829/653/933 828/653/932 843/653/954 844/653/956
f 822/653/934 529/653/654 837/653/957
f 536/653/656 836/653/935 851/653/955
f 830/653/936 829/653/933 844/653/956 845/653/958
f 823/653/937 822/653/934 837/653/957 838/653/959
f 831/653/938 830/653/936 845/653/958 846/653/960
f 824/653/939 823/653/937 838/653/959 839/653/961
f 832/653/940 831/653/938 846/653/960 847/653/947
f 825/653/941 824/653/939 839/653/961 840/653/949
f 536/653/656 851/653/955 866/653/962
f 845/653/958 844/653/956 859/653/963 860/653/964
f 838/653/959 837/653/957 852/653/965 853/653/966
f 846/653/960 845/653/958 860/653/964 861/653/967
f 839/653/961 838/653/959 853/653/966 854/653/968
f 847/653/947 846/653/960 861/653/967 862/653/969
f 840/653/949 839/653/961 854/653/968 855/653/970
f 848/653/948 847/653/947 862/653/969 863/653/971
f 841/653/950 840/653/949 855/653/970 856/653/972
f 849/653/951 848/653/948 863/653/971 864/653/973
f 842/653/952 841/653/950 856/653/972 857/653/974
f 850/653/953 849/653/951 864/653/973 865/653/975
f 843/653/954 842/653/952 857/653/974 858/653/976
f 851/653/955 850/653/953 865/653/975 866/653/962
f 844/653/956 843/653/954 858/653/976 859/653/963
f 837/653/957 529/653/654 852/653/965
f 864/653/973 863/653/971 878/653/977 879/653/978
f 857/653/974 856/653/972 871/653/979 872/653/980
f 865/653/975 864/653/973 879/653/978 880/653/981
f 858/653/976 857/653/974 872/653/980 873/653/982
f 866/653/962 865/653/975 880/653/981 881/653/983
f 859/653/963 858/653/976 873/653/982 874/653/984
f 852/653/965 529/653/654 867/653/985
f 536/653/656 866/653/962 881/653/983
f 860/653/964 859/653/963 874/653/984 875/653/986
f 853/653/966 852/653/965 867/653/985 868/653/987
f 861/653/967 860/653/964 875/653/986 876/653/988
f 854/653/968 853/653/966 868/653/987 869/653/989
f 862/653/969 861/653/967 876/653/988 877/653/990
f 855/653/970 854/653/968 869/653/989 870/653/991
f 863/653/971 862/653/969 877/653/990 878/653/977
f 856/653/972 855/653/970 870/653/991 871/653/979
f 868/653/987 867/653/985 882/653/992 883/653/993
f 876/653/988 875/653/986 890/653/994 891/653/995
f 869/653/989 868/653/987 883/653/993 884/653/996
f 877/653/990 876/653/988 891/653/995 892/653/997
f 870/653/991 869/653/989 884/653/996 885/653/998
f 878/653/977 877/653/990 892/653/997 893/653/999
f 871/653/979 870/653/991 885/653/998 886/653/1000
f 879/653/978 878/653/977 893/653/999 894/653/1001
f 872/653/980 871/653/979 886/653/1000 887/653/1002
f 880/653/981 879/653/978 894/653/1001 895/653/1003
f 873/653/982 872/653/980 887/653/1002 888/653/1004
f 881/653/983 880/653/981 895/653/1003 896/653/1005
f 874/653/984 873/653/982 888/653/1004 889/653/361
f 867/653/985 529/653/654 882/653/992
f 536/653/656 881/653/983 896/653/1005
f 875/653/986 874/653/984 889/653/361 890/653/994
f 887/653/1002 886/653/1000 901/653/1006 902/653/1007
f 895/653/1003 894/653/1001 909/653/1008 910/653/1009
f 888/653/1004 887/653/1002 902/653/1007 903/653/1010
f 896/653/1005 895/653/1003 910/653/1009 911/653/1011
f 889/653/361 888/653/1004 903/653/1010 904/653/1012
f 882/653/992 529/653/654 897/653/1013
f 536/653/656 896/653/1005 911/653/1011
f 890/653/994 889/653/361 904/653/1012 905/653/1014
f 883/653/993 882/653/992 897/653/1013 898/653/1015
f 891/653/995 890/653/994 905/653/1014 906/653/1016
f 884/653/996 883/653/993 898/653/1015 899/653/1017
f 892/653/997 891/653/995 906/653/1016 907/653/1018
f 885/653/998 884/653/996 899/653/1017 900/653/1019
f 893/653/999 892/653/997 907/653/1018 908/653/1020
f 886/653/1000 885/653/998 900/653/1019 901/653/1006
f 894/653/1001 893/653/999 908/653/1020 909/653/1008
f 906/653/1016 905/653/1014 920/653/1021 921/653/1022
f 899/653/1017 898/653/1015 913/653/1023 914/653/1024
f 907/653/1018 906/653/1016 921/653/1022 922/653/1025
f 900/653/1019 899/653/1017 914/653/1024 915/653/1026
f 908/653/1020 907/653/1018 922/653/1025 923/653/1027
f 901/653/1006 900/653/1019 915/653/1026 916/653/1028
f 909/653/1008 908/653/1020 923/653/1027 924/653/1029
f 902/653/1007 901/653/1006 916/653/1028 917/653/1030
f 910/653/1009 909/653/1008 924/653/1029 925/653/1031
f 903/653/1010 902/653/1007 917/653/1030 918/653/1032
f 911/653/1011 910/653/1009 925/653/1031 926/653/1033
f 904/653/1012 903/653/1010 918/653/1032 919/653/1034
f 897/653/1013 529/653/654 912/653/1035
f 536/653/656 911/653/1011 926/653/1033
f 905/653/1014 904/653/1012 919/653/1034 920/653/1021
f 898/653/1015 897/653/1013 912/653/1035 913/653/1023
f 925/653/1031 924/653/1029 939/653/1036 940/653/1037
f 918/653/1032 917/653/1030 932/653/1038 933/653/1039
f 926/653/1033 925/653/1031 940/653/1037 941/653/1040
f 919/653/1034 918/653/1032 933/653/1039 934/653/1041
f 912/653/1035 529/653/654 927/653/1042
f 536/653/656 926/653/1033 941/653/1040
f 920/653/1021 919/653/1034 934/653/1041 935/653/1043
f 913/653/1023 912/653/1035 927/653/1042 928/653/1044
f 921/653/1022 920/653/1021 935/653/1043 936/653/1045
f 914/653/1024 913/653/1023 928/653/1044 929/653/1046
f 922/653/1025 921/653/1022 936/653/1045 937/653/1047
f 915/653/1026 914/653/1024 929/653/1046 930/653/1048
f 923/653/1027 922/653/1025 937/653/1047 938/653/1049
f 916/653/1028 915/653/1026 930/653/1048 931/653/1050
f 924/653/1029 923/653/1027 938/653/1049 939/653/1036
f 917/653/1030 916/653/1028 931/653/1050 932/653/1038
f 929/653/1046 928/653/1044 943/653/1051 944/653/1052
f 937/653/1047 936/653/1045 951/653/1053 952/653/1054
f 930/653/1048 929/653/1046 944/653/1052 945/653/1055
f 938/653/1049 937/653/1047 952/653/1054 953/653/1056
f 931/653/1050 930/653/1048 945/653/1055 946/653/1057
f 939/653/1036 938/653/1049 953/653/1056 954/653/1058
f 932/653/1038 931/653/1050 946/653/1057 947/653/1059
f 940/653/1037 939/653/1036 954/653/1058 955/653/1060
f 933/653/1039 932/653/1038 947/653/1059 948/653/1061
f 941/653/1040 940/653/1037 955/653/1060 956/653/1062
f 934/653/1041 933/653/1039 948/653/1061 949/653/1063
f 927/653/1042 529/653/654 942/653/1064
f 536/653/656 941/653/1040 956/653/1062
f 935/653/1043 934/653/1041 949/653/1063 950/653/1065
f 928/653/1044 927/653/1042 942/653/1064 943/653/1051
f 936/653/1045 935/653/1043 950/653/1065 951/653/1053
f 948/653/1061 947/653/1059 962/653/1066 963/653/1067
f 956/653/1062 955/653/1060 970/653/1068 971/653/1069
f 949/653/1063 948/653/1061 963/653/1067 964/653/1070
f 942/653/1064 529/653/654 957/653/1071
f 536/653/656 956/653/1062 971/653/1069
f 950/653/1065 949/653/1063 964/653/1070 965/653/1072
f 943/653/1051 942/653/1064 957/653/1071 958/653/1073
f 951/653/1053 950/653/1065 965/653/1072 966/653/1074
f 944/653/1052 943/653/1051 958/653/1073 959/653/1075
f 952/653/1054 951/653/1053 966/653/1074 967/653/1076
f 945/653/1055 944/653/1052 959/653/1075 960/653/1077
f 953/653/1056 952/653/1054 967/653/1076 968/653/1078
f 946/653/1057 945/653/1055 960/653/1077 961/653/1079
f 954/653/1058 953/653/1056 968/653/1078 969/653/1080
f 947/653/1059 946/653/1057 961/653/1079 962/653/1066
f 955/653/1060 954/653/1058 969/653/1080 970/653/1068
f 967/653/1076 966/653/1074 981/653/1081 982/653/1082
f 960/653/1077 959/653/1075 974/653/1083 975/653/1084
f 968/653/1078 967/653/1076 982/653/1082 983/653/1085
f 961/653/1079 960/653/1077 975/653/1084 976/653/1086
f 969/653/1080 968/653/1078 983/653/1085 984/653/1087
f 962/653/1066 961/653/1079 976/653/1086 977/653/1088
f 970/653/1068 969/653/1080 984/653/1087 985/653/1089
f 963/653/1067 962/653/1066 977/653/1088 978/653/1090
f 971/653/1069 970/653/1068 985/653/1089 986/653/1091
f 964/653/1070 963/653/1067 978/653/1090 979/653/1092
f 957/653/1071 529/653/654 972/653/1093
f 536/653/656 971/653/1069 986/653/1091
f 965/653/1072 964/653/1070 979/653/1092 980/653/1094
f 958/653/1073 957/653/1071 972/653/1093 973/653/1095
f 966/653/1074 965/653/1072 980/653/1094 981/653/1081
f 959/653/1075 958/653/1073 973/653/1095 974/653/1083
f 986/653/1091 985/653/1089 1000/653/1096 1001/653/1097
f 979/653/1092 978/653/1090 993/653/1098 994/653/1099
f 972/653/1093 529/653/654 987/653/1100
f 536/653/656 986/653/1091 1001/653/1097
f 980/653/1094 979/653/1092 994/653/1099 995/653/1101
f 973/653/1095 972/653/1093 987/653/1100 988/653/1102
f 981/653/1081 980/653/1094 995/653/1101 996/653/1103
f 974/653/1083 973/653/1095 988/653/1102 989/653/1104
f 982/653/1082 981/653/1081 996/653/1103 997/653/1105
f 975/653/1084 974/653/1083 989/653/1104 990/653/1106
f 983/653/1085 982/653/1082 997/653/1105 998/653/1107
f 976/653/1086 975/653/1084 990/653/1106 991/653/1108
f 984/653/1087 983/653/1085 998/653/1107 999/653/1109
f 977/653/1088 976/653/1086 991/653/1108 992/653/1110
f 985/653/1089 984/653/1087 999/653/1109 1000/653/1096
f 978/653/1090 977/653/1088 992/653/1110 993/653/1098
f 998/653/1107 997/653/1105 535/653/636 1007/653/635
f 991/653/1108 990/653/1106 1004/653/631 531/653/639
f 999/653/1109 998/653/1107 1007/653/635 1008/653/641
f 992/653/1110 991/653/1108 531/653/639 1005/653/643
f 1000/653/1096 999/653/1109 1008/653/641 1009/653/645
f 993/653/1098 992/653/1110 1005/653/643 532/653/647
f 1001/653/1097 1000/653/1096 1009/653/645 1010/653/649
f 994/653/1099 993/653/1098 532/653/647 533/653/651
f 987/653/1100 529/653/654 1002/653/653
f 536/653/656 1001/653/1097 1010/653/649
f 995/653/1101 994/653/1099 533/653/651 534/653/657
f 988/653/1102 987/653/1100 1002/653/653 1003/653/659
f 996/653/1103 995/653/1101 534/653/657 1006/653/661
f 989/653/1104 988/653/1102 1003/653/659 530/653/632
f 997/653/1105 996/653/1103 1006/653/661 535/653/636
f 990/653/1106 989/653/1104 530/653/632 1004/653/631
s 0
f 1011/653/361 1012/653/361 1014/653/361 1013/653/361
f 1013/653/651 1014/653/651 1018/653/651 1017/653/651
f 1017/653/20 1018/653/20 1016/653/20 1015/653/20
f 1015/653/876 1016/653/876 1012/653/876 1011/653/876
f 1013/653/656 1017/653/656 1015/653/656 1011/653/656
f 1018/653/654 1014/653/654 1012/653/654 1016/653/654
