# Blender 5.1.2
# www.blender.org
mtllib wear_apple.mtl
o wear_apple
v -0.256662 1.815298 -0.000000
v -0.367862 1.784456 -0.000000
v -0.482548 1.681759 -0.000000
v -0.540819 1.531518 -0.000000
v -0.559693 1.354297 -0.000000
v -0.518131 1.177075 -0.000000
v -0.452299 1.026834 -0.000000
v -0.347188 0.926446 0.000000
v -0.229091 0.884630 0.000000
v -0.129116 0.892712 0.000000
v -0.037997 0.949117 0.000000
v -0.017197 1.531518 -0.000000
v -0.046869 1.642372 -0.000000
v -0.165769 1.798427 -0.000000
v -0.091614 1.742457 -0.000000
v -0.237125 1.815298 0.098220
v -0.339860 1.784456 0.140774
v -0.445816 1.681759 0.184663
v -0.499651 1.531518 0.206962
v -0.517089 1.354297 0.214185
v -0.478691 1.177075 0.198280
v -0.417869 1.026834 0.173087
v -0.320760 0.926446 0.132863
v -0.211652 0.884630 0.087669
v -0.119288 0.892712 0.049411
v -0.035105 0.949117 0.014541
v -0.015888 1.531518 0.006581
v -0.043302 1.642372 0.017936
v -0.153150 1.798427 0.063437
v -0.084641 1.742457 0.035059
v -0.181488 1.815298 0.181487
v -0.260117 1.784456 0.260117
v -0.341213 1.681759 0.341213
v -0.382416 1.531518 0.382416
v -0.395763 1.354297 0.395763
v -0.366374 1.177075 0.366374
v -0.319823 1.026834 0.319823
v -0.245499 0.926446 0.245499
v -0.161992 0.884630 0.161992
v -0.091299 0.892712 0.091299
v -0.026868 0.949117 0.026868
v -0.012160 1.531518 0.012160
v -0.033142 1.642372 0.033142
v -0.117216 1.798427 0.117216
v -0.064781 1.742457 0.064781
v -0.098220 1.815298 0.237125
v -0.140775 1.784456 0.339860
v -0.184663 1.681759 0.445816
v -0.206962 1.531518 0.499651
v -0.214185 1.354297 0.517089
v -0.198280 1.177075 0.478691
v -0.173087 1.026834 0.417869
v -0.132863 0.926446 0.320760
v -0.087669 0.884630 0.211652
v -0.049411 0.892712 0.119288
v -0.014541 0.949117 0.035105
v -0.006581 1.531518 0.015888
v -0.017936 1.642372 0.043302
v -0.063437 1.798427 0.153150
v -0.035059 1.742457 0.084641
v -0.000000 1.815298 0.256662
v -0.000000 1.784456 0.367862
v 0.000000 1.681759 0.482548
v 0.000000 1.531518 0.540818
v 0.000000 1.354297 0.559693
v 0.000000 1.177075 0.518131
v 0.000000 1.026834 0.452299
v 0.000000 0.926446 0.347188
v 0.000000 0.884630 0.229091
v 0.000000 0.892712 0.129116
v 0.000000 0.949117 0.037997
v -0.000000 1.531518 0.017197
v -0.000000 1.642372 0.046869
v -0.000000 1.798427 0.165769
v -0.000000 1.742457 0.091614
v 0.098220 1.815298 0.237125
v 0.140775 1.784456 0.339860
v 0.184663 1.681759 0.445816
v 0.206962 1.531518 0.499651
v 0.214185 1.354297 0.517089
v 0.198280 1.177075 0.478691
v 0.173087 1.026834 0.417869
v 0.132863 0.926446 0.320760
v 0.087669 0.884630 0.211652
v 0.049411 0.892712 0.119288
v 0.014541 0.949117 0.035105
v 0.006581 1.531518 0.015888
v 0.017936 1.642372 0.043302
v 0.063437 1.798427 0.153150
v 0.035059 1.742457 0.084641
v 0.181488 1.815298 0.181487
v 0.260117 1.784456 0.260117
v 0.341213 1.681759 0.341213
v 0.382416 1.531518 0.382416
v 0.395763 1.354297 0.395763
v 0.366374 1.177075 0.366374
v 0.319823 1.026834 0.319823
v 0.245499 0.926446 0.245499
v 0.161992 0.884630 0.161992
v 0.091299 0.892712 0.091299
v 0.026868 0.949117 0.026868
v 0.012160 1.531518 0.012160
v 0.033142 1.642372 0.033142
v 0.117216 1.798427 0.117216
v 0.064781 1.742457 0.064781
v 0.237125 1.815298 0.098220
v 0.339860 1.784456 0.140774
v 0.445817 1.681759 0.184663
v 0.499651 1.531518 0.206962
v 0.517089 1.354297 0.214185
v 0.478691 1.177075 0.198280
v 0.417869 1.026834 0.173087
v 0.320760 0.926446 0.132863
v 0.211652 0.884630 0.087669
v 0.119288 0.892712 0.049411
v 0.035105 0.949117 0.014541
v 0.015888 1.531518 0.006581
v 0.043302 1.642372 0.017936
v 0.153150 1.798427 0.063437
v 0.084641 1.742457 0.035059
v 0.256662 1.815298 -0.000000
v 0.367862 1.784456 -0.000000
v 0.482548 1.681759 -0.000000
v 0.540819 1.531518 -0.000000
v 0.559693 1.354297 -0.000000
v 0.518131 1.177075 -0.000000
v 0.452299 1.026834 -0.000000
v 0.347188 0.926446 -0.000000
v 0.229091 0.884630 -0.000000
v 0.129116 0.892712 -0.000000
v 0.037997 0.949117 -0.000000
v 0.017197 1.531518 -0.000000
v 0.046870 1.642372 -0.000000
v 0.165769 1.798427 -0.000000
v 0.091614 1.742457 -0.000000
v 0.237125 1.815298 -0.098220
v 0.339860 1.784456 -0.140775
v 0.445816 1.681759 -0.184663
v 0.499651 1.531518 -0.206962
v 0.517089 1.354297 -0.214185
v 0.478691 1.177075 -0.198280
v 0.417869 1.026834 -0.173087
v 0.320760 0.926446 -0.132863
v 0.211652 0.884630 -0.087669
v 0.119288 0.892712 -0.049411
v 0.035105 0.949117 -0.014541
v 0.015888 1.531518 -0.006581
v 0.043302 1.642372 -0.017936
v 0.153150 1.798427 -0.063437
v 0.084641 1.742457 -0.035059
v 0.181488 1.815298 -0.181488
v 0.260117 1.784456 -0.260118
v 0.341213 1.681759 -0.341213
v 0.382416 1.531518 -0.382417
v 0.395763 1.354297 -0.395763
v 0.366374 1.177075 -0.366374
v 0.319823 1.026834 -0.319823
v 0.245499 0.926446 -0.245499
v 0.161992 0.884630 -0.161992
v 0.091299 0.892712 -0.091299
v 0.026868 0.949117 -0.026868
v 0.012160 1.531518 -0.012161
v 0.033142 1.642372 -0.033142
v 0.117216 1.798427 -0.117216
v 0.064781 1.742457 -0.064781
v 0.098220 1.815298 -0.237125
v 0.140774 1.784456 -0.339860
v 0.184663 1.681759 -0.445817
v 0.206962 1.531518 -0.499651
v 0.214185 1.354297 -0.517089
v 0.198280 1.177075 -0.478691
v 0.173087 1.026834 -0.417869
v 0.132863 0.926446 -0.320760
v 0.087669 0.884630 -0.211652
v 0.049411 0.892712 -0.119288
v 0.014541 0.949117 -0.035105
v 0.006581 1.531518 -0.015888
v 0.017936 1.642372 -0.043302
v 0.063437 1.798427 -0.153150
v 0.035059 1.742457 -0.084641
v 0.000000 1.815298 -0.256662
v 0.000000 1.784456 -0.367862
v 0.000000 1.681759 -0.482548
v 0.000000 1.531518 -0.540819
v 0.000000 1.354297 -0.559693
v -0.000000 1.177075 -0.518131
v -0.000000 1.026834 -0.452299
v -0.000000 0.926446 -0.347188
v -0.000000 0.884630 -0.229091
v -0.000000 0.892712 -0.129116
v -0.000000 0.949117 -0.037997
v 0.000000 1.531518 -0.017198
v 0.000000 1.642372 -0.046870
v 0.000000 1.798427 -0.165769
v 0.000000 1.742457 -0.091614
v -0.098220 1.815298 -0.237125
v -0.140775 1.784456 -0.339860
v -0.184663 1.681759 -0.445817
v -0.206962 1.531518 -0.499651
v -0.214185 1.354297 -0.517089
v -0.198280 1.177075 -0.478691
v -0.173087 1.026834 -0.417869
v -0.132863 0.926446 -0.320760
v -0.087669 0.884630 -0.211652
v -0.049411 0.892712 -0.119288
v -0.014541 0.949117 -0.035105
v -0.006581 1.531518 -0.015888
v -0.017936 1.642372 -0.043302
v -0.063437 1.798427 -0.153150
v -0.035059 1.742457 -0.084641
v -0.181488 1.815298 -0.181488
v -0.260118 1.784456 -0.260117
v -0.341213 1.681759 -0.341213
v -0.382417 1.531518 -0.382416
v -0.395763 1.354297 -0.395763
v -0.366374 1.177075 -0.366374
v -0.319823 1.026834 -0.319823
v -0.245499 0.926446 -0.245499
v -0.161992 0.884630 -0.161992
v -0.091299 0.892712 -0.091299
v -0.026868 0.949117 -0.026868
v 0.000000 0.946249 -0.000000
v -0.012160 1.531518 -0.012161
v -0.033142 1.642372 -0.033142
v -0.117216 1.798427 -0.117216
v -0.064781 1.742457 -0.064781
v -0.237125 1.815298 -0.098220
v -0.339860 1.784456 -0.140775
v -0.445817 1.681759 -0.184663
v -0.499651 1.531518 -0.206962
v -0.517089 1.354297 -0.214185
v -0.478691 1.177075 -0.198280
v -0.417869 1.026834 -0.173087
v -0.320760 0.926446 -0.132863
v -0.211652 0.884630 -0.087669
v -0.119288 0.892712 -0.049411
v -0.035105 0.949117 -0.014541
v -0.015888 1.531518 -0.006581
v -0.043302 1.642372 -0.017936
v -0.153150 1.798427 -0.063437
v -0.084641 1.742457 -0.035059
v -0.071803 0.920242 0.000000
v -0.066338 0.920242 0.027478
v -0.050773 0.920242 0.050773
v -0.027478 0.920242 0.066338
v 0.000000 0.920242 0.071803
v 0.027478 0.920242 0.066338
v 0.050773 0.920242 0.050773
v 0.066338 0.920242 0.027478
v 0.071803 0.920242 -0.000000
v 0.066338 0.920242 -0.027478
v 0.050773 0.920242 -0.050773
v 0.027478 0.920242 -0.066338
v -0.000000 0.920242 -0.071803
v -0.027478 0.920242 -0.066338
v -0.050773 0.920242 -0.050773
v -0.066338 0.920242 -0.027478
v 0.021681 1.532364 0.021697
v 0.030661 1.532714 -0.000000
v 0.021681 1.532364 -0.021697
v 0.000000 1.531518 -0.030685
v -0.021681 1.530672 -0.021697
v -0.030661 1.530322 -0.000000
v -0.021681 1.530673 0.021697
v -0.000000 1.531518 0.030684
v 0.013349 1.613113 0.018554
v 0.021029 1.613412 -0.000000
v 0.013349 1.613113 -0.018554
v -0.005190 1.612392 -0.026239
v -0.023730 1.611672 -0.018554
v -0.031410 1.611373 -0.000000
v -0.023730 1.611672 0.018554
v -0.005190 1.612392 0.026239
v 0.009125 1.692174 0.015410
v 0.015507 1.692024 -0.000000
v 0.009125 1.692174 -0.015410
v -0.006281 1.692536 -0.021794
v -0.021687 1.692899 -0.015410
v -0.028068 1.693049 -0.000000
v -0.021687 1.692899 0.015410
v -0.006281 1.692536 0.021793
v 0.011488 1.762097 0.013549
v 0.017056 1.761392 -0.000000
v 0.011488 1.762097 -0.013549
v -0.001954 1.763797 -0.019161
v -0.015396 1.765498 -0.013549
v -0.020963 1.766202 -0.000000
v -0.015396 1.765498 0.013549
v -0.001954 1.763797 0.019161
v 0.022797 1.830395 0.011687
v 0.027467 1.829119 -0.000000
v 0.022797 1.830395 -0.011688
v 0.011524 1.833478 -0.016529
v 0.000250 1.836560 -0.011688
v -0.004420 1.837837 -0.000000
v 0.000250 1.836560 0.011687
v 0.011524 1.833478 0.016529
v 0.045930 1.894317 0.012018
v 0.050486 1.892291 -0.000000
v 0.045930 1.894317 -0.012019
v 0.034949 1.899199 -0.016979
v 0.023989 1.904072 -0.011994
v 0.019456 1.906087 -0.000000
v 0.023989 1.904072 0.011994
v 0.034949 1.899199 0.016979
v 0.078629 1.954094 0.012471
v 0.083033 1.951369 -0.000000
v 0.078629 1.954094 -0.012472
v 0.068024 1.960655 -0.017607
v 0.057454 1.967193 -0.012429
v 0.053086 1.969895 -0.000000
v 0.057454 1.967193 0.012429
v 0.068024 1.960655 0.017607
v 0.110102 1.996130 0.013963
v 0.114718 1.992646 -0.000000
v 0.110102 1.996130 -0.013963
v 0.098957 2.004541 -0.019746
v 0.087812 2.012952 -0.013963
v 0.083195 2.016436 -0.000000
v 0.087812 2.012952 0.013963
v 0.098957 2.004541 0.019746
v 0.145000 2.041927 0.012607
v 0.149173 2.038787 -0.000000
v 0.145000 2.041927 -0.012607
v 0.134927 2.049507 -0.017829
v 0.124854 2.057088 -0.012607
v 0.120681 2.060228 -0.000000
v 0.124854 2.057088 0.012607
v 0.134927 2.049507 0.017829
v 0.143827 2.032504 0.017335
v 0.129975 2.042927 0.024516
v 0.149564 2.028186 -0.000000
v 0.143827 2.032504 -0.017336
v 0.129975 2.042927 -0.024516
v 0.116124 2.053351 -0.017336
v 0.110386 2.057669 -0.000000
v 0.116124 2.053351 0.017335
v 0.134927 2.049507 -0.000000
v 0.000000 1.000000 0.000000
v 0.000000 0.831470 -0.555570
v 0.000000 0.555570 -0.831470
v 0.000000 0.195090 -0.980785
v 0.000000 0.000000 -1.000000
v 0.000000 -0.195090 -0.980785
v 0.000000 -0.555570 -0.831470
v 0.000000 -1.000000 -0.000000
v 0.038060 0.980785 -0.191342
v 0.074658 0.923879 -0.375330
v 0.108386 0.831470 -0.544895
v 0.137950 0.707107 -0.693520
v 0.162212 0.555570 -0.815493
v 0.180240 0.382683 -0.906127
v 0.191342 0.195090 -0.961940
v 0.195090 0.000000 -0.980785
v 0.191342 -0.195090 -0.961940
v 0.180240 -0.382684 -0.906127
v 0.162212 -0.555570 -0.815493
v 0.137950 -0.707107 -0.693520
v 0.108386 -0.831470 -0.544895
v 0.074658 -0.923880 -0.375330
v 0.038060 -0.980785 -0.191342
v 0.074658 0.980785 -0.180240
v 0.146447 0.923879 -0.353553
v 0.212608 0.831470 -0.513280
v 0.270598 0.707107 -0.653281
v 0.318190 0.555570 -0.768178
v 0.353553 0.382683 -0.853553
v 0.375330 0.195090 -0.906127
v 0.382683 0.000000 -0.923879
v 0.375330 -0.195090 -0.906127
v 0.353553 -0.382684 -0.853553
v 0.318190 -0.555570 -0.768178
v 0.270598 -0.707107 -0.653281
v 0.212608 -0.831470 -0.513280
v 0.146447 -0.923880 -0.353553
v 0.074658 -0.980785 -0.180240
v 0.108386 0.980785 -0.162212
v 0.212608 0.923879 -0.318190
v 0.308658 0.831470 -0.461940
v 0.392847 0.707107 -0.587938
v 0.461940 0.555570 -0.691342
v 0.513280 0.382683 -0.768178
v 0.544895 0.195090 -0.815493
v 0.555570 0.000000 -0.831469
v 0.544895 -0.195090 -0.815493
v 0.513280 -0.382684 -0.768178
v 0.461940 -0.555570 -0.691342
v 0.392847 -0.707107 -0.587938
v 0.308658 -0.831470 -0.461940
v 0.212608 -0.923880 -0.318190
v 0.108386 -0.980785 -0.162212
v 0.137950 0.980785 -0.137950
v 0.270598 0.923880 -0.270598
v 0.392847 0.831470 -0.392847
v 0.500000 0.707107 -0.500000
v 0.587938 0.555570 -0.587938
v 0.653281 0.382683 -0.653281
v 0.693520 0.195090 -0.693520
v 0.707107 0.000000 -0.707107
v 0.693520 -0.195090 -0.693520
v 0.653281 -0.382684 -0.653281
v 0.587938 -0.555570 -0.587938
v 0.500000 -0.707107 -0.500000
v 0.392847 -0.831470 -0.392847
v 0.270598 -0.923880 -0.270598
v 0.137950 -0.980785 -0.137950
v 0.162212 0.980785 -0.108386
v 0.318190 0.923880 -0.212608
v 0.461940 0.831470 -0.308658
v 0.587938 0.707107 -0.392847
v 0.691342 0.555570 -0.461940
v 0.768178 0.382683 -0.513280
v 0.815493 0.195090 -0.544895
v 0.831470 0.000000 -0.555570
v 0.815493 -0.195090 -0.544895
v 0.768178 -0.382684 -0.513280
v 0.691342 -0.555570 -0.461940
v 0.587938 -0.707107 -0.392847
v 0.461940 -0.831470 -0.308658
v 0.318190 -0.923880 -0.212608
v 0.162212 -0.980785 -0.108386
v 0.180240 0.980785 -0.074658
v 0.353553 0.923880 -0.146447
v 0.513280 0.831470 -0.212607
v 0.653281 0.707107 -0.270598
v 0.768178 0.555570 -0.318190
v 0.853553 0.382683 -0.353553
v 0.906127 0.195090 -0.375330
v 0.923879 0.000000 -0.382683
v 0.906127 -0.195090 -0.375330
v 0.853553 -0.382684 -0.353553
v 0.768178 -0.555570 -0.318189
v 0.653281 -0.707107 -0.270598
v 0.513280 -0.831470 -0.212607
v 0.353553 -0.923880 -0.146447
v 0.180240 -0.980785 -0.074658
v 0.191342 0.980785 -0.038060
v 0.375330 0.923880 -0.074658
v 0.544895 0.831470 -0.108386
v 0.693520 0.707107 -0.137950
v 0.815493 0.555570 -0.162212
v 0.906127 0.382683 -0.180240
v 0.961940 0.195090 -0.191342
v 0.980785 0.000000 -0.195090
v 0.961940 -0.195090 -0.191342
v 0.906127 -0.382684 -0.180240
v 0.815493 -0.555570 -0.162212
v 0.693520 -0.707107 -0.137950
v 0.544895 -0.831470 -0.108386
v 0.375330 -0.923880 -0.074658
v 0.191342 -0.980785 -0.038060
v 0.195090 0.980785 0.000000
v 0.382683 0.923880 0.000000
v 0.555570 0.831470 0.000000
v 0.707107 0.707107 -0.000000
v 0.831469 0.555570 0.000000
v 0.923879 0.382683 -0.000000
v 0.980785 0.195090 0.000000
v 1.000000 0.000000 0.000000
v 0.980785 -0.195090 0.000000
v 0.923879 -0.382684 -0.000000
v 0.831469 -0.555570 0.000000
v 0.707107 -0.707107 -0.000000
v 0.555570 -0.831470 0.000000
v 0.382683 -0.923880 0.000000
v 0.195090 -0.980785 0.000000
v 0.191342 0.980785 0.038060
v 0.375330 0.923880 0.074658
v 0.544895 0.831470 0.108386
v 0.693520 0.707107 0.137950
v 0.815493 0.555570 0.162212
v 0.906127 0.382683 0.180240
v 0.961940 0.195090 0.191342
v 0.980785 0.000000 0.195090
v 0.961940 -0.195090 0.191342
v 0.906127 -0.382684 0.180240
v 0.815493 -0.555570 0.162212
v 0.693520 -0.707107 0.137950
v 0.544895 -0.831470 0.108386
v 0.375330 -0.923880 0.074658
v 0.191342 -0.980785 0.038060
v 0.180240 0.980785 0.074658
v 0.353553 0.923880 0.146447
v 0.513280 0.831470 0.212608
v 0.653281 0.707107 0.270598
v 0.768178 0.555570 0.318190
v 0.853553 0.382683 0.353553
v 0.906127 0.195090 0.375330
v 0.923879 0.000000 0.382683
v 0.906127 -0.195090 0.375330
v 0.853553 -0.382684 0.353553
v 0.768178 -0.555570 0.318190
v 0.653281 -0.707107 0.270598
v 0.513280 -0.831470 0.212608
v 0.353553 -0.923880 0.146447
v 0.180240 -0.980785 0.074658
v 0.162212 0.980785 0.108386
v 0.318190 0.923880 0.212608
v 0.461940 0.831470 0.308658
v 0.587938 0.707107 0.392847
v 0.691341 0.555570 0.461940
v 0.768178 0.382684 0.513280
v 0.815493 0.195090 0.544895
v 0.831469 0.000000 0.555570
v 0.815493 -0.195090 0.544895
v 0.768178 -0.382684 0.513280
v 0.691341 -0.555570 0.461940
v 0.587938 -0.707107 0.392847
v 0.461940 -0.831470 0.308658
v 0.318190 -0.923880 0.212608
v 0.162212 -0.980785 0.108386
v 0.137950 0.980785 0.137950
v 0.270598 0.923880 0.270598
v 0.392847 0.831470 0.392847
v 0.500000 0.707107 0.500000
v 0.587938 0.555570 0.587938
v 0.653281 0.382683 0.653281
v 0.693520 0.195090 0.693520
v 0.707106 0.000000 0.707107
v 0.693520 -0.195090 0.693520
v 0.653281 -0.382684 0.653281
v 0.587938 -0.555570 0.587938
v 0.500000 -0.707107 0.500000
v 0.392847 -0.831470 0.392847
v 0.270598 -0.923880 0.270598
v 0.137950 -0.980785 0.137950
v 0.108386 0.980785 0.162212
v 0.212607 0.923880 0.318190
v 0.308658 0.831470 0.461940
v 0.392847 0.707107 0.587938
v 0.461940 0.555570 0.691341
v 0.513280 0.382683 0.768178
v 0.544895 0.195090 0.815493
v 0.555570 0.000000 0.831469
v 0.544895 -0.195090 0.815493
v 0.513280 -0.382684 0.768178
v 0.461940 -0.555570 0.691341
v 0.392847 -0.707107 0.587938
v 0.308658 -0.831470 0.461940
v 0.212607 -0.923880 0.318190
v 0.108386 -0.980785 0.162212
v 0.074658 0.980785 0.180240
v 0.146447 0.923880 0.353553
v 0.212607 0.831470 0.513280
v 0.270598 0.707107 0.653281
v 0.318189 0.555570 0.768178
v 0.353553 0.382683 0.853553
v 0.375330 0.195090 0.906127
v 0.382683 0.000000 0.923879
v 0.375330 -0.195090 0.906127
v 0.353553 -0.382683 0.853553
v 0.318189 -0.555570 0.768178
v 0.270598 -0.707107 0.653281
v 0.212607 -0.831470 0.513280
v 0.146447 -0.923880 0.353553
v 0.074658 -0.980785 0.180240
v 0.038060 0.980785 0.191342
v 0.074658 0.923880 0.375330
v 0.108386 0.831470 0.544895
v 0.137950 0.707107 0.693520
v 0.162212 0.555570 0.815493
v 0.180240 0.382683 0.906127
v 0.191342 0.195090 0.961939
v 0.195090 0.000000 0.980785
v 0.191342 -0.195090 0.961939
v 0.180240 -0.382683 0.906127
v 0.162212 -0.555570 0.815493
v 0.137950 -0.707107 0.693520
v 0.108386 -0.831470 0.544895
v 0.074658 -0.923880 0.375330
v 0.038060 -0.980785 0.191342
v -0.000000 0.980785 0.195090
v -0.000000 0.923880 0.382683
v -0.000000 0.831470 0.555570
v -0.000000 0.707107 0.707107
v -0.000000 0.555570 0.831469
v 0.000000 0.382683 0.923879
v -0.000000 0.195090 0.980785
v -0.000000 0.000000 0.999999
v -0.000000 -0.195090 0.980785
v 0.000000 -0.382683 0.923879
v -0.000000 -0.555570 0.831469
v -0.000000 -0.707107 0.707107
v -0.000000 -0.831470 0.555570
v -0.000000 -0.923880 0.382683
v -0.000000 -0.980785 0.195090
v -0.038060 0.980785 0.191342
v -0.074658 0.923880 0.375330
v -0.108386 0.831470 0.544895
v -0.137950 0.707107 0.693520
v -0.162212 0.555570 0.815493
v -0.180240 0.382683 0.906127
v -0.191342 0.195090 0.961939
v -0.195091 0.000000 0.980784
v -0.191342 -0.195090 0.961939
v -0.180240 -0.382683 0.906127
v -0.162212 -0.555570 0.815493
v -0.137950 -0.707107 0.693520
v -0.108386 -0.831470 0.544895
v -0.074658 -0.923880 0.375330
v -0.038060 -0.980785 0.191342
v -0.074658 0.980785 0.180240
v -0.146447 0.923880 0.353553
v -0.212608 0.831470 0.513280
v -0.270598 0.707107 0.653281
v -0.318190 0.555570 0.768177
v -0.353553 0.382683 0.853553
v -0.375330 0.195090 0.906127
v -0.382683 0.000000 0.923879
v -0.375330 -0.195090 0.906127
v -0.353553 -0.382683 0.853553
v -0.318190 -0.555570 0.768177
v -0.270598 -0.707107 0.653281
v -0.212608 -0.831470 0.513280
v -0.146447 -0.923880 0.353553
v -0.074658 -0.980785 0.180240
v -0.108386 0.980785 0.162212
v -0.212608 0.923880 0.318190
v -0.308658 0.831470 0.461939
v -0.392847 0.707107 0.587938
v -0.461940 0.555570 0.691341
v -0.513280 0.382683 0.768178
v -0.544895 0.195090 0.815493
v -0.555570 0.000000 0.831469
v -0.544895 -0.195090 0.815493
v -0.513280 -0.382684 0.768178
v -0.461940 -0.555570 0.691341
v -0.392847 -0.707107 0.587938
v -0.308658 -0.831470 0.461939
v -0.212608 -0.923880 0.318190
v -0.108386 -0.980785 0.162212
v -0.137950 0.980785 0.137950
v -0.270598 0.923880 0.270598
v -0.392847 0.831470 0.392847
v -0.500000 0.707107 0.500000
v -0.587938 0.555570 0.587937
v -0.653281 0.382683 0.653281
v -0.693520 0.195090 0.693520
v -0.707106 0.000000 0.707106
v -0.693520 -0.195090 0.693520
v -0.653281 -0.382684 0.653281
v -0.587938 -0.555570 0.587937
v -0.500000 -0.707107 0.500000
v -0.392847 -0.831470 0.392847
v -0.270598 -0.923880 0.270598
v -0.137950 -0.980785 0.137950
v -0.162212 0.980785 0.108386
v -0.318190 0.923880 0.212607
v -0.461940 0.831470 0.308658
v -0.587938 0.707107 0.392847
v -0.691341 0.555570 0.461939
v -0.768177 0.382684 0.513280
v -0.815493 0.195090 0.544895
v -0.831469 0.000000 0.555569
v -0.815493 -0.195090 0.544895
v -0.768177 -0.382684 0.513280
v -0.691341 -0.555570 0.461939
v -0.587938 -0.707107 0.392847
v -0.461940 -0.831470 0.308658
v -0.318190 -0.923880 0.212607
v -0.162212 -0.980785 0.108386
v -0.180240 0.980785 0.074658
v -0.353553 0.923880 0.146447
v -0.513280 0.831470 0.212607
v -0.653281 0.707107 0.270598
v -0.768177 0.555570 0.318189
v -0.853553 0.382683 0.353553
v -0.906127 0.195090 0.375330
v -0.923879 0.000000 0.382683
v -0.906127 -0.195090 0.375330
v -0.853553 -0.382684 0.353553
v -0.768177 -0.555570 0.318189
v -0.653281 -0.707107 0.270598
v -0.513280 -0.831470 0.212607
v -0.353553 -0.923880 0.146446
v -0.180240 -0.980785 0.074658
v -0.191342 0.980785 0.038060
v -0.375330 0.923880 0.074658
v -0.544895 0.831470 0.108386
v -0.693520 0.707107 0.137950
v -0.815493 0.555570 0.162211
v -0.906127 0.382683 0.180240
v -0.961939 0.195090 0.191341
v -0.980784 0.000000 0.195090
v -0.961939 -0.195090 0.191341
v -0.906127 -0.382684 0.180240
v -0.815493 -0.555570 0.162211
v -0.693520 -0.707107 0.137950
v -0.544895 -0.831470 0.108386
v -0.375330 -0.923880 0.074658
v -0.191342 -0.980785 0.038060
v -0.195090 0.980785 -0.000000
v -0.382683 0.923880 -0.000000
v -0.555570 0.831470 -0.000000
v -0.707107 0.707107 -0.000000
v -0.831469 0.555570 -0.000000
v -0.923879 0.382683 -0.000000
v -0.980785 0.195090 -0.000000
v -0.999999 0.000000 -0.000000
v -0.980785 -0.195090 -0.000000
v -0.923879 -0.382684 -0.000000
v -0.831469 -0.555570 -0.000000
v -0.707107 -0.707107 -0.000000
v -0.555570 -0.831470 -0.000000
v -0.382683 -0.923880 -0.000000
v -0.195090 -0.980785 -0.000000
v -0.191342 0.980785 -0.038060
v -0.375330 0.923880 -0.074658
v -0.544895 0.831470 -0.108386
v -0.693520 0.707107 -0.137950
v -0.815493 0.555570 -0.162212
v -0.906127 0.382683 -0.180240
v -0.961939 0.195090 -0.191342
v -0.980784 0.000000 -0.195091
v -0.961939 -0.195090 -0.191342
v -0.906127 -0.382684 -0.180240
v -0.815493 -0.555570 -0.162212
v -0.693520 -0.707107 -0.137950
v -0.544895 -0.831470 -0.108386
v -0.375330 -0.923880 -0.074658
v -0.191342 -0.980785 -0.038060
v -0.180240 0.980785 -0.074658
v -0.353553 0.923880 -0.146447
v -0.513279 0.831470 -0.212608
v -0.653281 0.707107 -0.270598
v -0.768177 0.555570 -0.318190
v -0.853553 0.382683 -0.353553
v -0.906127 0.195090 -0.375330
v -0.923878 0.000000 -0.382683
v -0.906127 -0.195090 -0.375330
v -0.853553 -0.382684 -0.353553
v -0.768177 -0.555570 -0.318190
v -0.653281 -0.707107 -0.270598
v -0.513279 -0.831470 -0.212607
v -0.353553 -0.923880 -0.146447
v -0.180240 -0.980785 -0.074658
v -0.162212 0.980785 -0.108386
v -0.318189 0.923880 -0.212607
v -0.461939 0.831470 -0.308658
v -0.587938 0.707107 -0.392847
v -0.691341 0.555570 -0.461940
v -0.768177 0.382683 -0.513280
v -0.815493 0.195090 -0.544895
v -0.831468 0.000000 -0.555570
v -0.815493 -0.195090 -0.544895
v -0.768177 -0.382684 -0.513280
v -0.691341 -0.555570 -0.461940
v -0.587938 -0.707107 -0.392847
v -0.461939 -0.831470 -0.308658
v -0.318189 -0.923880 -0.212607
v -0.162212 -0.980785 -0.108386
v -0.137950 0.980785 -0.137950
v -0.270598 0.923880 -0.270598
v -0.392847 0.831470 -0.392847
v -0.500000 0.707107 -0.500000
v -0.587937 0.555570 -0.587938
v -0.653281 0.382683 -0.653281
v -0.693519 0.195090 -0.693520
v -0.707106 0.000000 -0.707106
v -0.693519 -0.195090 -0.693520
v -0.653281 -0.382684 -0.653281
v -0.587937 -0.555570 -0.587938
v -0.500000 -0.707107 -0.500000
v -0.392847 -0.831470 -0.392847
v -0.270598 -0.923880 -0.270598
v -0.137950 -0.980785 -0.137950
v -0.108386 0.980785 -0.162212
v -0.212607 0.923879 -0.318190
v -0.308658 0.831470 -0.461939
v -0.392847 0.707107 -0.587938
v -0.461939 0.555570 -0.691341
v -0.513280 0.382683 -0.768177
v -0.544895 0.195090 -0.815493
v -0.555569 0.000000 -0.831469
v -0.544895 -0.195090 -0.815493
v -0.513280 -0.382684 -0.768177
v -0.461939 -0.555570 -0.691341
v -0.392847 -0.707107 -0.587938
v -0.308658 -0.831470 -0.461939
v -0.212607 -0.923880 -0.318189
v -0.108386 -0.980785 -0.162212
v -0.074658 0.980785 -0.180240
v -0.146446 0.923879 -0.353553
v -0.212607 0.831470 -0.513279
v -0.270598 0.707107 -0.653281
v -0.318189 0.555570 -0.768177
v -0.353553 0.382683 -0.853553
v -0.375330 0.195090 -0.906127
v -0.382683 0.000000 -0.923879
v -0.375330 -0.195090 -0.906127
v -0.353553 -0.382684 -0.853553
v -0.318189 -0.555570 -0.768177
v -0.270598 -0.707107 -0.653281
v -0.212607 -0.831470 -0.513279
v -0.146446 -0.923880 -0.353553
v -0.074658 -0.980785 -0.180240
v -0.038060 0.980785 -0.191342
v -0.074658 0.923879 -0.375330
v -0.108386 0.831470 -0.544895
v -0.137950 0.707107 -0.693520
v -0.162211 0.555570 -0.815493
v -0.180240 0.382683 -0.906127
v -0.191341 0.195090 -0.961939
v -0.195090 0.000000 -0.980784
v -0.191341 -0.195090 -0.961939
v -0.180240 -0.382684 -0.906127
v -0.162211 -0.555570 -0.815493
v -0.137950 -0.707107 -0.693520
v -0.108386 -0.831470 -0.544895
v -0.074658 -0.923880 -0.375330
v -0.038060 -0.980785 -0.191342
v 0.000000 0.980785 -0.195090
v 0.000000 0.923879 -0.382683
v 0.000000 0.707107 -0.707107
v 0.000000 0.382683 -0.923879
v 0.000000 -0.382684 -0.923879
v 0.000000 -0.707107 -0.707107
v 0.000000 -0.831470 -0.555569
v 0.000000 -0.923880 -0.382683
v 0.000000 -0.980785 -0.195090
v -0.581260 -0.262780 1.073478
v -0.581260 0.262780 1.073478
v -0.581260 -0.262780 0.568734
v -0.581260 0.262780 0.568734
v 0.581260 -0.262780 1.073478
v 0.581260 0.262780 1.073478
v 0.581260 -0.262780 0.568734
v 0.581260 0.262780 0.568734
vn -0.5011 0.8654 -0.0000
vn -0.4630 0.8654 0.1918
vn -0.0661 0.9974 0.0274
vn -0.0715 0.9974 -0.0000
vn -0.3543 0.8654 0.3543
vn -0.0506 0.9974 0.0506
vn -0.1918 0.8654 0.4630
vn -0.0274 0.9974 0.0661
vn -0.0000 0.8654 0.5011
vn -0.0000 0.9974 0.0715
vn 0.1918 0.8654 0.4630
vn 0.0274 0.9974 0.0661
vn 0.3543 0.8654 0.3543
vn 0.0506 0.9974 0.0506
vn 0.4630 0.8654 0.1918
vn 0.0661 0.9974 0.0274
vn 0.5011 0.8654 -0.0000
vn 0.0715 0.9974 -0.0000
vn 0.4630 0.8654 -0.1918
vn 0.0661 0.9974 -0.0274
vn 0.3543 0.8654 -0.3543
vn 0.0506 0.9974 -0.0506
vn 0.1918 0.8654 -0.4630
vn 0.0274 0.9974 -0.0661
vn -0.0000 0.8654 -0.5011
vn -0.0000 0.9974 -0.0715
vn -0.1918 0.8654 -0.4630
vn -0.0274 0.9974 -0.0661
vn -0.3543 0.8654 -0.3543
vn -0.0506 0.9974 -0.0506
vn -0.4630 0.8654 -0.1918
vn -0.0661 0.9974 -0.0274
vn -0.8313 0.5558 -0.0000
vn -0.7680 0.5558 0.3181
vn -0.5878 0.5558 0.5878
vn -0.3181 0.5558 0.7680
vn -0.0000 0.5558 0.8313
vn 0.3181 0.5558 0.7680
vn 0.5878 0.5558 0.5878
vn 0.7680 0.5558 0.3181
vn 0.8313 0.5558 -0.0000
vn 0.7680 0.5558 -0.3181
vn 0.5878 0.5558 -0.5878
vn 0.3181 0.5558 -0.7680
vn -0.0000 0.5558 -0.8313
vn -0.3181 0.5558 -0.7680
vn -0.5878 0.5558 -0.5878
vn -0.7680 0.5558 -0.3181
vn -0.9727 0.2321 -0.0000
vn -0.8986 0.2321 0.3722
vn -0.6878 0.2321 0.6878
vn -0.3722 0.2321 0.8986
vn -0.0000 0.2321 0.9727
vn 0.3722 0.2321 0.8986
vn 0.6878 0.2321 0.6878
vn 0.8986 0.2321 0.3722
vn 0.9727 0.2321 -0.0000
vn 0.8986 0.2321 -0.3722
vn 0.6878 0.2321 -0.6878
vn 0.3722 0.2321 -0.8986
vn -0.0000 0.2321 -0.9727
vn -0.3722 0.2321 -0.8986
vn -0.6878 0.2321 -0.6878
vn -0.8986 0.2321 -0.3722
vn -0.9981 -0.0608 -0.0000
vn -0.9222 -0.0608 0.3820
vn -0.7058 -0.0608 0.7058
vn -0.3820 -0.0608 0.9222
vn -0.0000 -0.0608 0.9981
vn 0.3820 -0.0608 0.9222
vn 0.7058 -0.0608 0.7058
vn 0.9222 -0.0608 0.3820
vn 0.9981 -0.0608 -0.0000
vn 0.9222 -0.0608 -0.3820
vn 0.7058 -0.0608 -0.7058
vn 0.3820 -0.0608 -0.9222
vn -0.0000 -0.0608 -0.9981
vn -0.3820 -0.0608 -0.9222
vn -0.7058 -0.0608 -0.7058
vn -0.9222 -0.0608 -0.3820
vn -0.9498 -0.3128 -0.0000
vn -0.8775 -0.3128 0.3635
vn -0.6716 -0.3128 0.6716
vn -0.3635 -0.3128 0.8775
vn -0.0000 -0.3128 0.9498
vn 0.3635 -0.3128 0.8775
vn 0.6716 -0.3128 0.6716
vn 0.8775 -0.3128 0.3635
vn 0.9498 -0.3128 -0.0000
vn 0.8775 -0.3128 -0.3635
vn 0.6716 -0.3128 -0.6716
vn 0.3635 -0.3128 -0.8775
vn -0.0000 -0.3128 -0.9498
vn -0.3635 -0.3128 -0.8775
vn -0.6716 -0.3128 -0.6716
vn -0.8775 -0.3128 -0.3635
vn -0.8270 -0.5622 -0.0000
vn -0.7640 -0.5622 0.3165
vn -0.5848 -0.5622 0.5848
vn -0.3165 -0.5622 0.7640
vn -0.0000 -0.5622 0.8270
vn 0.3165 -0.5622 0.7640
vn 0.5848 -0.5622 0.5848
vn 0.7640 -0.5622 0.3165
vn 0.8270 -0.5622 -0.0000
vn 0.7640 -0.5622 -0.3165
vn 0.5848 -0.5622 -0.5848
vn 0.3165 -0.5622 -0.7640
vn -0.0000 -0.5622 -0.8270
vn -0.3165 -0.5622 -0.7640
vn -0.5848 -0.5622 -0.5848
vn -0.7640 -0.5622 -0.3165
vn -0.5423 -0.8402 -0.0000
vn -0.5010 -0.8402 0.2075
vn -0.3835 -0.8402 0.3835
vn -0.2075 -0.8402 0.5010
vn -0.0000 -0.8402 0.5423
vn 0.2075 -0.8402 0.5010
vn 0.3835 -0.8402 0.3835
vn 0.5010 -0.8402 0.2075
vn 0.5423 -0.8402 -0.0000
vn 0.5010 -0.8402 -0.2075
vn 0.3835 -0.8402 -0.3835
vn 0.2075 -0.8402 -0.5010
vn -0.0000 -0.8402 -0.5423
vn -0.2075 -0.8402 -0.5010
vn -0.3835 -0.8402 -0.3835
vn -0.5010 -0.8402 -0.2075
vn -0.1549 -0.9879 -0.0000
vn -0.1432 -0.9879 0.0593
vn -0.1096 -0.9879 0.1096
vn -0.0593 -0.9879 0.1432
vn -0.0000 -0.9879 0.1549
vn 0.0593 -0.9879 0.1432
vn 0.1096 -0.9879 0.1096
vn 0.1432 -0.9879 0.0593
vn 0.1549 -0.9879 -0.0000
vn 0.1432 -0.9879 -0.0593
vn 0.1096 -0.9879 -0.1096
vn 0.0593 -0.9879 -0.1432
vn -0.0000 -0.9879 -0.1549
vn -0.0593 -0.9879 -0.1432
vn -0.1096 -0.9879 -0.1096
vn -0.1432 -0.9879 -0.0593
vn 0.2397 -0.9709 -0.0000
vn 0.2214 -0.9709 -0.0917
vn 0.1695 -0.9709 -0.1695
vn 0.0917 -0.9709 -0.2214
vn -0.0000 -0.9709 -0.2397
vn -0.0917 -0.9709 -0.2214
vn -0.1695 -0.9709 -0.1695
vn -0.2214 -0.9709 -0.0917
vn -0.2397 -0.9709 -0.0000
vn -0.2214 -0.9709 0.0917
vn -0.1695 -0.9709 0.1695
vn -0.0917 -0.9709 0.2214
vn -0.0000 -0.9709 0.2397
vn 0.0917 -0.9709 0.2214
vn 0.1695 -0.9709 0.1695
vn 0.2214 -0.9709 0.0917
vn 0.5343 -0.8453 -0.0000
vn 0.4936 -0.8453 -0.2045
vn 0.3778 -0.8453 -0.3778
vn 0.2045 -0.8453 -0.4936
vn -0.0000 -0.8453 -0.5343
vn -0.2045 -0.8453 -0.4936
vn -0.3778 -0.8453 -0.3778
vn -0.4936 -0.8453 -0.2045
vn -0.5343 -0.8453 -0.0000
vn -0.4936 -0.8453 0.2045
vn -0.3778 -0.8453 0.3778
vn -0.2045 -0.8453 0.4936
vn -0.0000 -0.8453 0.5343
vn 0.2045 -0.8453 0.4936
vn 0.3778 -0.8453 0.3778
vn 0.4936 -0.8453 0.2045
vn 0.1348 -0.9359 -0.3255
vn 0.2508 -0.9350 -0.2508
vn -0.0000 -1.0000 -0.0000
vn -0.0000 -0.9350 -0.3547
vn -0.1348 -0.9359 -0.3255
vn -0.2508 -0.9350 -0.2508
vn -0.3255 -0.9359 -0.1348
vn -0.3547 -0.9350 -0.0000
vn -0.3255 -0.9359 0.1348
vn -0.2508 -0.9350 0.2508
vn -0.1348 -0.9359 0.3255
vn -0.0000 -0.9350 0.3547
vn 0.1348 -0.9359 0.3255
vn 0.2508 -0.9350 0.2508
vn 0.3255 -0.9359 0.1348
vn 0.3547 -0.9350 -0.0000
vn 0.9413 0.3376 -0.0000
vn 0.8697 0.3376 -0.3602
vn 0.8925 0.2586 -0.3697
vn 0.9660 0.2586 -0.0000
vn 0.6656 0.3376 -0.6656
vn 0.6831 0.2586 -0.6831
vn 0.3602 0.3376 -0.8697
vn 0.3697 0.2586 -0.8925
vn -0.0000 0.3376 -0.9413
vn -0.0000 0.2586 -0.9660
vn -0.3602 0.3376 -0.8697
vn -0.3697 0.2586 -0.8925
vn -0.6656 0.3376 -0.6656
vn -0.6831 0.2586 -0.6831
vn -0.8697 0.3376 -0.3602
vn -0.8925 0.2586 -0.3697
vn -0.9413 0.3376 -0.0000
vn -0.9660 0.2586 -0.0000
vn -0.8697 0.3376 0.3602
vn -0.8925 0.2586 0.3697
vn -0.6656 0.3376 0.6656
vn -0.6831 0.2586 0.6831
vn -0.3602 0.3376 0.8697
vn -0.3697 0.2586 0.8925
vn -0.0000 0.3376 0.9413
vn -0.0000 0.2586 0.9660
vn 0.3602 0.3376 0.8697
vn 0.3697 0.2586 0.8925
vn 0.6656 0.3376 0.6656
vn 0.6831 0.2586 0.6831
vn 0.8697 0.3376 0.3602
vn 0.8925 0.2586 0.3697
vn 0.7697 0.6384 -0.0000
vn 0.7111 0.6384 -0.2946
vn 0.5443 0.6384 -0.5443
vn 0.2946 0.6384 -0.7111
vn -0.0000 0.6384 -0.7697
vn -0.2946 0.6384 -0.7111
vn -0.5443 0.6384 -0.5443
vn -0.7111 0.6384 -0.2946
vn -0.7697 0.6384 -0.0000
vn -0.7111 0.6384 0.2946
vn -0.5443 0.6384 0.5443
vn -0.2946 0.6384 0.7111
vn -0.0000 0.6384 0.7697
vn 0.2946 0.6384 0.7111
vn 0.5443 0.6384 0.5443
vn 0.7111 0.6384 0.2946
vn 0.3499 0.9255 -0.1449
vn 0.3787 0.9255 -0.0000
vn 0.2678 0.9255 -0.2678
vn 0.1449 0.9255 -0.3499
vn -0.0000 0.9255 -0.3787
vn -0.1449 0.9255 -0.3499
vn -0.2678 0.9255 -0.2678
vn -0.3499 0.9255 -0.1449
vn -0.3787 0.9255 -0.0000
vn -0.3499 0.9255 0.1449
vn -0.2678 0.9255 0.2678
vn -0.1449 0.9255 0.3499
vn -0.0000 0.9255 0.3787
vn 0.1449 0.9255 0.3499
vn 0.2678 0.9255 0.2678
vn 0.3499 0.9255 0.1449
vn 0.3255 -0.9359 -0.1348
vn 0.7048 0.1001 0.7023
vn 0.7006 0.0829 0.7087
vn -0.0076 0.0548 0.9985
vn 0.0038 0.0551 0.9985
vn 0.9930 0.1185 -0.0000
vn 0.9955 0.0946 -0.0000
vn 0.7048 0.1001 -0.7023
vn 0.7006 0.0829 -0.7087
vn 0.0038 0.0551 -0.9985
vn -0.0076 0.0548 -0.9985
vn -0.7045 0.0097 -0.7096
vn -0.7104 0.0270 -0.7033
vn -1.0000 -0.0092 -0.0000
vn -0.9999 0.0156 -0.0000
vn -0.7045 0.0097 0.7096
vn -0.7104 0.0270 0.7033
vn 0.7027 0.0307 0.7108
vn -0.0080 0.0464 0.9989
vn 0.9997 0.0242 -0.0000
vn 0.7027 0.0307 -0.7108
vn -0.0080 0.0464 -0.9989
vn -0.7097 0.0621 -0.7018
vn -0.9976 0.0686 -0.0000
vn -0.7097 0.0621 0.7018
vn 0.6978 -0.0498 0.7146
vn -0.0109 0.0386 0.9992
vn 0.9962 -0.0870 -0.0000
vn 0.6978 -0.0498 -0.7146
vn -0.0109 0.0386 -0.9992
vn -0.7041 0.1253 -0.6990
vn -0.9870 0.1607 -0.0000
vn -0.7041 0.1253 0.6989
vn 0.6761 -0.1683 0.7173
vn -0.0155 0.0202 0.9997
vn 0.9687 -0.2481 -0.0000
vn 0.6761 -0.1683 -0.7173
vn -0.0155 0.0202 -0.9997
vn -0.6875 0.2034 -0.6971
vn -0.9606 0.2779 -0.0000
vn -0.6875 0.2034 0.6971
vn 0.6336 -0.2904 0.7171
vn -0.0210 0.0009 0.9998
vn 0.9104 -0.4137 -0.0000
vn 0.6336 -0.2904 -0.7171
vn -0.0210 0.0009 -0.9998
vn -0.6578 0.2842 -0.6975
vn -0.9168 0.3994 -0.0000
vn -0.6578 0.2842 0.6975
vn 0.5807 -0.3888 0.7153
vn -0.0270 -0.0121 0.9996
vn 0.8368 -0.5476 -0.0000
vn 0.5807 -0.3888 -0.7153
vn -0.0270 -0.0121 -0.9996
vn -0.6208 0.3556 -0.6987
vn -0.8629 0.5054 -0.0000
vn -0.6208 0.3556 0.6987
vn 0.5183 -0.4779 0.7092
vn -0.0475 -0.0500 0.9976
vn 0.7544 -0.6564 -0.0000
vn 0.5183 -0.4779 -0.7092
vn -0.0475 -0.0500 -0.9976
vn -0.6072 0.3731 -0.7015
vn -0.8372 0.5469 -0.0000
vn -0.6072 0.3731 0.7015
vn 0.7013 -0.2091 0.6815
vn 0.1635 0.2096 0.9640
vn 0.9240 -0.3824 -0.0000
vn 0.7013 -0.2091 -0.6815
vn 0.1635 0.2096 -0.9640
vn -0.3743 0.6286 -0.6817
vn -0.5970 0.8022 -0.0000
vn -0.3743 0.6286 0.6817
vn 0.6013 0.7990 -0.0000
vn 0.9243 0.3816 -0.0000
vn 0.8052 0.4713 -0.3600
vn 0.5175 0.6877 -0.5091
vn 0.8052 0.4713 0.3600
vn 0.5175 0.6877 0.5091
vn 0.2299 0.9042 -0.3600
vn 0.1108 0.9938 -0.0000
vn 0.2299 0.9042 0.3600
vn -0.0000 0.7041 -0.7101
vn -0.0000 0.8286 -0.5598
vn 0.1092 0.8286 -0.5490
vn 0.1385 0.7041 -0.6965
vn -0.0000 -0.7041 -0.7101
vn -0.0000 -0.5528 -0.8333
vn 0.1626 -0.5528 -0.8173
vn 0.1385 -0.7041 -0.6965
vn -0.0000 0.5528 -0.8333
vn 0.1626 0.5528 -0.8173
vn -0.0000 -0.8286 -0.5598
vn 0.1092 -0.8286 -0.5490
vn -0.0000 0.3805 -0.9248
vn 0.1804 0.3805 -0.9070
vn -0.0000 -0.9217 -0.3879
vn 0.0757 -0.9217 -0.3804
vn -0.0000 0.1939 -0.9810
vn 0.1914 0.1939 -0.9622
vn -0.0000 -0.9796 -0.2010
vn 0.0392 -0.9796 -0.1971
vn -0.0000 -0.0000 -1.0000
vn 0.1951 -0.0000 -0.9808
vn -0.0000 0.9796 -0.2010
vn -0.0000 1.0000 -0.0000
vn 0.0392 0.9796 -0.1971
vn -0.0000 -0.1939 -0.9810
vn 0.1914 -0.1939 -0.9622
vn -0.0000 0.9217 -0.3879
vn 0.0757 0.9217 -0.3804
vn -0.0000 -0.3805 -0.9248
vn 0.1804 -0.3805 -0.9070
vn 0.3754 -0.1939 -0.9063
vn 0.3539 -0.3805 -0.8544
vn 0.1484 0.9217 -0.3584
vn 0.2142 0.8286 -0.5172
vn 0.3189 -0.5528 -0.7699
vn 0.2718 0.7041 -0.6561
vn 0.2718 -0.7041 -0.6561
vn 0.3189 0.5528 -0.7699
vn 0.2142 -0.8286 -0.5172
vn 0.3539 0.3805 -0.8544
vn 0.1484 -0.9217 -0.3584
vn 0.3754 0.1939 -0.9063
vn 0.0769 -0.9796 -0.1857
vn 0.3827 -0.0000 -0.9239
vn 0.0769 0.9796 -0.1857
vn 0.3110 -0.8286 -0.4654
vn 0.2155 -0.9217 -0.3225
vn 0.5138 0.3805 -0.7689
vn 0.5450 0.1939 -0.8157
vn 0.1117 -0.9796 -0.1671
vn 0.5556 -0.0000 -0.8315
vn 0.1117 0.9796 -0.1671
vn 0.5450 -0.1939 -0.8157
vn 0.2155 0.9217 -0.3225
vn 0.5138 -0.3805 -0.7689
vn 0.3110 0.8286 -0.4654
vn 0.4630 -0.5528 -0.6929
vn 0.3945 0.7041 -0.5905
vn 0.3945 -0.7041 -0.5905
vn 0.4630 0.5528 -0.6929
vn 0.6539 -0.3805 -0.6539
vn 0.5893 -0.5528 -0.5893
vn 0.3958 0.8286 -0.3958
vn 0.5021 0.7041 -0.5021
vn 0.5021 -0.7041 -0.5021
vn 0.5893 0.5528 -0.5893
vn 0.3958 -0.8286 -0.3958
vn 0.6539 0.3805 -0.6539
vn 0.2743 -0.9217 -0.2743
vn 0.6937 0.1939 -0.6937
vn 0.1421 -0.9796 -0.1421
vn 0.7071 -0.0000 -0.7071
vn 0.1421 0.9796 -0.1421
vn 0.6937 -0.1939 -0.6937
vn 0.2743 0.9217 -0.2743
vn 0.3225 -0.9217 -0.2155
vn 0.1671 -0.9796 -0.1117
vn 0.8157 0.1939 -0.5450
vn 0.8315 -0.0000 -0.5556
vn 0.1671 0.9796 -0.1117
vn 0.8157 -0.1939 -0.5450
vn 0.3225 0.9217 -0.2155
vn 0.7689 -0.3805 -0.5138
vn 0.4654 0.8286 -0.3110
vn 0.6929 -0.5528 -0.4630
vn 0.5905 0.7041 -0.3945
vn 0.5905 -0.7041 -0.3945
vn 0.6929 0.5528 -0.4630
vn 0.4654 -0.8286 -0.3110
vn 0.7689 0.3805 -0.5138
vn 0.5172 0.8286 -0.2142
vn 0.6561 0.7041 -0.2718
vn 0.7699 -0.5528 -0.3189
vn 0.6561 -0.7041 -0.2718
vn 0.7699 0.5528 -0.3189
vn 0.5172 -0.8286 -0.2142
vn 0.8544 0.3805 -0.3539
vn 0.3584 -0.9217 -0.1484
vn 0.9063 0.1939 -0.3754
vn 0.1857 -0.9796 -0.0769
vn 0.9239 -0.0000 -0.3827
vn 0.1857 0.9796 -0.0769
vn 0.9063 -0.1939 -0.3754
vn 0.3584 0.9217 -0.1484
vn 0.8544 -0.3805 -0.3539
vn 0.9622 0.1939 -0.1914
vn 0.9808 -0.0000 -0.1951
vn 0.1971 0.9796 -0.0392
vn 0.1971 -0.9796 -0.0392
vn 0.9622 -0.1939 -0.1914
vn 0.3804 0.9217 -0.0757
vn 0.9070 -0.3805 -0.1804
vn 0.5490 0.8286 -0.1092
vn 0.8173 -0.5528 -0.1626
vn 0.6965 0.7041 -0.1385
vn 0.6965 -0.7041 -0.1385
vn 0.8173 0.5528 -0.1626
vn 0.5490 -0.8286 -0.1092
vn 0.9070 0.3805 -0.1804
vn 0.3804 -0.9217 -0.0757
vn 0.8333 -0.5528 -0.0000
vn 0.7101 -0.7041 -0.0000
vn 0.7101 0.7041 -0.0000
vn 0.8333 0.5528 -0.0000
vn 0.5598 -0.8286 -0.0000
vn 0.9248 0.3805 -0.0000
vn 0.3879 -0.9217 -0.0000
vn 0.9810 0.1939 -0.0000
vn 0.2010 -0.9796 -0.0000
vn 1.0000 -0.0000 -0.0000
vn 0.2010 0.9796 -0.0000
vn 0.9810 -0.1939 -0.0000
vn 0.3879 0.9217 -0.0000
vn 0.9248 -0.3805 -0.0000
vn 0.5598 0.8286 -0.0000
vn 0.1971 0.9796 0.0392
vn 0.1971 -0.9796 0.0392
vn 0.9808 -0.0000 0.1951
vn 0.9622 -0.1939 0.1914
vn 0.3804 0.9217 0.0757
vn 0.9070 -0.3805 0.1804
vn 0.5490 0.8286 0.1092
vn 0.8173 -0.5528 0.1626
vn 0.6965 0.7041 0.1385
vn 0.6965 -0.7041 0.1385
vn 0.8173 0.5528 0.1626
vn 0.5490 -0.8286 0.1092
vn 0.9070 0.3805 0.1804
vn 0.3804 -0.9217 0.0757
vn 0.9622 0.1939 0.1914
vn 0.6561 0.7041 0.2718
vn 0.7699 0.5528 0.3189
vn 0.6561 -0.7041 0.2718
vn 0.5172 -0.8286 0.2142
vn 0.8544 0.3805 0.3539
vn 0.3584 -0.9217 0.1484
vn 0.9063 0.1939 0.3754
vn 0.1857 -0.9796 0.0769
vn 0.9239 -0.0000 0.3827
vn 0.1857 0.9796 0.0769
vn 0.9063 -0.1939 0.3754
vn 0.3584 0.9217 0.1484
vn 0.8544 -0.3805 0.3539
vn 0.5172 0.8286 0.2142
vn 0.7699 -0.5528 0.3189
vn 0.8315 -0.0000 0.5556
vn 0.8157 -0.1939 0.5450
vn 0.1671 0.9796 0.1117
vn 0.3225 0.9217 0.2155
vn 0.7689 -0.3805 0.5138
vn 0.4654 0.8286 0.3110
vn 0.6929 -0.5528 0.4630
vn 0.5905 0.7041 0.3945
vn 0.5905 -0.7041 0.3945
vn 0.6929 0.5528 0.4630
vn 0.4654 -0.8286 0.3110
vn 0.7689 0.3805 0.5138
vn 0.3225 -0.9217 0.2155
vn 0.8157 0.1939 0.5450
vn 0.1671 -0.9796 0.1117
vn 0.5021 -0.7041 0.5021
vn 0.3958 -0.8286 0.3958
vn 0.5893 0.5528 0.5893
vn 0.6539 0.3805 0.6539
vn 0.2743 -0.9217 0.2743
vn 0.6937 0.1939 0.6937
vn 0.1421 -0.9796 0.1421
vn 0.7071 -0.0000 0.7071
vn 0.1421 0.9796 0.1421
vn 0.6937 -0.1939 0.6937
vn 0.2743 0.9217 0.2743
vn 0.6539 -0.3805 0.6539
vn 0.3958 0.8286 0.3958
vn 0.5893 -0.5528 0.5893
vn 0.5021 0.7041 0.5021
vn 0.5450 -0.1939 0.8157
vn 0.5138 -0.3805 0.7689
vn 0.2155 0.9217 0.3225
vn 0.3110 0.8286 0.4654
vn 0.4630 -0.5528 0.6929
vn 0.3945 0.7041 0.5905
vn 0.3945 -0.7041 0.5905
vn 0.4630 0.5528 0.6929
vn 0.3110 -0.8286 0.4654
vn 0.5138 0.3805 0.7689
vn 0.2155 -0.9217 0.3225
vn 0.5450 0.1939 0.8157
vn 0.1117 -0.9796 0.1671
vn 0.5556 -0.0000 0.8315
vn 0.1117 0.9796 0.1671
vn 0.2142 -0.8286 0.5172
vn 0.1484 -0.9217 0.3584
vn 0.3539 0.3805 0.8544
vn 0.3754 0.1939 0.9063
vn 0.0769 -0.9796 0.1857
vn 0.3827 -0.0000 0.9239
vn 0.0769 0.9796 0.1857
vn 0.3754 -0.1939 0.9063
vn 0.1484 0.9217 0.3584
vn 0.3539 -0.3805 0.8544
vn 0.2142 0.8286 0.5172
vn 0.3189 -0.5528 0.7699
vn 0.2718 0.7041 0.6561
vn 0.2718 -0.7041 0.6561
vn 0.3189 0.5528 0.7699
vn 0.0757 0.9217 0.3804
vn 0.1092 0.8286 0.5490
vn 0.1804 -0.3805 0.9070
vn 0.1626 -0.5528 0.8173
vn 0.1385 0.7041 0.6965
vn 0.1385 -0.7041 0.6965
vn 0.1626 0.5528 0.8173
vn 0.1092 -0.8286 0.5490
vn 0.1804 0.3805 0.9070
vn 0.0757 -0.9217 0.3804
vn 0.1914 0.1939 0.9622
vn 0.0392 -0.9796 0.1971
vn 0.1951 -0.0000 0.9808
vn 0.0392 0.9796 0.1971
vn 0.1914 -0.1939 0.9622
vn -0.0000 0.3805 0.9248
vn -0.0000 0.1939 0.9810
vn -0.0000 -0.9217 0.3879
vn -0.0000 -0.9796 0.2010
vn -0.0000 -0.0000 1.0000
vn -0.0000 0.9796 0.2010
vn -0.0000 -0.1939 0.9810
vn -0.0000 0.9217 0.3879
vn -0.0000 -0.3805 0.9248
vn -0.0000 0.8286 0.5598
vn -0.0000 -0.5528 0.8333
vn -0.0000 0.7041 0.7101
vn -0.0000 -0.7041 0.7101
vn -0.0000 0.5528 0.8333
vn -0.0000 -0.8286 0.5598
vn -0.1804 -0.3805 0.9070
vn -0.1626 -0.5528 0.8173
vn -0.1092 0.8286 0.5490
vn -0.1385 0.7041 0.6965
vn -0.1385 -0.7041 0.6965
vn -0.1626 0.5528 0.8173
vn -0.1092 -0.8286 0.5490
vn -0.1804 0.3805 0.9070
vn -0.0757 -0.9217 0.3804
vn -0.1914 0.1939 0.9622
vn -0.0392 -0.9796 0.1971
vn -0.1951 -0.0000 0.9808
vn -0.0392 0.9796 0.1971
vn -0.1914 -0.1939 0.9622
vn -0.0757 0.9217 0.3804
vn -0.1484 -0.9217 0.3584
vn -0.0769 -0.9796 0.1857
vn -0.3754 0.1939 0.9063
vn -0.3827 -0.0000 0.9239
vn -0.0769 0.9796 0.1857
vn -0.3754 -0.1939 0.9063
vn -0.1484 0.9217 0.3584
vn -0.3539 -0.3805 0.8544
vn -0.2142 0.8286 0.5172
vn -0.3189 -0.5528 0.7699
vn -0.2718 0.7041 0.6561
vn -0.2718 -0.7041 0.6561
vn -0.3189 0.5528 0.7699
vn -0.2142 -0.8286 0.5172
vn -0.3539 0.3805 0.8544
vn -0.3110 0.8286 0.4654
vn -0.3945 0.7041 0.5905
vn -0.4630 -0.5528 0.6929
vn -0.3945 -0.7041 0.5905
vn -0.4630 0.5528 0.6929
vn -0.3110 -0.8286 0.4654
vn -0.5138 0.3805 0.7689
vn -0.2155 -0.9217 0.3225
vn -0.5450 0.1939 0.8157
vn -0.1117 -0.9796 0.1671
vn -0.5556 -0.0000 0.8315
vn -0.1117 0.9796 0.1671
vn -0.5450 -0.1939 0.8157
vn -0.2155 0.9217 0.3225
vn -0.5138 -0.3805 0.7689
vn -0.6937 0.1939 0.6937
vn -0.7071 -0.0000 0.7071
vn -0.1421 0.9796 0.1421
vn -0.1421 -0.9796 0.1421
vn -0.6937 -0.1939 0.6937
vn -0.2743 0.9217 0.2743
vn -0.6539 -0.3805 0.6539
vn -0.3958 0.8286 0.3958
vn -0.5893 -0.5528 0.5893
vn -0.5021 0.7041 0.5021
vn -0.5021 -0.7041 0.5021
vn -0.5893 0.5528 0.5893
vn -0.3958 -0.8286 0.3958
vn -0.6539 0.3805 0.6539
vn -0.2743 -0.9217 0.2743
vn -0.6929 -0.5528 0.4630
vn -0.5905 -0.7041 0.3945
vn -0.5905 0.7041 0.3945
vn -0.6929 0.5528 0.4630
vn -0.4654 -0.8286 0.3110
vn -0.7689 0.3805 0.5138
vn -0.3225 -0.9217 0.2155
vn -0.8157 0.1939 0.5450
vn -0.1671 -0.9796 0.1117
vn -0.8315 -0.0000 0.5556
vn -0.1671 0.9796 0.1117
vn -0.8157 -0.1939 0.5450
vn -0.3225 0.9217 0.2155
vn -0.7689 -0.3805 0.5138
vn -0.4654 0.8286 0.3110
vn -0.1857 -0.9796 0.0769
vn -0.9239 -0.0000 0.3827
vn -0.9063 -0.1939 0.3754
vn -0.1857 0.9796 0.0769
vn -0.3584 0.9217 0.1484
vn -0.8544 -0.3805 0.3539
vn -0.5172 0.8286 0.2142
vn -0.7699 -0.5528 0.3189
vn -0.6561 0.7041 0.2718
vn -0.6561 -0.7041 0.2718
vn -0.7699 0.5528 0.3189
vn -0.5172 -0.8286 0.2142
vn -0.8544 0.3805 0.3539
vn -0.3584 -0.9217 0.1484
vn -0.9063 0.1939 0.3754
vn -0.6965 -0.7041 0.1385
vn -0.5490 -0.8286 0.1092
vn -0.8173 0.5528 0.1626
vn -0.9070 0.3805 0.1804
vn -0.3804 -0.9217 0.0757
vn -0.9622 0.1939 0.1914
vn -0.1971 -0.9796 0.0392
vn -0.9808 -0.0000 0.1951
vn -0.1971 0.9796 0.0392
vn -0.9622 -0.1939 0.1914
vn -0.3804 0.9217 0.0757
vn -0.9070 -0.3805 0.1804
vn -0.5490 0.8286 0.1092
vn -0.8173 -0.5528 0.1626
vn -0.6965 0.7041 0.1385
vn -0.2010 0.9796 -0.0000
vn -0.3879 0.9217 -0.0000
vn -0.9810 -0.1939 -0.0000
vn -0.9248 -0.3805 -0.0000
vn -0.5598 0.8286 -0.0000
vn -0.8333 -0.5528 -0.0000
vn -0.7101 0.7041 -0.0000
vn -0.7101 -0.7041 -0.0000
vn -0.8333 0.5528 -0.0000
vn -0.5598 -0.8286 -0.0000
vn -0.9248 0.3805 -0.0000
vn -0.3879 -0.9217 -0.0000
vn -0.9810 0.1939 -0.0000
vn -0.2010 -0.9796 -0.0000
vn -1.0000 -0.0000 -0.0000
vn -0.8173 0.5528 -0.1626
vn -0.9070 0.3805 -0.1804
vn -0.5490 -0.8286 -0.1092
vn -0.3804 -0.9217 -0.0757
vn -0.9622 0.1939 -0.1914
vn -0.1971 -0.9796 -0.0392
vn -0.9808 -0.0000 -0.1951
vn -0.1971 0.9796 -0.0392
vn -0.9622 -0.1939 -0.1914
vn -0.3804 0.9217 -0.0757
vn -0.9070 -0.3805 -0.1804
vn -0.5490 0.8286 -0.1092
vn -0.8173 -0.5528 -0.1626
vn -0.6965 0.7041 -0.1385
vn -0.6965 -0.7041 -0.1385
vn -0.9063 -0.1939 -0.3754
vn -0.8544 -0.3805 -0.3539
vn -0.3584 0.9217 -0.1484
vn -0.5172 0.8286 -0.2142
vn -0.7699 -0.5528 -0.3189
vn -0.6561 0.7041 -0.2718
vn -0.6561 -0.7041 -0.2718
vn -0.7699 0.5528 -0.3189
vn -0.5172 -0.8286 -0.2142
vn -0.8544 0.3805 -0.3539
vn -0.3584 -0.9217 -0.1484
vn -0.9063 0.1939 -0.3754
vn -0.1857 -0.9796 -0.0769
vn -0.9239 -0.0000 -0.3827
vn -0.1857 0.9796 -0.0769
vn -0.4654 -0.8286 -0.3110
vn -0.3225 -0.9217 -0.2155
vn -0.7689 0.3805 -0.5138
vn -0.8157 0.1939 -0.5450
vn -0.1671 -0.9796 -0.1117
vn -0.8315 -0.0000 -0.5556
vn -0.1671 0.9796 -0.1117
vn -0.8157 -0.1939 -0.5450
vn -0.3225 0.9217 -0.2155
vn -0.7689 -0.3805 -0.5138
vn -0.4654 0.8286 -0.3110
vn -0.6929 -0.5528 -0.4630
vn -0.5905 0.7041 -0.3945
vn -0.5905 -0.7041 -0.3945
vn -0.6929 0.5528 -0.4630
vn -0.2743 0.9217 -0.2743
vn -0.3958 0.8286 -0.3958
vn -0.6539 -0.3805 -0.6539
vn -0.5893 -0.5528 -0.5893
vn -0.5021 0.7041 -0.5021
vn -0.5021 -0.7041 -0.5021
vn -0.5893 0.5528 -0.5893
vn -0.3958 -0.8286 -0.3958
vn -0.6539 0.3805 -0.6539
vn -0.2743 -0.9217 -0.2743
vn -0.6937 0.1939 -0.6937
vn -0.1421 -0.9796 -0.1421
vn -0.7071 -0.0000 -0.7071
vn -0.1421 0.9796 -0.1421
vn -0.6937 -0.1939 -0.6937
vn -0.5138 0.3805 -0.7689
vn -0.5450 0.1939 -0.8157
vn -0.2155 -0.9217 -0.3225
vn -0.1117 -0.9796 -0.1671
vn -0.5556 -0.0000 -0.8315
vn -0.1117 0.9796 -0.1671
vn -0.5450 -0.1939 -0.8157
vn -0.2155 0.9217 -0.3225
vn -0.5138 -0.3805 -0.7689
vn -0.3110 0.8286 -0.4654
vn -0.4630 -0.5528 -0.6929
vn -0.3945 0.7041 -0.5905
vn -0.3945 -0.7041 -0.5905
vn -0.4630 0.5528 -0.6929
vn -0.3110 -0.8286 -0.4654
vn -0.3539 -0.3805 -0.8544
vn -0.3189 -0.5528 -0.7699
vn -0.2142 0.8286 -0.5172
vn -0.2718 0.7041 -0.6561
vn -0.2718 -0.7041 -0.6561
vn -0.3189 0.5528 -0.7699
vn -0.2142 -0.8286 -0.5172
vn -0.3539 0.3805 -0.8544
vn -0.1484 -0.9217 -0.3584
vn -0.3754 0.1939 -0.9063
vn -0.0769 -0.9796 -0.1857
vn -0.3827 -0.0000 -0.9239
vn -0.0769 0.9796 -0.1857
vn -0.3754 -0.1939 -0.9063
vn -0.1484 0.9217 -0.3584
vn -0.0757 -0.9217 -0.3804
vn -0.0392 -0.9796 -0.1971
vn -0.1914 0.1939 -0.9622
vn -0.1951 -0.0000 -0.9808
vn -0.0392 0.9796 -0.1971
vn -0.1914 -0.1939 -0.9622
vn -0.0757 0.9217 -0.3804
vn -0.1804 -0.3805 -0.9070
vn -0.1092 0.8286 -0.5490
vn -0.1626 -0.5528 -0.8173
vn -0.1385 0.7041 -0.6965
vn -0.1385 -0.7041 -0.6965
vn -0.1626 0.5528 -0.8173
vn -0.1092 -0.8286 -0.5490
vn -0.1804 0.3805 -0.9070
vt 0.093778 0.970248
vt 0.094092 0.970248
vt 0.094092 0.970538
vt 0.093778 0.970538
vt 0.094406 0.970248
vt 0.094406 0.970538
vt 0.094720 0.970248
vt 0.094720 0.970538
vt 0.095034 0.970248
vt 0.095034 0.970538
vt 0.095348 0.970248
vt 0.095348 0.970538
vt 0.095662 0.970248
vt 0.095662 0.970538
vt 0.095977 0.970248
vt 0.095977 0.970538
vt 0.096291 0.970248
vt 0.096291 0.970538
vt 0.091265 0.970248
vt 0.091579 0.970248
vt 0.091579 0.970538
vt 0.091265 0.970538
vt 0.091893 0.970248
vt 0.091893 0.970538
vt 0.092207 0.970248
vt 0.092207 0.970538
vt 0.092522 0.970248
vt 0.092522 0.970538
vt 0.092836 0.970248
vt 0.092836 0.970538
vt 0.093150 0.970248
vt 0.093150 0.970538
vt 0.093464 0.970248
vt 0.093464 0.970538
vt 0.093778 0.969861
vt 0.094092 0.969861
vt 0.094406 0.969861
vt 0.094720 0.969861
vt 0.095034 0.969861
vt 0.095348 0.969861
vt 0.095662 0.969861
vt 0.095977 0.969861
vt 0.096291 0.969861
vt 0.091265 0.969861
vt 0.091579 0.969861
vt 0.091893 0.969861
vt 0.092207 0.969861
vt 0.092522 0.969861
vt 0.092836 0.969861
vt 0.093150 0.969861
vt 0.093464 0.969861
vt 0.093778 0.969455
vt 0.094092 0.969455
vt 0.094406 0.969455
vt 0.094720 0.969455
vt 0.095034 0.969455
vt 0.095348 0.969455
vt 0.095662 0.969455
vt 0.095977 0.969455
vt 0.096291 0.969455
vt 0.091265 0.969455
vt 0.091579 0.969455
vt 0.091893 0.969455
vt 0.092207 0.969455
vt 0.092522 0.969455
vt 0.092836 0.969455
vt 0.093150 0.969455
vt 0.093464 0.969455
vt 0.093778 0.969007
vt 0.094092 0.969007
vt 0.094406 0.969007
vt 0.094720 0.969007
vt 0.095034 0.969007
vt 0.095348 0.969007
vt 0.095662 0.969007
vt 0.095977 0.969007
vt 0.096291 0.969007
vt 0.091265 0.969007
vt 0.091579 0.969007
vt 0.091893 0.969007
vt 0.092207 0.969007
vt 0.092522 0.969007
vt 0.092836 0.969007
vt 0.093150 0.969007
vt 0.093464 0.969007
vt 0.093778 0.968549
vt 0.094092 0.968549
vt 0.094406 0.968549
vt 0.094720 0.968549
vt 0.095034 0.968549
vt 0.095348 0.968549
vt 0.095662 0.968549
vt 0.095977 0.968549
vt 0.096291 0.968549
vt 0.091265 0.968549
vt 0.091579 0.968549
vt 0.091893 0.968549
vt 0.092207 0.968549
vt 0.092522 0.968549
vt 0.092836 0.968549
vt 0.093150 0.968549
vt 0.093464 0.968549
vt 0.093778 0.968136
vt 0.094092 0.968136
vt 0.094406 0.968136
vt 0.094720 0.968136
vt 0.095034 0.968136
vt 0.095348 0.968136
vt 0.095662 0.968136
vt 0.095977 0.968136
vt 0.096291 0.968136
vt 0.091265 0.968136
vt 0.091579 0.968136
vt 0.091893 0.968136
vt 0.092207 0.968136
vt 0.092522 0.968136
vt 0.092836 0.968136
vt 0.093150 0.968136
vt 0.093464 0.968136
vt 0.093778 0.967770
vt 0.094092 0.967770
vt 0.094406 0.967770
vt 0.094720 0.967770
vt 0.095034 0.967770
vt 0.095348 0.967770
vt 0.095662 0.967770
vt 0.095977 0.967770
vt 0.096291 0.967770
vt 0.091265 0.967770
vt 0.091579 0.967770
vt 0.091893 0.967770
vt 0.092207 0.967770
vt 0.092522 0.967770
vt 0.092836 0.967770
vt 0.093150 0.967770
vt 0.093464 0.967770
vt 0.093778 0.967455
vt 0.094092 0.967455
vt 0.094406 0.967455
vt 0.094720 0.967455
vt 0.095034 0.967455
vt 0.095348 0.967455
vt 0.095662 0.967455
vt 0.095977 0.967455
vt 0.096291 0.967455
vt 0.091265 0.967455
vt 0.091579 0.967455
vt 0.091893 0.967455
vt 0.092207 0.967455
vt 0.092522 0.967455
vt 0.092836 0.967455
vt 0.093150 0.967455
vt 0.093464 0.967455
vt 0.093778 0.967203
vt 0.094092 0.967203
vt 0.094406 0.967203
vt 0.094720 0.967203
vt 0.095034 0.967203
vt 0.095348 0.967203
vt 0.095662 0.967203
vt 0.095977 0.967203
vt 0.096291 0.967203
vt 0.091265 0.967203
vt 0.091579 0.967203
vt 0.091893 0.967203
vt 0.092207 0.967203
vt 0.092522 0.967203
vt 0.092836 0.967203
vt 0.093150 0.967203
vt 0.093464 0.967203
vt 0.093778 0.967043
vt 0.094092 0.967043
vt 0.094406 0.967043
vt 0.094720 0.967043
vt 0.095034 0.967043
vt 0.095348 0.967043
vt 0.095662 0.967043
vt 0.095977 0.967043
vt 0.096291 0.967043
vt 0.091265 0.967043
vt 0.091579 0.967043
vt 0.091893 0.967043
vt 0.092207 0.967043
vt 0.092522 0.967043
vt 0.092836 0.967043
vt 0.093150 0.967043
vt 0.093464 0.967043
vt 0.093876 0.970827
vt 0.093909 0.970820
vt 0.093909 0.970907
vt 0.093847 0.970845
vt 0.093829 0.970874
vt 0.093822 0.970907
vt 0.093829 0.970940
vt 0.093847 0.970968
vt 0.093876 0.970987
vt 0.093909 0.970993
vt 0.093942 0.970987
vt 0.093970 0.970968
vt 0.093989 0.970940
vt 0.093995 0.970907
vt 0.093989 0.970874
vt 0.093970 0.970845
vt 0.091808 0.971258
vt 0.091876 0.971258
vt 0.091876 0.971507
vt 0.091808 0.971507
vt 0.091944 0.971258
vt 0.091944 0.971507
vt 0.092012 0.971258
vt 0.092012 0.971507
vt 0.092080 0.971258
vt 0.092080 0.971507
vt 0.092148 0.971258
vt 0.092148 0.971507
vt 0.092215 0.971258
vt 0.092215 0.971507
vt 0.092283 0.971258
vt 0.092283 0.971507
vt 0.092351 0.971258
vt 0.092351 0.971507
vt 0.091265 0.971258
vt 0.091333 0.971258
vt 0.091333 0.971507
vt 0.091265 0.971507
vt 0.091401 0.971258
vt 0.091401 0.971507
vt 0.091469 0.971258
vt 0.091469 0.971507
vt 0.091537 0.971258
vt 0.091537 0.971507
vt 0.091605 0.971258
vt 0.091605 0.971507
vt 0.091672 0.971258
vt 0.091672 0.971507
vt 0.091740 0.971258
vt 0.091740 0.971507
vt 0.091808 0.971021
vt 0.091876 0.971021
vt 0.091944 0.971021
vt 0.092012 0.971021
vt 0.092080 0.971021
vt 0.092148 0.971021
vt 0.092215 0.971021
vt 0.092283 0.971021
vt 0.092351 0.971021
vt 0.091265 0.971021
vt 0.091333 0.971021
vt 0.091401 0.971021
vt 0.091469 0.971021
vt 0.091537 0.971021
vt 0.091605 0.971021
vt 0.091672 0.971021
vt 0.091740 0.971021
vt 0.094092 0.970771
vt 0.093778 0.970771
vt 0.094406 0.970771
vt 0.094720 0.970771
vt 0.095034 0.970771
vt 0.095348 0.970771
vt 0.095662 0.970771
vt 0.095977 0.970771
vt 0.096291 0.970771
vt 0.091579 0.970771
vt 0.091265 0.970771
vt 0.091893 0.970771
vt 0.092207 0.970771
vt 0.092522 0.970771
vt 0.092836 0.970771
vt 0.093150 0.970771
vt 0.093464 0.970771
vt 0.091808 0.970820
vt 0.091876 0.970820
vt 0.091944 0.970820
vt 0.092012 0.970820
vt 0.092080 0.970820
vt 0.092148 0.970820
vt 0.092215 0.970820
vt 0.092283 0.970820
vt 0.092351 0.970820
vt 0.091265 0.970820
vt 0.091333 0.970820
vt 0.091401 0.970820
vt 0.091469 0.970820
vt 0.091537 0.970820
vt 0.091605 0.970820
vt 0.091672 0.970820
vt 0.091740 0.970820
vt 0.093942 0.970827
vt 0.093464 0.966931
vt 0.093778 0.966931
vt 0.093150 0.966931
vt 0.092836 0.966931
vt 0.092522 0.966931
vt 0.092207 0.966931
vt 0.091893 0.966931
vt 0.091579 0.966931
vt 0.091265 0.966931
vt 0.095977 0.966931
vt 0.096291 0.966931
vt 0.095662 0.966931
vt 0.095348 0.966931
vt 0.095034 0.966931
vt 0.094720 0.966931
vt 0.094406 0.966931
vt 0.094092 0.966931
vt 0.092391 0.970857
vt 0.092573 0.970857
vt 0.092573 0.970894
vt 0.092391 0.970894
vt 0.092391 0.970820
vt 0.092573 0.970820
vt 0.092391 0.971078
vt 0.092573 0.971078
vt 0.092573 0.971115
vt 0.092391 0.971115
vt 0.092391 0.971041
vt 0.092573 0.971041
vt 0.092391 0.971004
vt 0.092573 0.971004
vt 0.092391 0.970968
vt 0.092573 0.970968
vt 0.092391 0.970931
vt 0.092573 0.970931
vt 0.092754 0.970857
vt 0.092754 0.970894
vt 0.092754 0.970820
vt 0.092754 0.971078
vt 0.092754 0.971115
vt 0.092754 0.971041
vt 0.092754 0.971004
vt 0.092754 0.970968
vt 0.092754 0.970931
vt 0.092914 0.970857
vt 0.092914 0.970894
vt 0.092914 0.970820
vt 0.092914 0.971078
vt 0.092914 0.971115
vt 0.092914 0.971041
vt 0.092914 0.971004
vt 0.092914 0.970968
vt 0.092914 0.970931
vt 0.093073 0.970857
vt 0.093073 0.970894
vt 0.093073 0.970820
vt 0.093073 0.971078
vt 0.093073 0.971115
vt 0.093073 0.971041
vt 0.093073 0.971004
vt 0.093073 0.970968
vt 0.093073 0.970931
vt 0.093229 0.970857
vt 0.093229 0.970894
vt 0.093229 0.970820
vt 0.093229 0.971078
vt 0.093229 0.971115
vt 0.093229 0.971041
vt 0.093229 0.971004
vt 0.093229 0.970968
vt 0.093229 0.970931
vt 0.093387 0.970857
vt 0.093387 0.970894
vt 0.093387 0.970820
vt 0.093387 0.971078
vt 0.093387 0.971115
vt 0.093387 0.971041
vt 0.093387 0.971004
vt 0.093387 0.970968
vt 0.093387 0.970931
vt 0.093507 0.970857
vt 0.093507 0.970894
vt 0.093507 0.970820
vt 0.093507 0.971078
vt 0.093507 0.971115
vt 0.093507 0.971041
vt 0.093507 0.971004
vt 0.093507 0.970968
vt 0.093507 0.970931
vt 0.093619 0.970857
vt 0.093619 0.970894
vt 0.093619 0.970820
vt 0.093619 0.971078
vt 0.093619 0.971115
vt 0.093619 0.971041
vt 0.093619 0.971004
vt 0.093619 0.970968
vt 0.093619 0.970931
vt 0.093722 0.970885
vt 0.093685 0.970885
vt 0.093694 0.970858
vt 0.093722 0.970847
vt 0.093695 0.970912
vt 0.093722 0.970923
vt 0.093721 0.970949
vt 0.093676 0.970930
vt 0.093658 0.970885
vt 0.093677 0.970840
vt 0.093720 0.970821
vt 0.093749 0.970858
vt 0.093766 0.970838
vt 0.093760 0.970885
vt 0.093786 0.970883
vt 0.093748 0.970911
vt 0.093767 0.970930
vt 0.031975 0.970659
vt 0.031975 0.970790
vt 0.031909 0.970790
vt 0.031909 0.970659
vt 0.031975 0.969608
vt 0.031975 0.969739
vt 0.031909 0.969739
vt 0.031909 0.969608
vt 0.031975 0.970528
vt 0.031909 0.970528
vt 0.031975 0.969477
vt 0.031909 0.969477
vt 0.031975 0.970396
vt 0.031909 0.970396
vt 0.031975 0.969345
vt 0.031909 0.969345
vt 0.031975 0.970265
vt 0.031909 0.970265
vt 0.031975 0.969214
vt 0.031909 0.969214
vt 0.031975 0.970134
vt 0.031909 0.970134
vt 0.031975 0.971053
vt 0.031942 0.971184
vt 0.031909 0.971053
vt 0.031942 0.969083
vt 0.031975 0.970002
vt 0.031909 0.970002
vt 0.031975 0.970922
vt 0.031909 0.970922
vt 0.031975 0.969871
vt 0.031909 0.969871
vt 0.031844 0.970002
vt 0.031844 0.969871
vt 0.031844 0.970922
vt 0.031844 0.970790
vt 0.031844 0.969739
vt 0.031844 0.970659
vt 0.031844 0.969608
vt 0.031844 0.970528
vt 0.031844 0.969477
vt 0.031844 0.970396
vt 0.031844 0.969345
vt 0.031844 0.970265
vt 0.031844 0.969214
vt 0.031844 0.970134
vt 0.031876 0.971184
vt 0.031844 0.971053
vt 0.031876 0.969083
vt 0.031778 0.969477
vt 0.031778 0.969345
vt 0.031778 0.970396
vt 0.031778 0.970265
vt 0.031778 0.969214
vt 0.031778 0.970134
vt 0.031811 0.971184
vt 0.031778 0.971053
vt 0.031811 0.969083
vt 0.031778 0.970002
vt 0.031778 0.970922
vt 0.031778 0.969871
vt 0.031778 0.970790
vt 0.031778 0.969739
vt 0.031778 0.970659
vt 0.031778 0.969608
vt 0.031778 0.970528
vt 0.031712 0.969871
vt 0.031712 0.969739
vt 0.031712 0.970790
vt 0.031712 0.970659
vt 0.031712 0.969608
vt 0.031712 0.970528
vt 0.031712 0.969477
vt 0.031712 0.970396
vt 0.031712 0.969345
vt 0.031712 0.970265
vt 0.031712 0.969214
vt 0.031712 0.970134
vt 0.031745 0.971184
vt 0.031712 0.971053
vt 0.031745 0.969083
vt 0.031712 0.970002
vt 0.031712 0.970922
vt 0.031647 0.969345
vt 0.031647 0.969214
vt 0.031647 0.970265
vt 0.031647 0.970134
vt 0.031679 0.971184
vt 0.031647 0.971053
vt 0.031679 0.969083
vt 0.031647 0.970002
vt 0.031647 0.970922
vt 0.031647 0.969871
vt 0.031647 0.970790
vt 0.031647 0.969739
vt 0.031647 0.970659
vt 0.031647 0.969608
vt 0.031647 0.970528
vt 0.031647 0.969477
vt 0.031647 0.970396
vt 0.031581 0.970790
vt 0.031581 0.970659
vt 0.031581 0.969739
vt 0.031581 0.969608
vt 0.031581 0.970528
vt 0.031581 0.969477
vt 0.031581 0.970396
vt 0.031581 0.969345
vt 0.031581 0.970265
vt 0.031581 0.969214
vt 0.031581 0.970134
vt 0.031614 0.971184
vt 0.031581 0.971053
vt 0.031614 0.969083
vt 0.031581 0.970002
vt 0.031581 0.970922
vt 0.031581 0.969871
vt 0.031515 0.970265
vt 0.031515 0.970134
vt 0.031548 0.971184
vt 0.031515 0.971053
vt 0.031548 0.969083
vt 0.031515 0.969214
vt 0.031515 0.970002
vt 0.031515 0.970922
vt 0.031515 0.969871
vt 0.031515 0.970790
vt 0.031515 0.969739
vt 0.031515 0.970659
vt 0.031515 0.969608
vt 0.031515 0.970528
vt 0.031515 0.969477
vt 0.031515 0.970396
vt 0.031515 0.969345
vt 0.031450 0.969739
vt 0.031450 0.969608
vt 0.031450 0.970659
vt 0.031450 0.970528
vt 0.031450 0.969477
vt 0.031450 0.970396
vt 0.031450 0.969345
vt 0.031450 0.970265
vt 0.031450 0.969214
vt 0.031450 0.970134
vt 0.031482 0.971184
vt 0.031450 0.971053
vt 0.031482 0.969083
vt 0.031450 0.970002
vt 0.031450 0.970922
vt 0.031450 0.969871
vt 0.031450 0.970790
vt 0.031417 0.971184
vt 0.031384 0.971053
vt 0.031417 0.969083
vt 0.031384 0.969214
vt 0.031384 0.970134
vt 0.031384 0.970002
vt 0.031384 0.970922
vt 0.031384 0.969871
vt 0.031384 0.970790
vt 0.031384 0.969739
vt 0.031384 0.970659
vt 0.031384 0.969608
vt 0.031384 0.970528
vt 0.031384 0.969477
vt 0.031384 0.970396
vt 0.031384 0.969345
vt 0.031384 0.970265
vt 0.031318 0.970659
vt 0.031318 0.970528
vt 0.031318 0.969608
vt 0.031318 0.969477
vt 0.031318 0.970396
vt 0.031318 0.969345
vt 0.031318 0.970265
vt 0.031318 0.969214
vt 0.031318 0.970134
vt 0.031351 0.971184
vt 0.031318 0.971053
vt 0.031351 0.969083
vt 0.031318 0.970002
vt 0.031318 0.970922
vt 0.031318 0.969871
vt 0.031318 0.970790
vt 0.031318 0.969739
vt 0.031253 0.970134
vt 0.031253 0.970002
vt 0.031253 0.971053
vt 0.031253 0.970922
vt 0.031253 0.969871
vt 0.031253 0.970790
vt 0.031253 0.969739
vt 0.031253 0.970659
vt 0.031253 0.969608
vt 0.031253 0.970528
vt 0.031253 0.969477
vt 0.031253 0.970396
vt 0.031253 0.969345
vt 0.031253 0.970265
vt 0.031253 0.969214
vt 0.031285 0.971184
vt 0.031285 0.969083
vt 0.031187 0.969608
vt 0.031187 0.969477
vt 0.031187 0.970528
vt 0.031187 0.970396
vt 0.031187 0.969345
vt 0.031187 0.970265
vt 0.031187 0.969214
vt 0.031187 0.970134
vt 0.031220 0.971184
vt 0.031187 0.971053
vt 0.031220 0.969083
vt 0.031187 0.970002
vt 0.031187 0.970922
vt 0.031187 0.969871
vt 0.031187 0.970790
vt 0.031187 0.969739
vt 0.031187 0.970659
vt 0.031121 0.970002
vt 0.031121 0.969871
vt 0.031121 0.970922
vt 0.031121 0.970790
vt 0.031121 0.969739
vt 0.031121 0.970659
vt 0.031121 0.969608
vt 0.031121 0.970528
vt 0.031121 0.969477
vt 0.031121 0.970396
vt 0.031121 0.969345
vt 0.031121 0.970265
vt 0.031121 0.969214
vt 0.031121 0.970134
vt 0.031154 0.971184
vt 0.031121 0.971053
vt 0.031154 0.969083
vt 0.031055 0.969477
vt 0.031055 0.969345
vt 0.031055 0.970396
vt 0.031055 0.970265
vt 0.031055 0.969214
vt 0.031055 0.970134
vt 0.031088 0.971184
vt 0.031055 0.971053
vt 0.031088 0.969083
vt 0.031055 0.970002
vt 0.031055 0.970922
vt 0.031055 0.969871
vt 0.031055 0.970790
vt 0.031055 0.969739
vt 0.031055 0.970659
vt 0.031055 0.969608
vt 0.031055 0.970528
vt 0.030990 0.970922
vt 0.030990 0.970790
vt 0.030990 0.969871
vt 0.030990 0.969739
vt 0.030990 0.970659
vt 0.030990 0.969608
vt 0.030990 0.970528
vt 0.030990 0.969477
vt 0.030990 0.970396
vt 0.030990 0.969345
vt 0.030990 0.970265
vt 0.030990 0.969214
vt 0.030990 0.970134
vt 0.031023 0.971184
vt 0.030990 0.971053
vt 0.031023 0.969083
vt 0.030990 0.970002
vt 0.030924 0.970396
vt 0.030924 0.970265
vt 0.030924 0.969345
vt 0.030924 0.969214
vt 0.030924 0.970134
vt 0.030957 0.971184
vt 0.030924 0.971053
vt 0.030957 0.969083
vt 0.030924 0.970002
vt 0.030924 0.970922
vt 0.030924 0.969871
vt 0.030924 0.970790
vt 0.030924 0.969739
vt 0.030924 0.970659
vt 0.030924 0.969608
vt 0.030924 0.970528
vt 0.030924 0.969477
vt 0.030858 0.969871
vt 0.030858 0.969739
vt 0.030858 0.970790
vt 0.030858 0.970659
vt 0.030858 0.969608
vt 0.030858 0.970528
vt 0.030858 0.969477
vt 0.030858 0.970396
vt 0.030858 0.969345
vt 0.030858 0.970265
vt 0.030858 0.969214
vt 0.030858 0.970134
vt 0.030891 0.971184
vt 0.030858 0.971053
vt 0.030891 0.969083
vt 0.030858 0.970002
vt 0.030858 0.970922
vt 0.030793 0.969345
vt 0.030793 0.969214
vt 0.030793 0.970265
vt 0.030793 0.970134
vt 0.030826 0.971184
vt 0.030793 0.971053
vt 0.030826 0.969083
vt 0.030793 0.970002
vt 0.030793 0.970922
vt 0.030793 0.969871
vt 0.030793 0.970790
vt 0.030793 0.969739
vt 0.030793 0.970659
vt 0.030793 0.969608
vt 0.030793 0.970528
vt 0.030793 0.969477
vt 0.030793 0.970396
vt 0.030727 0.970790
vt 0.030727 0.970659
vt 0.030727 0.969739
vt 0.030727 0.969608
vt 0.030727 0.970528
vt 0.030727 0.969477
vt 0.030727 0.970396
vt 0.030727 0.969345
vt 0.030727 0.970265
vt 0.030727 0.969214
vt 0.030727 0.970134
vt 0.030760 0.971184
vt 0.030727 0.971053
vt 0.030760 0.969083
vt 0.030727 0.970002
vt 0.030727 0.970922
vt 0.030727 0.969871
vt 0.030661 0.970265
vt 0.030661 0.970134
vt 0.030694 0.971184
vt 0.030661 0.971053
vt 0.030694 0.969083
vt 0.030661 0.969214
vt 0.030661 0.970002
vt 0.030661 0.970922
vt 0.030661 0.969871
vt 0.030661 0.970790
vt 0.030661 0.969739
vt 0.030661 0.970659
vt 0.030661 0.969608
vt 0.030661 0.970528
vt 0.030661 0.969477
vt 0.030661 0.970396
vt 0.030661 0.969345
vt 0.030596 0.969739
vt 0.030596 0.969608
vt 0.030596 0.970659
vt 0.030596 0.970528
vt 0.030596 0.969477
vt 0.030596 0.970396
vt 0.030596 0.969345
vt 0.030596 0.970265
vt 0.030596 0.969214
vt 0.030596 0.970134
vt 0.030629 0.971184
vt 0.030596 0.971053
vt 0.030629 0.969083
vt 0.030596 0.970002
vt 0.030596 0.970922
vt 0.030596 0.969871
vt 0.030596 0.970790
vt 0.030563 0.969083
vt 0.030530 0.969214
vt 0.030530 0.970134
vt 0.030530 0.970002
vt 0.030530 0.971053
vt 0.030530 0.970922
vt 0.030530 0.969871
vt 0.030530 0.970790
vt 0.030530 0.969739
vt 0.030530 0.970659
vt 0.030530 0.969608
vt 0.030530 0.970528
vt 0.030530 0.969477
vt 0.030530 0.970396
vt 0.030530 0.969345
vt 0.030530 0.970265
vt 0.030563 0.971184
vt 0.030464 0.969608
vt 0.030464 0.969477
vt 0.030464 0.970528
vt 0.030464 0.970396
vt 0.030464 0.969345
vt 0.030464 0.970265
vt 0.030464 0.969214
vt 0.030464 0.970134
vt 0.030497 0.971184
vt 0.030464 0.971053
vt 0.030497 0.969083
vt 0.030464 0.970002
vt 0.030464 0.970922
vt 0.030464 0.969871
vt 0.030464 0.970790
vt 0.030464 0.969739
vt 0.030464 0.970659
vt 0.030399 0.971053
vt 0.030399 0.970922
vt 0.030399 0.970002
vt 0.030399 0.969871
vt 0.030399 0.970790
vt 0.030399 0.969739
vt 0.030399 0.970659
vt 0.030399 0.969608
vt 0.030399 0.970528
vt 0.030399 0.969477
vt 0.030399 0.970396
vt 0.030399 0.969345
vt 0.030399 0.970265
vt 0.030399 0.969214
vt 0.030399 0.970134
vt 0.030432 0.971184
vt 0.030432 0.969083
vt 0.032500 0.970396
vt 0.032500 0.970528
vt 0.032435 0.970528
vt 0.032435 0.970396
vt 0.032500 0.969345
vt 0.032500 0.969477
vt 0.032435 0.969477
vt 0.032435 0.969345
vt 0.032500 0.970265
vt 0.032435 0.970265
vt 0.032500 0.969214
vt 0.032435 0.969214
vt 0.032500 0.970134
vt 0.032435 0.970134
vt 0.032500 0.971053
vt 0.032468 0.971184
vt 0.032435 0.971053
vt 0.032468 0.969083
vt 0.032500 0.970002
vt 0.032435 0.970002
vt 0.032500 0.970922
vt 0.032435 0.970922
vt 0.032500 0.969871
vt 0.032435 0.969871
vt 0.032500 0.970790
vt 0.032435 0.970790
vt 0.032500 0.969739
vt 0.032435 0.969739
vt 0.032500 0.970659
vt 0.032435 0.970659
vt 0.032500 0.969608
vt 0.032435 0.969608
vt 0.032369 0.970002
vt 0.032369 0.969871
vt 0.032369 0.970922
vt 0.032369 0.970790
vt 0.032369 0.969739
vt 0.032369 0.970659
vt 0.032369 0.969608
vt 0.032369 0.970528
vt 0.032369 0.969477
vt 0.032369 0.970396
vt 0.032369 0.969345
vt 0.032369 0.970265
vt 0.032369 0.969214
vt 0.032369 0.970134
vt 0.032402 0.971184
vt 0.032369 0.971053
vt 0.032402 0.969083
vt 0.032303 0.969477
vt 0.032303 0.969345
vt 0.032303 0.970396
vt 0.032303 0.970265
vt 0.032303 0.969214
vt 0.032303 0.970134
vt 0.032336 0.971184
vt 0.032303 0.971053
vt 0.032336 0.969083
vt 0.032303 0.970002
vt 0.032303 0.970922
vt 0.032303 0.969871
vt 0.032303 0.970790
vt 0.032303 0.969739
vt 0.032303 0.970659
vt 0.032303 0.969608
vt 0.032303 0.970528
vt 0.032238 0.970922
vt 0.032238 0.970790
vt 0.032238 0.969871
vt 0.032238 0.969739
vt 0.032238 0.970659
vt 0.032238 0.969608
vt 0.032238 0.970528
vt 0.032238 0.969477
vt 0.032238 0.970396
vt 0.032238 0.969345
vt 0.032238 0.970265
vt 0.032238 0.969214
vt 0.032238 0.970134
vt 0.032271 0.971184
vt 0.032238 0.971053
vt 0.032271 0.969083
vt 0.032238 0.970002
vt 0.032172 0.970396
vt 0.032172 0.970265
vt 0.032172 0.969345
vt 0.032172 0.969214
vt 0.032172 0.970134
vt 0.032205 0.971184
vt 0.032172 0.971053
vt 0.032205 0.969083
vt 0.032172 0.970002
vt 0.032172 0.970922
vt 0.032172 0.969871
vt 0.032172 0.970790
vt 0.032172 0.969739
vt 0.032172 0.970659
vt 0.032172 0.969608
vt 0.032172 0.970528
vt 0.032172 0.969477
vt 0.032106 0.969871
vt 0.032106 0.969739
vt 0.032106 0.970790
vt 0.032106 0.970659
vt 0.032106 0.969608
vt 0.032106 0.970528
vt 0.032106 0.969477
vt 0.032106 0.970396
vt 0.032106 0.969345
vt 0.032106 0.970265
vt 0.032106 0.969214
vt 0.032106 0.970134
vt 0.032139 0.971184
vt 0.032106 0.971053
vt 0.032139 0.969083
vt 0.032106 0.970002
vt 0.032106 0.970922
vt 0.032041 0.969345
vt 0.032041 0.969214
vt 0.032041 0.970265
vt 0.032041 0.970134
vt 0.032073 0.971184
vt 0.032041 0.971053
vt 0.032073 0.969083
vt 0.032041 0.970002
vt 0.032041 0.970922
vt 0.032041 0.969871
vt 0.032041 0.970790
vt 0.032041 0.969739
vt 0.032041 0.970659
vt 0.032041 0.969608
vt 0.032041 0.970528
vt 0.032041 0.969477
vt 0.032041 0.970396
vt 0.032008 0.971184
vt 0.032008 0.969083
vt 0.031187 0.969083
vt 0.031712 0.969083
vt 0.031712 0.971184
vt 0.031187 0.971184
s 1
usemtl GMHead
f 2/1/1 17/2/2 16/3/3 1/4/4
f 17/2/2 32/5/5 31/6/6 16/3/3
f 32/5/5 47/7/7 46/8/8 31/6/6
f 47/7/7 62/9/9 61/10/10 46/8/8
f 62/9/9 77/11/11 76/12/12 61/10/10
f 77/11/11 92/13/13 91/14/14 76/12/12
f 92/13/13 107/15/15 106/16/16 91/14/14
f 107/15/15 122/17/17 121/18/18 106/16/16
f 122/19/17 137/20/19 136/21/20 121/22/18
f 137/20/19 152/23/21 151/24/22 136/21/20
f 152/23/21 167/25/23 166/26/24 151/24/22
f 167/25/23 182/27/25 181/28/26 166/26/24
f 182/27/25 197/29/27 196/30/28 181/28/26
f 197/29/27 212/31/29 211/32/30 196/30/28
f 212/31/29 228/33/31 227/34/32 211/32/30
f 228/33/31 2/1/1 1/4/4 227/34/32
f 3/35/33 18/36/34 17/2/2 2/1/1
f 18/36/34 33/37/35 32/5/5 17/2/2
f 33/37/35 48/38/36 47/7/7 32/5/5
f 48/38/36 63/39/37 62/9/9 47/7/7
f 63/39/37 78/40/38 77/11/11 62/9/9
f 78/40/38 93/41/39 92/13/13 77/11/11
f 93/41/39 108/42/40 107/15/15 92/13/13
f 108/42/40 123/43/41 122/17/17 107/15/15
f 123/44/41 138/45/42 137/20/19 122/19/17
f 138/45/42 153/46/43 152/23/21 137/20/19
f 153/46/43 168/47/44 167/25/23 152/23/21
f 168/47/44 183/48/45 182/27/25 167/25/23
f 183/48/45 198/49/46 197/29/27 182/27/25
f 198/49/46 213/50/47 212/31/29 197/29/27
f 213/50/47 229/51/48 228/33/31 212/31/29
f 229/51/48 3/35/33 2/1/1 228/33/31
f 4/52/49 19/53/50 18/36/34 3/35/33
f 19/53/50 34/54/51 33/37/35 18/36/34
f 34/54/51 49/55/52 48/38/36 33/37/35
f 49/55/52 64/56/53 63/39/37 48/38/36
f 64/56/53 79/57/54 78/40/38 63/39/37
f 79/57/54 94/58/55 93/41/39 78/40/38
f 94/58/55 109/59/56 108/42/40 93/41/39
f 109/59/56 124/60/57 123/43/41 108/42/40
f 124/61/57 139/62/58 138/45/42 123/44/41
f 139/62/58 154/63/59 153/46/43 138/45/42
f 154/63/59 169/64/60 168/47/44 153/46/43
f 169/64/60 184/65/61 183/48/45 168/47/44
f 184/65/61 199/66/62 198/49/46 183/48/45
f 199/66/62 214/67/63 213/50/47 198/49/46
f 214/67/63 230/68/64 229/51/48 213/50/47
f 230/68/64 4/52/49 3/35/33 229/51/48
f 5/69/65 20/70/66 19/53/50 4/52/49
f 20/70/66 35/71/67 34/54/51 19/53/50
f 35/71/67 50/72/68 49/55/52 34/54/51
f 50/72/68 65/73/69 64/56/53 49/55/52
f 65/73/69 80/74/70 79/57/54 64/56/53
f 80/74/70 95/75/71 94/58/55 79/57/54
f 95/75/71 110/76/72 109/59/56 94/58/55
f 110/76/72 125/77/73 124/60/57 109/59/56
f 125/78/73 140/79/74 139/62/58 124/61/57
f 140/79/74 155/80/75 154/63/59 139/62/58
f 155/80/75 170/81/76 169/64/60 154/63/59
f 170/81/76 185/82/77 184/65/61 169/64/60
f 185/82/77 200/83/78 199/66/62 184/65/61
f 200/83/78 215/84/79 214/67/63 199/66/62
f 215/84/79 231/85/80 230/68/64 214/67/63
f 231/85/80 5/69/65 4/52/49 230/68/64
f 6/86/81 21/87/82 20/70/66 5/69/65
f 21/87/82 36/88/83 35/71/67 20/70/66
f 36/88/83 51/89/84 50/72/68 35/71/67
f 51/89/84 66/90/85 65/73/69 50/72/68
f 66/90/85 81/91/86 80/74/70 65/73/69
f 81/91/86 96/92/87 95/75/71 80/74/70
f 96/92/87 111/93/88 110/76/72 95/75/71
f 111/93/88 126/94/89 125/77/73 110/76/72
f 126/95/89 141/96/90 140/79/74 125/78/73
f 141/96/90 156/97/91 155/80/75 140/79/74
f 156/97/91 171/98/92 170/81/76 155/80/75
f 171/98/92 186/99/93 185/82/77 170/81/76
f 186/99/93 201/100/94 200/83/78 185/82/77
f 201/100/94 216/101/95 215/84/79 200/83/78
f 216/101/95 232/102/96 231/85/80 215/84/79
f 232/102/96 6/86/81 5/69/65 231/85/80
f 7/103/97 22/104/98 21/87/82 6/86/81
f 22/104/98 37/105/99 36/88/83 21/87/82
f 37/105/99 52/106/100 51/89/84 36/88/83
f 52/106/100 67/107/101 66/90/85 51/89/84
f 67/107/101 82/108/102 81/91/86 66/90/85
f 82/108/102 97/109/103 96/92/87 81/91/86
f 97/109/103 112/110/104 111/93/88 96/92/87
f 112/110/104 127/111/105 126/94/89 111/93/88
f 127/112/105 142/113/106 141/96/90 126/95/89
f 142/113/106 157/114/107 156/97/91 141/96/90
f 157/114/107 172/115/108 171/98/92 156/97/91
f 172/115/108 187/116/109 186/99/93 171/98/92
f 187/116/109 202/117/110 201/100/94 186/99/93
f 202/117/110 217/118/111 216/101/95 201/100/94
f 217/118/111 233/119/112 232/102/96 216/101/95
f 233/119/112 7/103/97 6/86/81 232/102/96
f 8/120/113 23/121/114 22/104/98 7/103/97
f 23/121/114 38/122/115 37/105/99 22/104/98
f 38/122/115 53/123/116 52/106/100 37/105/99
f 53/123/116 68/124/117 67/107/101 52/106/100
f 68/124/117 83/125/118 82/108/102 67/107/101
f 83/125/118 98/126/119 97/109/103 82/108/102
f 98/126/119 113/127/120 112/110/104 97/109/103
f 113/127/120 128/128/121 127/111/105 112/110/104
f 128/129/121 143/130/122 142/113/106 127/112/105
f 143/130/122 158/131/123 157/114/107 142/113/106
f 158/131/123 173/132/124 172/115/108 157/114/107
f 173/132/124 188/133/125 187/116/109 172/115/108
f 188/133/125 203/134/126 202/117/110 187/116/109
f 203/134/126 218/135/127 217/118/111 202/117/110
f 218/135/127 234/136/128 233/119/112 217/118/111
f 234/136/128 8/120/113 7/103/97 233/119/112
f 9/137/129 24/138/130 23/121/114 8/120/113
f 24/138/130 39/139/131 38/122/115 23/121/114
f 39/139/131 54/140/132 53/123/116 38/122/115
f 54/140/132 69/141/133 68/124/117 53/123/116
f 69/141/133 84/142/134 83/125/118 68/124/117
f 84/142/134 99/143/135 98/126/119 83/125/118
f 99/143/135 114/144/136 113/127/120 98/126/119
f 114/144/136 129/145/137 128/128/121 113/127/120
f 129/146/137 144/147/138 143/130/122 128/129/121
f 144/147/138 159/148/139 158/131/123 143/130/122
f 159/148/139 174/149/140 173/132/124 158/131/123
f 174/149/140 189/150/141 188/133/125 173/132/124
f 189/150/141 204/151/142 203/134/126 188/133/125
f 204/151/142 219/152/143 218/135/127 203/134/126
f 219/152/143 235/153/144 234/136/128 218/135/127
f 235/153/144 9/137/129 8/120/113 234/136/128
f 10/154/145 25/155/146 24/138/130 9/137/129
f 25/155/146 40/156/147 39/139/131 24/138/130
f 40/156/147 55/157/148 54/140/132 39/139/131
f 55/157/148 70/158/149 69/141/133 54/140/132
f 70/158/149 85/159/150 84/142/134 69/141/133
f 85/159/150 100/160/151 99/143/135 84/142/134
f 100/160/151 115/161/152 114/144/136 99/143/135
f 115/161/152 130/162/153 129/145/137 114/144/136
f 130/163/153 145/164/154 144/147/138 129/146/137
f 145/164/154 160/165/155 159/148/139 144/147/138
f 160/165/155 175/166/156 174/149/140 159/148/139
f 175/166/156 190/167/157 189/150/141 174/149/140
f 190/167/157 205/168/158 204/151/142 189/150/141
f 205/168/158 220/169/159 219/152/143 204/151/142
f 220/169/159 236/170/160 235/153/144 219/152/143
f 236/170/160 10/154/145 9/137/129 235/153/144
f 242/171/161 243/172/162 25/155/146 10/154/145
f 243/172/162 244/173/163 40/156/147 25/155/146
f 244/173/163 245/174/164 55/157/148 40/156/147
f 245/174/164 246/175/165 70/158/149 55/157/148
f 246/175/165 247/176/166 85/159/150 70/158/149
f 247/176/166 248/177/167 100/160/151 85/159/150
f 248/177/167 249/178/168 115/161/152 100/160/151
f 249/178/168 250/179/169 130/162/153 115/161/152
f 250/180/169 251/181/170 145/164/154 130/163/153
f 251/181/170 252/182/171 160/165/155 145/164/154
f 252/182/171 253/183/172 175/166/156 160/165/155
f 253/183/172 254/184/173 190/167/157 175/166/156
f 254/184/173 255/185/174 205/168/158 190/167/157
f 255/185/174 256/186/175 220/169/159 205/168/158
f 256/186/175 257/187/176 236/170/160 220/169/159
f 257/187/176 242/171/161 10/154/145 236/170/160
f 56/188/177 41/189/178 222/190/179 71/191/180
f 86/192/181 71/191/180 222/190/179 101/193/182
f 116/194/183 101/193/182 222/190/179 131/195/184
f 146/196/185 131/195/184 222/190/179 161/197/186
f 176/198/187 161/197/186 222/190/179 191/199/188
f 206/200/189 191/199/188 222/190/179 221/201/190
f 237/202/191 221/201/190 222/190/179 11/203/192
f 13/204/193 28/205/194 27/206/195 12/207/196
f 28/205/194 43/208/197 42/209/198 27/206/195
f 43/208/197 58/210/199 57/211/200 42/209/198
f 58/210/199 73/212/201 72/213/202 57/211/200
f 73/212/201 88/214/203 87/215/204 72/213/202
f 88/214/203 103/216/205 102/217/206 87/215/204
f 103/216/205 118/218/207 117/219/208 102/217/206
f 118/218/207 133/220/209 132/221/210 117/219/208
f 133/222/209 148/223/211 147/224/212 132/225/210
f 148/223/211 163/226/213 162/227/214 147/224/212
f 163/226/213 178/228/215 177/229/216 162/227/214
f 178/228/215 193/230/217 192/231/218 177/229/216
f 193/230/217 208/232/219 207/233/220 192/231/218
f 208/232/219 224/234/221 223/235/222 207/233/220
f 224/234/221 239/236/223 238/237/224 223/235/222
f 239/236/223 13/204/193 12/207/196 238/237/224
f 15/238/225 30/239/226 28/205/194 13/204/193
f 30/239/226 45/240/227 43/208/197 28/205/194
f 45/240/227 60/241/228 58/210/199 43/208/197
f 60/241/228 75/242/229 73/212/201 58/210/199
f 75/242/229 90/243/230 88/214/203 73/212/201
f 90/243/230 105/244/231 103/216/205 88/214/203
f 105/244/231 120/245/232 118/218/207 103/216/205
f 120/245/232 135/246/233 133/220/209 118/218/207
f 135/247/233 150/248/234 148/223/211 133/222/209
f 150/248/234 165/249/235 163/226/213 148/223/211
f 165/249/235 180/250/236 178/228/215 163/226/213
f 180/250/236 195/251/237 193/230/217 178/228/215
f 195/251/237 210/252/238 208/232/219 193/230/217
f 210/252/238 226/253/239 224/234/221 208/232/219
f 226/253/239 241/254/240 239/236/223 224/234/221
f 241/254/240 15/238/225 13/204/193 239/236/223
f 1/4/4 16/3/3 29/255/241 14/256/242
f 16/3/3 31/6/6 44/257/243 29/255/241
f 31/6/6 46/8/8 59/258/244 44/257/243
f 46/8/8 61/10/10 74/259/245 59/258/244
f 61/10/10 76/12/12 89/260/246 74/259/245
f 76/12/12 91/14/14 104/261/247 89/260/246
f 91/14/14 106/16/16 119/262/248 104/261/247
f 106/16/16 121/18/18 134/263/249 119/262/248
f 121/22/18 136/21/20 149/264/250 134/265/249
f 136/21/20 151/24/22 164/266/251 149/264/250
f 151/24/22 166/26/24 179/267/252 164/266/251
f 166/26/24 181/28/26 194/268/253 179/267/252
f 181/28/26 196/30/28 209/269/254 194/268/253
f 196/30/28 211/32/30 225/270/255 209/269/254
f 211/32/30 227/34/32 240/271/256 225/270/255
f 227/34/32 1/4/4 14/256/242 240/271/256
f 14/272/242 29/273/241 30/239/226 15/238/225
f 29/273/241 44/274/243 45/240/227 30/239/226
f 44/274/243 59/275/244 60/241/228 45/240/227
f 59/275/244 74/276/245 75/242/229 60/241/228
f 74/276/245 89/277/246 90/243/230 75/242/229
f 89/277/246 104/278/247 105/244/231 90/243/230
f 104/278/247 119/279/248 120/245/232 105/244/231
f 119/279/248 134/280/249 135/246/233 120/245/232
f 134/281/249 149/282/250 150/248/234 135/247/233
f 149/282/250 164/283/251 165/249/235 150/248/234
f 164/283/251 179/284/252 180/250/236 165/249/235
f 179/284/252 194/285/253 195/251/237 180/250/236
f 194/285/253 209/286/254 210/252/238 195/251/237
f 209/286/254 225/287/255 226/253/239 210/252/238
f 225/287/255 240/288/256 241/254/240 226/253/239
f 240/288/256 14/272/242 15/238/225 241/254/240
f 26/289/257 11/203/192 222/190/179 41/189/178
f 237/290/191 11/291/192 242/171/161 257/187/176
f 221/292/190 237/290/191 257/187/176 256/186/175
f 206/293/189 221/292/190 256/186/175 255/185/174
f 191/294/188 206/293/189 255/185/174 254/184/173
f 176/295/187 191/294/188 254/184/173 253/183/172
f 161/296/186 176/295/187 253/183/172 252/182/171
f 146/297/185 161/296/186 252/182/171 251/181/170
f 131/298/184 146/297/185 251/181/170 250/180/169
f 116/299/183 131/300/184 250/179/169 249/178/168
f 101/301/182 116/299/183 249/178/168 248/177/167
f 86/302/181 101/301/182 248/177/167 247/176/166
f 71/303/180 86/302/181 247/176/166 246/175/165
f 56/304/177 71/303/180 246/175/165 245/174/164
f 41/305/178 56/304/177 245/174/164 244/173/163
f 26/306/257 41/305/178 244/173/163 243/172/162
f 11/291/192 26/306/257 243/172/162 242/171/161
f 258/307/258 266/308/259 273/309/260 265/310/261
f 259/311/262 267/312/263 266/308/259 258/307/258
f 260/313/264 268/314/265 267/315/263 259/316/262
f 261/317/266 269/318/267 268/314/265 260/313/264
f 262/319/268 270/320/269 269/318/267 261/317/266
f 263/321/270 271/322/271 270/320/269 262/319/268
f 264/323/272 272/324/273 271/322/271 263/321/270
f 265/310/261 273/309/260 272/324/273 264/323/272
f 266/308/259 274/325/274 281/326/275 273/309/260
f 267/312/263 275/327/276 274/325/274 266/308/259
f 268/314/265 276/328/277 275/329/276 267/315/263
f 269/318/267 277/330/278 276/328/277 268/314/265
f 270/320/269 278/331/279 277/330/278 269/318/267
f 271/322/271 279/332/280 278/331/279 270/320/269
f 272/324/273 280/333/281 279/332/280 271/322/271
f 273/309/260 281/326/275 280/333/281 272/324/273
f 274/325/274 282/334/282 289/335/283 281/326/275
f 275/327/276 283/336/284 282/334/282 274/325/274
f 276/328/277 284/337/285 283/338/284 275/329/276
f 277/330/278 285/339/286 284/337/285 276/328/277
f 278/331/279 286/340/287 285/339/286 277/330/278
f 279/332/280 287/341/288 286/340/287 278/331/279
f 280/333/281 288/342/289 287/341/288 279/332/280
f 281/326/275 289/335/283 288/342/289 280/333/281
f 282/334/282 290/343/290 297/344/291 289/335/283
f 283/336/284 291/345/292 290/343/290 282/334/282
f 284/337/285 292/346/293 291/347/292 283/338/284
f 285/339/286 293/348/294 292/346/293 284/337/285
f 286/340/287 294/349/295 293/348/294 285/339/286
f 287/341/288 295/350/296 294/349/295 286/340/287
f 288/342/289 296/351/297 295/350/296 287/341/288
f 289/335/283 297/344/291 296/351/297 288/342/289
f 290/343/290 298/352/298 305/353/299 297/344/291
f 291/345/292 299/354/300 298/352/298 290/343/290
f 292/346/293 300/355/301 299/356/300 291/347/292
f 293/348/294 301/357/302 300/355/301 292/346/293
f 294/349/295 302/358/303 301/357/302 293/348/294
f 295/350/296 303/359/304 302/358/303 294/349/295
f 296/351/297 304/360/305 303/359/304 295/350/296
f 297/344/291 305/353/299 304/360/305 296/351/297
f 298/352/298 306/361/306 313/362/307 305/353/299
f 299/354/300 307/363/308 306/361/306 298/352/298
f 300/355/301 308/364/309 307/365/308 299/356/300
f 301/357/302 309/366/310 308/364/309 300/355/301
f 302/358/303 310/367/311 309/366/310 301/357/302
f 303/359/304 311/368/312 310/367/311 302/358/303
f 304/360/305 312/369/313 311/368/312 303/359/304
f 305/353/299 313/362/307 312/369/313 304/360/305
f 306/361/306 314/370/314 321/371/315 313/362/307
f 307/363/308 315/372/316 314/370/314 306/361/306
f 308/364/309 316/373/317 315/374/316 307/365/308
f 309/366/310 317/375/318 316/373/317 308/364/309
f 310/367/311 318/376/319 317/375/318 309/366/310
f 311/368/312 319/377/320 318/376/319 310/367/311
f 312/369/313 320/378/321 319/377/320 311/368/312
f 313/362/307 321/371/315 320/378/321 312/369/313
f 314/370/314 330/379/322 331/380/323 321/371/315
f 315/372/316 332/381/324 330/379/322 314/370/314
f 316/373/317 333/382/325 332/383/324 315/374/316
f 317/375/318 334/384/326 333/382/325 316/373/317
f 318/376/319 335/385/327 334/384/326 317/375/318
f 319/377/320 336/386/328 335/385/327 318/376/319
f 320/378/321 337/387/329 336/386/328 319/377/320
f 321/371/315 331/380/323 337/387/329 320/378/321
f 338/388/330 323/389/331 324/390/332 325/391/333
f 322/392/334 329/393/335 331/394/323 330/395/322
f 323/389/331 322/392/334 330/395/322 332/396/324
f 324/390/332 323/389/331 332/396/324 333/397/325
f 325/391/333 324/390/332 333/397/325 334/398/326
f 326/399/336 325/391/333 334/398/326 335/400/327
f 327/401/337 326/399/336 335/400/327 336/402/328
f 328/403/338 327/401/337 336/402/328 337/404/329
f 329/393/335 328/403/338 337/404/329 331/394/323
f 329/393/335 322/392/334 323/389/331 338/388/330
f 328/403/338 329/393/335 338/388/330 327/401/337
f 327/401/337 338/388/330 325/391/333 326/399/336
f 814/405/339 340/406/340 349/407/341 350/408/342
f 817/409/343 345/410/344 357/411/345 358/412/346
f 341/413/347 814/405/339 350/408/342 351/414/348
f 818/415/349 817/409/343 358/412/346 359/416/350
f 815/417/351 341/413/347 351/414/348 352/418/352
f 819/419/353 818/415/349 359/416/350 360/420/354
f 342/421/355 815/417/351 352/418/352 353/422/356
f 820/423/357 819/419/353 360/420/354 361/424/358
f 343/425/359 342/421/355 353/422/356 354/426/360
f 812/427/361 339/428/362 347/429/363
f 346/430/179 820/423/357 361/424/358
f 344/431/364 343/425/359 354/426/360 355/432/365
f 813/433/366 812/427/361 347/429/363 348/434/367
f 816/435/368 344/431/364 355/432/365 356/436/369
f 340/406/340 813/433/366 348/434/367 349/407/341
f 345/410/344 816/435/368 356/436/369 357/411/345
f 356/436/369 355/432/365 370/437/370 371/438/371
f 349/407/341 348/434/367 363/439/372 364/440/373
f 357/411/345 356/436/369 371/438/371 372/441/374
f 350/408/342 349/407/341 364/440/373 365/442/375
f 358/412/346 357/411/345 372/441/374 373/443/376
f 351/414/348 350/408/342 365/442/375 366/444/377
f 359/416/350 358/412/346 373/443/376 374/445/378
f 352/418/352 351/414/348 366/444/377 367/446/379
f 360/420/354 359/416/350 374/445/378 375/447/380
f 353/422/356 352/418/352 367/446/379 368/448/381
f 361/424/358 360/420/354 375/447/380 376/449/382
f 354/426/360 353/422/356 368/448/381 369/450/383
f 347/429/363 339/451/362 362/452/384
f 346/453/179 361/424/358 376/449/382
f 355/432/365 354/426/360 369/450/383 370/437/370
f 348/434/367 347/429/363 362/452/384 363/439/372
f 375/447/380 374/445/378 389/454/385 390/455/386
f 368/448/381 367/446/379 382/456/387 383/457/388
f 376/449/382 375/447/380 390/455/386 391/458/389
f 369/450/383 368/448/381 383/457/388 384/459/390
f 362/452/384 339/460/362 377/461/391
f 346/462/179 376/449/382 391/458/389
f 370/437/370 369/450/383 384/459/390 385/463/392
f 363/439/372 362/452/384 377/461/391 378/464/393
f 371/438/371 370/437/370 385/463/392 386/465/394
f 364/440/373 363/439/372 378/464/393 379/466/395
f 372/441/374 371/438/371 386/465/394 387/467/396
f 365/442/375 364/440/373 379/466/395 380/468/397
f 373/443/376 372/441/374 387/467/396 388/469/398
f 366/444/377 365/442/375 380/468/397 381/470/399
f 374/445/378 373/443/376 388/469/398 389/454/385
f 367/446/379 366/444/377 381/470/399 382/456/387
f 387/467/396 386/465/394 401/471/400 402/472/401
f 380/468/397 379/466/395 394/473/402 395/474/403
f 388/469/398 387/467/396 402/472/401 403/475/404
f 381/470/399 380/468/397 395/474/403 396/476/405
f 389/454/385 388/469/398 403/475/404 404/477/406
f 382/456/387 381/470/399 396/476/405 397/478/407
f 390/455/386 389/454/385 404/477/406 405/479/408
f 383/457/388 382/456/387 397/478/407 398/480/409
f 391/458/389 390/455/386 405/479/408 406/481/410
f 384/459/390 383/457/388 398/480/409 399/482/411
f 377/461/391 339/483/362 392/484/412
f 346/485/179 391/458/389 406/481/410
f 385/463/392 384/459/390 399/482/411 400/486/413
f 378/464/393 377/461/391 392/484/412 393/487/414
f 386/465/394 385/463/392 400/486/413 401/471/400
f 379/466/395 378/464/393 393/487/414 394/473/402
f 406/481/410 405/479/408 420/488/415 421/489/416
f 399/482/411 398/480/409 413/490/417 414/491/418
f 392/484/412 339/492/362 407/493/419
f 346/494/179 406/481/410 421/489/416
f 400/486/413 399/482/411 414/491/418 415/495/420
f 393/487/414 392/484/412 407/493/419 408/496/421
f 401/471/400 400/486/413 415/495/420 416/497/422
f 394/473/402 393/487/414 408/496/421 409/498/423
f 402/472/401 401/471/400 416/497/422 417/499/424
f 395/474/403 394/473/402 409/498/423 410/500/425
f 403/475/404 402/472/401 417/499/424 418/501/426
f 396/476/405 395/474/403 410/500/425 411/502/427
f 404/477/406 403/475/404 418/501/426 419/503/428
f 397/478/407 396/476/405 411/502/427 412/504/429
f 405/479/408 404/477/406 419/503/428 420/488/415
f 398/480/409 397/478/407 412/504/429 413/490/417
f 410/500/425 409/498/423 424/505/430 425/506/431
f 418/501/426 417/499/424 432/507/432 433/508/433
f 411/502/427 410/500/425 425/506/431 426/509/434
f 419/503/428 418/501/426 433/508/433 434/510/435
f 412/504/429 411/502/427 426/509/434 427/511/436
f 420/488/415 419/503/428 434/510/435 435/512/437
f 413/490/417 412/504/429 427/511/436 428/513/438
f 421/489/416 420/488/415 435/512/437 436/514/439
f 414/491/418 413/490/417 428/513/438 429/515/440
f 407/493/419 339/516/362 422/517/441
f 346/518/179 421/489/416 436/514/439
f 415/495/420 414/491/418 429/515/440 430/519/442
f 408/496/421 407/493/419 422/517/441 423/520/443
f 416/497/422 415/495/420 430/519/442 431/521/444
f 409/498/423 408/496/421 423/520/443 424/505/430
f 417/499/424 416/497/422 431/521/444 432/507/432
f 429/515/440 428/513/438 443/522/445 444/523/446
f 422/517/441 339/524/362 437/525/447
f 346/526/179 436/514/439 451/527/448
f 430/519/442 429/515/440 444/523/446 445/528/449
f 423/520/443 422/517/441 437/525/447 438/529/450
f 431/521/444 430/519/442 445/528/449 446/530/451
f 424/505/430 423/520/443 438/529/450 439/531/452
f 432/507/432 431/521/444 446/530/451 447/532/453
f 425/506/431 424/505/430 439/531/452 440/533/454
f 433/508/433 432/507/432 447/532/453 448/534/455
f 426/509/434 425/506/431 440/533/454 441/535/456
f 434/510/435 433/508/433 448/534/455 449/536/457
f 427/511/436 426/509/434 441/535/456 442/537/458
f 435/512/437 434/510/435 449/536/457 450/538/459
f 428/513/438 427/511/436 442/537/458 443/522/445
f 436/514/439 435/512/437 450/538/459 451/527/448
f 448/534/455 447/532/453 462/539/460 463/540/461
f 441/535/456 440/533/454 455/541/462 456/542/463
f 449/536/457 448/534/455 463/540/461 464/543/464
f 442/537/458 441/535/456 456/542/463 457/544/465
f 450/538/459 449/536/457 464/543/464 465/545/466
f 443/522/445 442/537/458 457/544/465 458/546/467
f 451/527/448 450/538/459 465/545/466 466/547/468
f 444/523/446 443/522/445 458/546/467 459/548/469
f 437/525/447 339/549/362 452/550/470
f 346/551/179 451/527/448 466/547/468
f 445/528/449 444/523/446 459/548/469 460/552/471
f 438/529/450 437/525/447 452/550/470 453/553/472
f 446/530/451 445/528/449 460/552/471 461/554/473
f 439/531/452 438/529/450 453/553/472 454/555/474
f 447/532/453 446/530/451 461/554/473 462/539/460
f 440/533/454 439/531/452 454/555/474 455/541/462
f 452/550/470 339/556/362 467/557/475
f 346/558/179 466/547/468 481/559/476
f 460/552/471 459/548/469 474/560/477 475/561/478
f 453/553/472 452/550/470 467/557/475 468/562/479
f 461/554/473 460/552/471 475/561/478 476/563/480
f 454/555/474 453/553/472 468/562/479 469/564/481
f 462/539/460 461/554/473 476/563/480 477/565/482
f 455/541/462 454/555/474 469/564/481 470/566/483
f 463/540/461 462/539/460 477/565/482 478/567/484
f 456/542/463 455/541/462 470/566/483 471/568/485
f 464/543/464 463/540/461 478/567/484 479/569/486
f 457/544/465 456/542/463 471/568/485 472/570/487
f 465/545/466 464/543/464 479/569/486 480/571/488
f 458/546/467 457/544/465 472/570/487 473/572/489
f 466/547/468 465/545/466 480/571/488 481/559/476
f 459/548/469 458/546/467 473/572/489 474/560/477
f 471/568/485 470/566/483 485/573/490 486/574/491
f 479/569/486 478/567/484 493/575/492 494/576/493
f 472/570/487 471/568/485 486/574/491 487/577/494
f 480/571/488 479/569/486 494/576/493 495/578/495
f 473/572/489 472/570/487 487/577/494 488/579/496
f 481/559/476 480/571/488 495/578/495 496/580/497
f 474/560/477 473/572/489 488/579/496 489/581/498
f 467/557/475 339/582/362 482/583/499
f 346/584/179 481/559/476 496/580/497
f 475/561/478 474/560/477 489/581/498 490/585/500
f 468/562/479 467/557/475 482/583/499 483/586/501
f 476/563/480 475/561/478 490/585/500 491/587/502
f 469/564/481 468/562/479 483/586/501 484/588/503
f 477/565/482 476/563/480 491/587/502 492/589/504
f 470/566/483 469/564/481 484/588/503 485/573/490
f 478/567/484 477/565/482 492/589/504 493/575/492
f 490/585/500 489/581/498 504/590/505 505/591/506
f 483/586/501 482/583/499 497/592/507 498/593/508
f 491/587/502 490/585/500 505/591/506 506/594/509
f 484/588/503 483/586/501 498/593/508 499/595/510
f 492/589/504 491/587/502 506/594/509 507/596/511
f 485/573/490 484/588/503 499/595/510 500/597/512
f 493/575/492 492/589/504 507/596/511 508/598/513
f 486/574/491 485/573/490 500/597/512 501/599/514
f 494/576/493 493/575/492 508/598/513 509/600/515
f 487/577/494 486/574/491 501/599/514 502/601/516
f 495/578/495 494/576/493 509/600/515 510/602/517
f 488/579/496 487/577/494 502/601/516 503/603/518
f 496/580/497 495/578/495 510/602/517 511/604/519
f 489/581/498 488/579/496 503/603/518 504/590/505
f 482/583/499 339/605/362 497/592/507
f 346/606/179 496/580/497 511/604/519
f 509/600/515 508/598/513 523/607/520 524/608/521
f 502/601/516 501/599/514 516/609/522 517/610/523
f 510/602/517 509/600/515 524/608/521 525/611/524
f 503/603/518 502/601/516 517/610/523 518/612/525
f 511/604/519 510/602/517 525/611/524 526/613/526
f 504/590/505 503/603/518 518/612/525 519/614/527
f 497/592/507 339/615/362 512/616/528
f 346/617/179 511/604/519 526/613/526
f 505/591/506 504/590/505 519/614/527 520/618/529
f 498/593/508 497/592/507 512/616/528 513/619/530
f 506/594/509 505/591/506 520/618/529 521/620/531
f 499/595/510 498/593/508 513/619/530 514/621/532
f 507/596/511 506/594/509 521/620/531 522/622/533
f 500/597/512 499/595/510 514/621/532 515/623/534
f 508/598/513 507/596/511 522/622/533 523/607/520
f 501/599/514 500/597/512 515/623/534 516/609/522
f 521/620/531 520/618/529 535/624/535 536/625/536
f 514/621/532 513/619/530 528/626/537 529/627/538
f 522/622/533 521/620/531 536/625/536 537/628/539
f 515/623/534 514/621/532 529/627/538 530/629/540
f 523/607/520 522/622/533 537/628/539 538/630/541
f 516/609/522 515/623/534 530/629/540 531/631/542
f 524/608/521 523/607/520 538/630/541 539/632/543
f 517/610/523 516/609/522 531/631/542 532/633/544
f 525/611/524 524/608/521 539/632/543 540/634/545
f 518/612/525 517/610/523 532/633/544 533/635/546
f 526/613/526 525/611/524 540/634/545 541/636/547
f 519/614/527 518/612/525 533/635/546 534/637/548
f 512/616/528 339/638/362 527/639/549
f 346/640/179 526/613/526 541/636/547
f 520/618/529 519/614/527 534/637/548 535/624/535
f 513/619/530 512/616/528 527/639/549 528/626/537
f 540/634/545 539/632/543 554/641/550 555/642/551
f 533/635/546 532/633/544 547/643/552 548/644/553
f 541/636/547 540/634/545 555/642/551 556/645/554
f 534/637/548 533/635/546 548/644/553 549/646/555
f 527/639/549 339/647/362 542/648/556
f 346/649/179 541/636/547 556/645/554
f 535/624/535 534/637/548 549/646/555 550/650/557
f 528/626/537 527/639/549 542/648/556 543/651/558
f 536/625/536 535/624/535 550/650/557 551/652/559
f 529/627/538 528/626/537 543/651/558 544/653/560
f 537/628/539 536/625/536 551/652/559 552/654/561
f 530/629/540 529/627/538 544/653/560 545/655/562
f 538/630/541 537/628/539 552/654/561 553/656/563
f 531/631/542 530/629/540 545/655/562 546/657/564
f 539/632/543 538/630/541 553/656/563 554/641/550
f 532/633/544 531/631/542 546/657/564 547/643/552
f 544/653/560 543/651/558 558/658/565 559/659/566
f 552/654/561 551/652/559 566/660/567 567/661/568
f 545/655/562 544/653/560 559/659/566 560/662/569
f 553/656/563 552/654/561 567/661/568 568/663/570
f 546/657/564 545/655/562 560/662/569 561/664/571
f 554/641/550 553/656/563 568/663/570 569/665/572
f 547/643/552 546/657/564 561/664/571 562/666/573
f 555/642/551 554/641/550 569/665/572 570/667/574
f 548/644/553 547/643/552 562/666/573 563/668/575
f 556/645/554 555/642/551 570/667/574 571/669/576
f 549/646/555 548/644/553 563/668/575 564/670/577
f 542/648/556 339/671/362 557/672/578
f 346/673/179 556/645/554 571/669/576
f 550/650/557 549/646/555 564/670/577 565/674/579
f 543/651/558 542/648/556 557/672/578 558/658/565
f 551/652/559 550/650/557 565/674/579 566/660/567
f 563/668/575 562/666/573 577/675/580 578/676/581
f 571/669/576 570/667/574 585/677/582 586/678/583
f 564/670/577 563/668/575 578/676/581 579/679/584
f 557/672/578 339/680/362 572/681/585
f 346/682/179 571/669/576 586/678/583
f 565/674/579 564/670/577 579/679/584 580/683/586
f 558/658/565 557/672/578 572/681/585 573/684/587
f 566/660/567 565/674/579 580/683/586 581/685/588
f 559/659/566 558/658/565 573/684/587 574/686/589
f 567/661/568 566/660/567 581/685/588 582/687/590
f 560/662/569 559/659/566 574/686/589 575/688/591
f 568/663/570 567/661/568 582/687/590 583/689/592
f 561/664/571 560/662/569 575/688/591 576/690/593
f 569/665/572 568/663/570 583/689/592 584/691/594
f 562/666/573 561/664/571 576/690/593 577/675/580
f 570/667/574 569/665/572 584/691/594 585/677/582
f 582/687/590 581/685/588 596/692/595 597/693/596
f 575/688/591 574/686/589 589/694/597 590/695/598
f 583/689/592 582/687/590 597/693/596 598/696/599
f 576/690/593 575/688/591 590/695/598 591/697/600
f 584/691/594 583/689/592 598/696/599 599/698/601
f 577/675/580 576/690/593 591/697/600 592/699/602
f 585/677/582 584/691/594 599/698/601 600/700/603
f 578/676/581 577/675/580 592/699/602 593/701/604
f 586/678/583 585/677/582 600/700/603 601/702/605
f 579/679/584 578/676/581 593/701/604 594/703/606
f 572/681/585 339/704/362 587/705/607
f 346/706/179 586/678/583 601/702/605
f 580/683/586 579/679/584 594/703/606 595/707/608
f 573/684/587 572/681/585 587/705/607 588/708/609
f 581/685/588 580/683/586 595/707/608 596/692/595
f 574/686/589 573/684/587 588/708/609 589/694/597
f 601/702/605 600/700/603 615/709/610 616/710/611
f 594/703/606 593/701/604 608/711/612 609/712/613
f 587/705/607 339/713/362 602/714/614
f 346/715/179 601/702/605 616/710/611
f 595/707/608 594/703/606 609/712/613 610/716/615
f 588/708/609 587/705/607 602/714/614 603/717/616
f 596/692/595 595/707/608 610/716/615 611/718/617
f 589/694/597 588/708/609 603/717/616 604/719/618
f 597/693/596 596/692/595 611/718/617 612/720/619
f 590/695/598 589/694/597 604/719/618 605/721/620
f 598/696/599 597/693/596 612/720/619 613/722/621
f 591/697/600 590/695/598 605/721/620 606/723/622
f 599/698/601 598/696/599 613/722/621 614/724/623
f 592/699/602 591/697/600 606/723/622 607/725/624
f 600/700/603 599/698/601 614/724/623 615/709/610
f 593/701/604 592/699/602 607/725/624 608/711/612
f 605/721/620 604/719/618 619/726/625 620/727/626
f 613/722/621 612/720/619 627/728/627 628/729/628
f 606/723/622 605/721/620 620/727/626 621/730/629
f 614/724/623 613/722/621 628/729/628 629/731/630
f 607/725/624 606/723/622 621/730/629 622/732/631
f 615/709/610 614/724/623 629/731/630 630/733/632
f 608/711/612 607/725/624 622/732/631 623/734/633
f 616/710/611 615/709/610 630/733/632 631/735/634
f 609/712/613 608/711/612 623/734/633 624/736/635
f 602/714/614 339/737/362 617/738/636
f 346/739/179 616/710/611 631/735/634
f 610/716/615 609/712/613 624/736/635 625/740/637
f 603/717/616 602/714/614 617/738/636 618/741/638
f 611/718/617 610/716/615 625/740/637 626/742/639
f 604/719/618 603/717/616 618/741/638 619/726/625
f 612/720/619 611/718/617 626/742/639 627/728/627
f 624/736/635 623/734/633 638/743/640 639/744/641
f 617/738/636 339/745/362 632/746/642
f 346/747/179 631/735/634 646/748/643
f 625/740/637 624/736/635 639/744/641 640/749/644
f 618/741/638 617/738/636 632/746/642 633/750/645
f 626/742/639 625/740/637 640/749/644 641/751/646
f 619/726/625 618/741/638 633/750/645 634/752/647
f 627/728/627 626/742/639 641/751/646 642/753/648
f 620/727/626 619/726/625 634/752/647 635/754/649
f 628/729/628 627/728/627 642/753/648 643/755/650
f 621/730/629 620/727/626 635/754/649 636/756/651
f 629/731/630 628/729/628 643/755/650 644/757/652
f 622/732/631 621/730/629 636/756/651 637/758/653
f 630/733/632 629/731/630 644/757/652 645/759/654
f 623/734/633 622/732/631 637/758/653 638/743/640
f 631/735/634 630/733/632 645/759/654 646/748/643
f 643/755/650 642/753/648 657/760/655 658/761/656
f 636/756/651 635/754/649 650/762/657 651/763/658
f 644/757/652 643/755/650 658/761/656 659/764/659
f 637/758/653 636/756/651 651/763/658 652/765/660
f 645/759/654 644/757/652 659/764/659 660/766/661
f 638/743/640 637/758/653 652/765/660 653/767/662
f 646/748/643 645/759/654 660/766/661 661/768/663
f 639/744/641 638/743/640 653/767/662 654/769/664
f 632/746/642 339/770/362 647/771/665
f 346/772/179 646/748/643 661/768/663
f 640/749/644 639/744/641 654/769/664 655/773/666
f 633/750/645 632/746/642 647/771/665 648/774/667
f 641/751/646 640/749/644 655/773/666 656/775/668
f 634/752/647 633/750/645 648/774/667 649/776/669
f 642/753/648 641/751/646 656/775/668 657/760/655
f 635/754/649 634/752/647 649/776/669 650/762/657
f 346/777/179 661/768/663 676/778/670
f 655/773/666 654/769/664 669/779/671 670/780/672
f 648/774/667 647/771/665 662/781/673 663/782/674
f 656/775/668 655/773/666 670/780/672 671/783/675
f 649/776/669 648/774/667 663/782/674 664/784/676
f 657/760/655 656/775/668 671/783/675 672/785/677
f 650/762/657 649/776/669 664/784/676 665/786/678
f 658/761/656 657/760/655 672/785/677 673/787/679
f 651/763/658 650/762/657 665/786/678 666/788/680
f 659/764/659 658/761/656 673/787/679 674/789/681
f 652/765/660 651/763/658 666/788/680 667/790/682
f 660/766/661 659/764/659 674/789/681 675/791/683
f 653/767/662 652/765/660 667/790/682 668/792/684
f 661/768/663 660/766/661 675/791/683 676/778/670
f 654/769/664 653/767/662 668/792/684 669/779/671
f 647/771/665 339/793/362 662/781/673
f 674/789/681 673/787/679 688/794/685 689/795/686
f 667/790/682 666/788/680 681/796/687 682/797/688
f 675/791/683 674/789/681 689/795/686 690/798/689
f 668/792/684 667/790/682 682/797/688 683/799/690
f 676/778/670 675/791/683 690/798/689 691/800/691
f 669/779/671 668/792/684 683/799/690 684/801/692
f 662/781/673 339/802/362 677/803/693
f 346/804/179 676/778/670 691/800/691
f 670/780/672 669/779/671 684/801/692 685/805/694
f 663/782/674 662/781/673 677/803/693 678/806/695
f 671/783/675 670/780/672 685/805/694 686/807/696
f 664/784/676 663/782/674 678/806/695 679/808/697
f 672/785/677 671/783/675 686/807/696 687/809/698
f 665/786/678 664/784/676 679/808/697 680/810/699
f 673/787/679 672/785/677 687/809/698 688/794/685
f 666/788/680 665/786/678 680/810/699 681/796/687
f 678/806/695 677/803/693 692/811/700 693/812/701
f 686/807/696 685/805/694 700/813/702 701/814/703
f 679/808/697 678/806/695 693/812/701 694/815/704
f 687/809/698 686/807/696 701/814/703 702/816/705
f 680/810/699 679/808/697 694/815/704 695/817/706
f 688/794/685 687/809/698 702/816/705 703/818/707
f 681/796/687 680/810/699 695/817/706 696/819/708
f 689/795/686 688/794/685 703/818/707 704/820/709
f 682/797/688 681/796/687 696/819/708 697/821/710
f 690/798/689 689/795/686 704/820/709 705/822/711
f 683/799/690 682/797/688 697/821/710 698/823/712
f 691/800/691 690/798/689 705/822/711 706/824/713
f 684/801/692 683/799/690 698/823/712 699/825/714
f 677/803/693 339/826/362 692/811/700
f 346/827/179 691/800/691 706/824/713
f 685/805/694 684/801/692 699/825/714 700/813/702
f 697/828/710 696/829/708 711/830/715 712/831/716
f 705/832/711 704/833/709 719/834/717 720/835/718
f 698/836/712 697/828/710 712/831/716 713/837/719
f 706/838/713 705/832/711 720/835/718 721/839/720
f 699/840/714 698/836/712 713/837/719 714/841/721
f 692/842/700 339/843/362 707/844/722
f 346/845/179 706/838/713 721/839/720
f 700/846/702 699/840/714 714/841/721 715/847/723
f 693/848/701 692/842/700 707/844/722 708/849/724
f 701/850/703 700/846/702 715/847/723 716/851/725
f 694/852/704 693/848/701 708/849/724 709/853/726
f 702/854/705 701/850/703 716/851/725 717/855/727
f 695/856/706 694/852/704 709/853/726 710/857/728
f 703/858/707 702/854/705 717/855/727 718/859/729
f 696/829/708 695/856/706 710/857/728 711/830/715
f 704/833/709 703/858/707 718/859/729 719/834/717
f 716/851/725 715/847/723 730/860/730 731/861/731
f 709/853/726 708/849/724 723/862/732 724/863/733
f 717/855/727 716/851/725 731/861/731 732/864/734
f 710/857/728 709/853/726 724/863/733 725/865/735
f 718/859/729 717/855/727 732/864/734 733/866/736
f 711/830/715 710/857/728 725/865/735 726/867/737
f 719/834/717 718/859/729 733/866/736 734/868/738
f 712/831/716 711/830/715 726/867/737 727/869/739
f 720/835/718 719/834/717 734/868/738 735/870/740
f 713/837/719 712/831/716 727/869/739 728/871/741
f 721/839/720 720/835/718 735/870/740 736/872/742
f 714/841/721 713/837/719 728/871/741 729/873/743
f 707/844/722 339/874/362 722/875/744
f 346/876/179 721/839/720 736/872/742
f 715/847/723 714/841/721 729/873/743 730/860/730
f 708/849/724 707/844/722 722/875/744 723/862/732
f 735/870/740 734/868/738 749/877/745 750/878/746
f 728/871/741 727/869/739 742/879/747 743/880/748
f 736/872/742 735/870/740 750/878/746 751/881/749
f 729/873/743 728/871/741 743/880/748 744/882/750
f 722/875/744 339/883/362 737/884/751
f 346/885/179 736/872/742 751/881/749
f 730/860/730 729/873/743 744/882/750 745/886/752
f 723/862/732 722/875/744 737/884/751 738/887/753
f 731/861/731 730/860/730 745/886/752 746/888/754
f 724/863/733 723/862/732 738/887/753 739/889/755
f 732/864/734 731/861/731 746/888/754 747/890/756
f 725/865/735 724/863/733 739/889/755 740/891/757
f 733/866/736 732/864/734 747/890/756 748/892/758
f 726/867/737 725/865/735 740/891/757 741/893/759
f 734/868/738 733/866/736 748/892/758 749/877/745
f 727/869/739 726/867/737 741/893/759 742/879/747
f 739/889/755 738/887/753 753/894/760 754/895/761
f 747/890/756 746/888/754 761/896/762 762/897/763
f 740/891/757 739/889/755 754/895/761 755/898/764
f 748/892/758 747/890/756 762/897/763 763/899/765
f 741/893/759 740/891/757 755/898/764 756/900/766
f 749/877/745 748/892/758 763/899/765 764/901/767
f 742/879/747 741/893/759 756/900/766 757/902/768
f 750/878/746 749/877/745 764/901/767 765/903/769
f 743/880/748 742/879/747 757/902/768 758/904/770
f 751/881/749 750/878/746 765/903/769 766/905/771
f 744/882/750 743/880/748 758/904/770 759/906/772
f 737/884/751 339/907/362 752/908/773
f 346/909/179 751/881/749 766/905/771
f 745/886/752 744/882/750 759/906/772 760/910/774
f 738/887/753 737/884/751 752/908/773 753/894/760
f 746/888/754 745/886/752 760/910/774 761/896/762
f 758/904/770 757/902/768 772/911/775 773/912/776
f 766/905/771 765/903/769 780/913/777 781/914/778
f 759/906/772 758/904/770 773/912/776 774/915/779
f 752/908/773 339/916/362 767/917/780
f 346/918/179 766/905/771 781/914/778
f 760/910/774 759/906/772 774/915/779 775/919/781
f 753/894/760 752/908/773 767/917/780 768/920/782
f 761/896/762 760/910/774 775/919/781 776/921/783
f 754/895/761 753/894/760 768/920/782 769/922/784
f 762/897/763 761/896/762 776/921/783 777/923/785
f 755/898/764 754/895/761 769/922/784 770/924/786
f 763/899/765 762/897/763 777/923/785 778/925/787
f 756/900/766 755/898/764 770/924/786 771/926/788
f 764/901/767 763/899/765 778/925/787 779/927/789
f 757/902/768 756/900/766 771/926/788 772/911/775
f 765/903/769 764/901/767 779/927/789 780/913/777
f 777/923/785 776/921/783 791/928/790 792/929/791
f 770/924/786 769/922/784 784/930/792 785/931/793
f 778/925/787 777/923/785 792/929/791 793/932/794
f 771/926/788 770/924/786 785/931/793 786/933/795
f 779/927/789 778/925/787 793/932/794 794/934/796
f 772/911/775 771/926/788 786/933/795 787/935/797
f 780/913/777 779/927/789 794/934/796 795/936/798
f 773/912/776 772/911/775 787/935/797 788/937/799
f 781/914/778 780/913/777 795/936/798 796/938/800
f 774/915/779 773/912/776 788/937/799 789/939/801
f 767/917/780 339/940/362 782/941/802
f 346/942/179 781/914/778 796/938/800
f 775/919/781 774/915/779 789/939/801 790/943/803
f 768/920/782 767/917/780 782/941/802 783/944/804
f 776/921/783 775/919/781 790/943/803 791/928/790
f 769/922/784 768/920/782 783/944/804 784/930/792
f 796/938/800 795/936/798 810/945/805 811/946/806
f 789/939/801 788/937/799 803/947/807 804/948/808
f 782/941/802 339/949/362 797/950/809
f 346/951/179 796/938/800 811/946/806
f 790/943/803 789/939/801 804/948/808 805/952/810
f 783/944/804 782/941/802 797/950/809 798/953/811
f 791/928/790 790/943/803 805/952/810 806/954/812
f 784/930/792 783/944/804 798/953/811 799/955/813
f 792/929/791 791/928/790 806/954/812 807/956/814
f 785/931/793 784/930/792 799/955/813 800/957/815
f 793/932/794 792/929/791 807/956/814 808/958/816
f 786/933/795 785/931/793 800/957/815 801/959/817
f 794/934/796 793/932/794 808/958/816 809/960/818
f 787/935/797 786/933/795 801/959/817 802/961/819
f 795/936/798 794/934/796 809/960/818 810/945/805
f 788/937/799 787/935/797 802/961/819 803/947/807
f 808/958/816 807/956/814 345/410/344 817/409/343
f 801/959/817 800/957/815 814/405/339 341/413/347
f 809/960/818 808/958/816 817/409/343 818/415/349
f 802/961/819 801/959/817 341/413/347 815/417/351
f 810/945/805 809/960/818 818/415/349 819/419/353
f 803/947/807 802/961/819 815/417/351 342/421/355
f 811/946/806 810/945/805 819/419/353 820/423/357
f 804/948/808 803/947/807 342/421/355 343/425/359
f 797/950/809 339/962/362 812/427/361
f 346/963/179 811/946/806 820/423/357
f 805/952/810 804/948/808 343/425/359 344/431/364
f 798/953/811 797/950/809 812/427/361 813/433/366
f 806/954/812 805/952/810 344/431/364 816/435/368
f 799/955/813 798/953/811 813/433/366 340/406/340
f 807/956/814 806/954/812 816/435/368 345/410/344
f 800/957/815 799/955/813 340/406/340 814/405/339
s 0
f 821/964/714 822/965/714 824/475/714 823/607/714
f 823/607/359 824/475/359 828/482/359 827/614/359
f 827/614/469 828/482/469 826/474/469 825/623/469
f 825/623/584 826/474/584 822/966/584 821/967/584
f 823/744/179 827/614/179 825/623/179 821/754/179
f 828/482/362 824/906/362 822/898/362 826/474/362
